user_latitude,user_longitude,problem_type,urgency_level,mechanic_latitude,mechanic_longitude,distance_km,mechanic_rating,open_24hrs,speciality_match,district,target
-1.928084,30.05011,Electrical Systems,1,-1.906357,30.052881,2.44,4.5,0,0,Nyarugenge,1
-2.114474,30.416952,Diagnostic Scanning,1,-2.138534,30.564394,16.6,4.3,0,0,Ngoma,1
-1.883413,30.46656,Exhaust System,1,-1.923311,30.467346,4.44,4.7,0,1,Rwamagana,0
-2.017189,30.095039,Brake System,1,-1.986497,30.146522,6.66,4.4,0,1,Kicukiro,1
-1.903256,30.726818,Oil Change,3,-1.889369,30.661145,7.46,3.0,0,0,Kayonza,0
-2.308358,29.730946,Bodywork,1,-2.32377,29.727368,1.76,4.3,0,0,Nyanza,1
-1.543642,29.638734,Bodywork,1,-1.57789,29.695436,7.36,3.0,0,0,Musanze,1
-2.104474,30.186333,Diagnostic Scanning,3,-2.257345,30.135785,17.9,3.7,0,0,Bugesera,0
-2.038706,29.726724,Suspension & Steering,1,-2.081906,29.747698,5.34,4.2,0,1,Muhanga,1
-1.437101,29.674541,Engine Repair,1,-1.570967,29.694584,15.05,4.7,0,0,Musanze,1
-1.992751,30.425341,Brake System,1,-1.955772,30.457515,5.45,4.3,0,1,Rwamagana,1
-2.239142,30.19661,Transmission Repair,1,-2.09853,30.099325,19.01,3.3,1,0,Bugesera,0
-1.460838,29.704802,Transmission Repair,1,-1.462285,29.660537,4.92,4.3,0,0,Musanze,1
-2.618136,29.735738,Diagnostic Scanning,3,-2.5557575,29.7144985,7.33,4.2,0,0,Huye,1
-1.779685,30.010787,Tire & Wheel,1,-1.682664,29.985992,11.13,4.4,0,0,Rulindo,0
-2.224618,30.193963,Electrical Systems,1,-2.045014,30.32811,24.92,4.4,1,1,Bugesera,0
-2.161313,30.549882,Air Conditioning,1,-2.119079,30.530762,5.15,5.0,0,0,Ngoma,1
-2.390021,29.793162,Diagnostic Scanning,1,-2.30502,29.742248,11.02,5.0,0,0,Nyanza,1
-2.109047,30.137496,Transmission Repair,1,-2.006717,30.287264,20.16,3.0,0,1,Bugesera,0
-1.533501,29.97795,Brake System,3,-1.5300884,30.0302841,5.83,3.0,0,0,Gicumbi,1
-1.934017,30.561325,Diagnostic Scanning,3,-1.880486,30.606045,7.75,4.6,1,0,Kayonza,1
-1.703624,30.102826,Air Conditioning,1,-1.700803,29.979596,13.7,4.3,0,0,Rulindo,1
-1.876313,30.08007,Air Conditioning,1,-1.944077,30.048263,8.32,4.7,0,1,Gasabo,1
-2.417632,29.678325,Welding,3,-2.342811,29.782274,14.23,4.5,0,0,Nyanza,1
-1.703056,30.065375,Welding,1,-1.736089,29.971933,11.02,4.6,1,0,Rulindo,0
-1.9535,30.113472,Brake System,1,-1.984992,30.120971,3.6,4.8,0,0,Kicukiro,0
-2.071427,29.759473,Transmission Repair,1,-2.08426,29.735285,3.04,4.4,0,0,Muhanga,1
-2.263836,30.147343,Oil Change,1,-2.1082817,30.1386767,17.32,5.0,0,1,Bugesera,1
-2.391375,30.643535,Welding,1,-2.124181,30.728235,31.17,4.1,0,1,Kirehe,0
-2.223212,30.071661,Bodywork,1,-1.979131,30.288038,36.26,4.5,0,0,Bugesera,0
-2.630606,29.711103,Tire & Wheel,1,-2.663429,29.731164,4.28,3.5,0,0,Huye,1
-2.139734,30.541102,Transmission Repair,3,-2.081239,30.586724,8.25,4.6,0,0,Ngoma,1
-1.65371,29.245022,Air Conditioning,3,-1.714461,29.299162,9.05,4.3,0,0,Rubavu,1
-2.013303,30.052271,Tire & Wheel,1,-1.931449,30.17728,16.61,3.0,0,0,Kicukiro,0
-2.223791,30.530025,Air Conditioning,1,-2.115165,30.600586,14.4,4.8,0,0,Ngoma,1
-1.950647,30.085125,Exhaust System,1,-1.949954,30.104428,2.15,4.8,1,0,Gasabo,1
-2.014769,30.119632,Air Conditioning,1,-1.931944,30.052399,11.86,4.2,0,1,Kicukiro,0
-2.193796,30.120302,Brake System,1,-2.018146,30.334497,30.79,4.5,1,1,Bugesera,0
-1.659155,29.23789,Electrical Systems,1,-1.613552,29.294587,8.09,4.2,1,1,Rubavu,1
-2.408759,30.743142,Electrical Systems,1,-2.334733,30.569824,20.94,4.5,0,1,Kirehe,0
-2.294627,29.771953,Welding,1,-2.337078,29.75036,5.3,5.0,0,0,Nyanza,0
-1.933082,30.127875,Engine Repair,1,-2.036976,30.06858,13.3,4.9,0,0,Kicukiro,1
-2.11096,30.480885,Bodywork,3,-2.154884,30.596034,13.7,4.2,0,0,Ngoma,1
-1.744577,29.324416,Transmission Repair,1,-1.6540026,29.3115551,10.17,3.7,1,1,Rubavu,0
-2.367076,29.692378,Brake System,3,-2.322803,29.779959,10.9,4.6,0,0,Nyanza,1
-1.972078,30.067677,Tire & Wheel,1,-1.9699827,30.1297653,6.9,4.4,0,1,Kicukiro,1
-1.921471,30.075682,Welding,1,-1.990444,30.03501,8.9,4.2,0,0,Nyarugenge,0
-1.510865,29.650369,Tire & Wheel,1,-1.535818,29.593777,6.88,4.5,0,0,Musanze,0
-2.134862,30.516972,Suspension & Steering,1,-2.130929,30.534667,2.01,4.7,0,0,Ngoma,1
-2.186839,30.068323,Exhaust System,3,-2.145722,30.12168,7.49,4.6,0,0,Bugesera,1
-2.171202,30.125972,Transmission Repair,3,-2.012462,30.34408,29.98,4.7,0,1,Bugesera,0
-2.005524,30.44227,Electrical Systems,1,-2.00351,30.468818,2.96,4.3,0,0,Rwamagana,1
-1.949529,30.136014,Engine Repair,1,-1.86245,30.071586,12.04,4.2,0,0,Gasabo,0
-1.928376,30.09591,Exhaust System,1,-1.84082,30.148752,11.37,4.6,0,0,Gasabo,1
-2.156351,29.823369,Diagnostic Scanning,1,-2.1131792,29.7841836,6.48,4.3,0,1,Muhanga,0
-1.684762,30.003237,Tire & Wheel,1,-1.682432,29.979304,2.67,4.7,0,0,Rulindo,1
-1.682135,29.258513,Exhaust System,1,-1.723533,29.293607,6.03,4.2,0,1,Rubavu,1
-2.348524,29.735758,Air Conditioning,1,-2.334266,29.782953,5.48,4.5,0,0,Nyanza,1
-1.982623,30.40642,Welding,1,-1.958543,30.441114,4.69,4.8,0,0,Rwamagana,1
-1.890996,30.56389,Diagnostic Scanning,1,-1.877017,30.624885,6.95,3.7,0,1,Kayonza,1
-2.307793,29.803386,Brake System,3,-2.314168,29.769175,3.87,3.0,0,0,Nyanza,1
-1.721354,30.007372,Transmission Repair,1,-1.6824252,29.9639469,6.48,3.2,0,1,Rulindo,0
-1.702442,30.034997,Bodywork,1,-1.6970574,29.9339166,11.25,4.5,0,0,Rulindo,0
-1.882761,30.117238,Suspension & Steering,1,-1.977604,30.024783,14.72,4.5,1,1,Gasabo,1
-2.220607,30.564882,Suspension & Steering,1,-2.080375,30.544589,15.76,4.0,0,0,Ngoma,1
-2.233266,30.499873,Bodywork,3,-2.2286922,30.5970866,10.81,4.4,1,1,Ngoma,1
-2.618071,29.786171,Oil Change,1,-2.590277,29.669777,13.29,4.5,0,0,Huye,1
-2.389258,29.812464,Tire & Wheel,1,-2.303575,29.768334,10.72,4.3,0,1,Nyanza,0
-2.377635,30.66271,Air Conditioning,1,-2.14944,30.811949,30.31,3.5,0,1,Kirehe,0
-2.071512,30.429629,Engine Repair,3,-2.1624767,30.5013159,12.87,4.5,0,1,Ngoma,1
-1.964611,30.077212,Brake System,1,-1.89185,30.110245,8.88,4.7,0,1,Gasabo,0
-1.437332,29.669777,Bodywork,1,-1.492778,29.581401,11.6,4.1,0,0,Musanze,0
-1.617473,29.322951,Air Conditioning,3,-1.758836,29.273181,16.66,5.0,0,1,Rubavu,1
-1.964726,30.076761,Exhaust System,1,-1.967518,30.06567,1.27,4.4,0,1,Nyarugenge,0
-1.927367,30.412312,Air Conditioning,1,-1.980105,30.503721,11.73,4.7,1,0,Rwamagana,0
-1.520642,30.002492,Oil Change,1,-1.612494,30.140487,18.43,3.6,0,0,Gicumbi,0
-1.888846,30.393736,Exhaust System,1,-2.003603,30.467899,15.19,3.5,0,0,Rwamagana,1
-1.677022,30.014525,Brake System,3,-1.6989102,29.927501,9.97,4.4,1,0,Rulindo,0
-1.994902,30.443914,Electrical Systems,1,-1.947779,30.50029,8.17,4.6,0,1,Rwamagana,0
-2.204642,30.455858,Exhaust System,1,-2.093128,30.606728,20.85,3.7,0,1,Ngoma,0
-1.635615,29.335492,Exhaust System,1,-1.608694,29.244848,10.51,4.4,0,1,Rubavu,1
-1.556976,29.55223,Transmission Repair,3,-1.454712,29.63204,14.42,3.3,0,1,Musanze,1
-2.123255,29.691092,Suspension & Steering,1,-2.0933973,29.7569697,8.04,3.5,0,0,Muhanga,1
-1.95538,30.08576,Engine Repair,1,-1.930887,30.152954,7.95,4.7,1,0,Gasabo,1
-1.698918,30.082979,Engine Repair,1,-1.706261,29.964542,13.19,4.8,0,1,Rulindo,1
-2.31134,29.774465,Suspension & Steering,3,-2.3896139,29.7350439,9.74,4.4,0,1,Nyanza,0
-1.881322,30.040727,Exhaust System,1,-1.928027,30.140735,12.27,4.5,0,0,Gasabo,1
-1.61159,29.243613,Bodywork,1,-1.597965,29.283189,4.65,3.8,1,0,Rubavu,1
-1.60981,30.047717,Bodywork,1,-1.542969,30.068424,7.78,4.5,0,0,Gicumbi,0
-2.0071,29.715831,Engine Repair,1,-2.072888,29.730655,7.5,4.3,0,0,Muhanga,0
-1.612031,29.183978,Oil Change,3,-1.666259,29.214366,6.91,4.1,0,1,Rubavu,1
-1.893923,30.037708,Electrical Systems,1,-1.90137,30.039196,0.84,4.6,0,0,Gasabo,1
-2.650352,29.728676,Tire & Wheel,1,-2.6038612,29.7395168,5.31,4.5,1,0,Huye,1
-2.150791,30.246605,Bodywork,3,-2.002507,30.340096,19.49,4.0,0,0,Bugesera,0
-1.509128,30.043476,Diagnostic Scanning,1,-1.514508,30.125588,9.15,4.1,0,0,Gicumbi,1
-2.667503,29.68528,Electrical Systems,1,-2.614262,29.676956,5.99,4.3,1,0,Huye,1
-1.870469,30.120618,Bodywork,1,-1.877535,30.127343,1.08,4.6,1,0,Gasabo,1
-1.906308,30.097722,Bodywork,1,-1.941008,30.143606,6.39,4.7,0,0,Gasabo,0
-1.671162,30.086497,Engine Repair,1,-1.7641134,29.9499987,18.36,4.8,0,1,Rulindo,1
-1.700131,29.248141,Exhaust System,1,-1.6708206,29.2461035,3.27,4.8,1,0,Rubavu,1
-1.475691,29.688799,Tire & Wheel,1,-1.5025347,29.6699962,3.64,4.7,0,1,Musanze,1
-2.400346,29.697866,Electrical Systems,1,-2.327315,29.733831,9.05,4.9,0,0,Nyanza,1
-2.040638,29.800651,Welding,1,-2.065253,29.746463,6.61,4.0,0,0,Muhanga,1
-1.799351,30.085109,Engine Repair,1,-1.817017,30.04233,5.14,4.5,0,0,Rulindo,0
-1.786612,30.121946,Oil Change,1,-1.6912413,30.0371062,14.19,3.8,0,0,Rulindo,1
-1.952735,30.135516,Transmission Repair,1,-1.899765,30.113448,6.38,3.3,0,1,Gasabo,1
-2.400204,30.62125,Air Conditioning,1,-2.116932,30.760572,35.1,3.5,0,1,Kirehe,0
-2.003831,30.362961,Diagnostic Scanning,1,-1.980873,30.393204,4.22,3.9,0,0,Rwamagana,1
-2.431137,29.687943,Brake System,1,-2.346905,29.744281,11.27,4.1,0,1,Nyanza,1
-2.58724,29.7653,Welding,1,-2.646771,29.810735,8.32,4.1,0,0,Huye,0
-1.591274,30.013598,Oil Change,1,-1.560839,30.11989,12.29,4.7,0,1,Gicumbi,0
-1.9425,30.135113,Exhaust System,1,-1.920813,30.161445,3.79,4.6,0,0,Kicukiro,1
-1.661305,29.9863,Transmission Repair,1,-1.532191,30.121475,20.78,4.3,0,0,Gicumbi,0
-2.220122,30.174247,Electrical Systems,1,-2.2092789,30.1174268,6.43,4.8,0,0,Bugesera,1
-1.586748,29.959851,Electrical Systems,1,-1.57,29.71,27.83,4.2,0,1,Gicumbi,0
-2.145724,30.418301,Diagnostic Scanning,3,-2.1523022,30.5899581,19.09,4.3,1,1,Ngoma,0
-2.103308,30.070392,Air Conditioning,1,-2.036561,30.304627,27.07,4.3,0,1,Bugesera,0
-1.958106,30.126229,Bodywork,1,-1.90573,30.059812,9.4,3.8,1,1,Gasabo,1
-1.893629,30.49714,Engine Repair,1,-1.9770239,30.4295203,11.94,3.4,0,1,Rwamagana,1
-2.560873,29.759948,Diagnostic Scanning,1,-2.547331,29.715822,5.13,4.6,0,1,Huye,1
-1.910941,30.378837,Diagnostic Scanning,1,-1.972373,30.427198,8.69,4.4,0,0,Rwamagana,1
-1.87744,30.714363,Bodywork,1,-1.903844,30.659837,6.73,4.4,0,1,Kayonza,1
-1.98372,30.088509,Tire & Wheel,1,-2.00889,30.1069,3.47,4.7,1,0,Kicukiro,1
-1.616707,29.977954,Transmission Repair,1,-1.478987,30.091408,19.84,4.5,0,0,Gicumbi,1
-2.343982,30.64504,Bodywork,3,-2.139525,30.756232,25.87,4.3,0,0,Kirehe,0
-2.196498,30.133278,Transmission Repair,3,-2.2031559,30.2508053,13.08,3.2,1,1,Bugesera,1
-1.757601,30.050714,Diagnostic Scanning,1,-1.7765933,29.9325331,13.3,5.0,0,1,Rulindo,0
-2.210625,30.249772,Welding,1,-2.046957,30.335933,20.56,4.5,0,0,Bugesera,0
-1.613384,29.256946,Transmission Repair,1,-1.615779,29.301213,4.93,4.4,0,0,Rubavu,1
-2.595039,29.788798,Suspension & Steering,1,-2.5595967,29.7328259,7.36,4.1,0,1,Huye,0
-2.578638,29.782615,Brake System,3,-2.586408,29.70612,8.54,4.5,0,1,Huye,1
-1.939367,30.038052,Tire & Wheel,1,-1.995086,30.023057,6.42,4.4,1,1,Nyarugenge,0
-1.956511,30.07024,Diagnostic Scanning,1,-2.006541,30.054346,5.84,4.5,0,0,Kicukiro,1
-1.899499,30.378494,Diagnostic Scanning,1,-1.963373,30.48576,13.88,4.3,0,1,Rwamagana,1
-2.129412,30.417117,Welding,1,-2.124045,30.558367,15.71,3.3,0,1,Ngoma,0
-1.566481,29.69975,Air Conditioning,1,-1.446042,29.67667,13.64,4.2,0,1,Musanze,0
-1.738015,29.333421,Engine Repair,1,-1.661989,29.314009,8.72,4.6,1,0,Rubavu,1
-2.133137,30.540872,Suspension & Steering,1,-2.132715,30.607389,7.39,4.4,1,1,Ngoma,0
-1.874586,30.138523,Welding,3,-1.842927,30.100212,5.52,4.9,0,0,Gasabo,0
-2.133786,30.417109,Electrical Systems,1,-2.1756676,30.5336291,13.76,3.6,0,0,Ngoma,1
-1.661413,29.207407,Welding,3,-1.695061,29.192316,4.1,4.3,0,1,Rubavu,0
-1.901308,30.080918,Diagnostic Scanning,1,-1.916461,30.164882,9.48,4.6,0,0,Gasabo,1
-2.165474,30.212785,Welding,3,-1.979115,30.360917,26.46,4.7,0,1,Bugesera,0
-2.341412,30.677927,Suspension & Steering,3,-2.087363,30.725263,28.73,4.4,0,1,Kirehe,0
-2.011002,29.689157,Engine Repair,3,-2.029105,29.704576,2.64,4.5,1,1,Muhanga,1
-1.982983,30.067629,Welding,1,-1.9151,30.079797,7.67,3.8,0,0,Nyarugenge,1
-2.164651,30.539378,Exhaust System,1,-2.2175371,30.5624491,6.42,4.4,0,0,Ngoma,1
-2.386618,29.803739,Exhaust System,1,-2.313268,29.794488,8.22,4.4,0,0,Nyanza,1
-1.878496,30.057464,Bodywork,1,-1.953961,30.042963,8.54,3.3,0,1,Gasabo,0
-2.183401,30.42837,Engine Repair,1,-2.1913191,30.5656437,15.28,4.5,1,0,Ngoma,0
-1.943399,30.728503,Bodywork,1,-1.894241,30.613652,13.88,4.2,0,0,Kayonza,1
-1.518669,29.66675,Welding,1,-1.472477,29.632741,6.38,4.4,0,0,Musanze,1
-1.491521,29.699782,Exhaust System,1,-1.5355328,29.7064249,4.95,4.5,0,1,Musanze,1
-2.153713,30.467745,Engine Repair,3,-2.158189,30.58648,13.2,4.3,0,0,Ngoma,1
-1.911069,30.072421,Oil Change,1,-1.996061,30.104378,10.1,4.3,0,0,Nyarugenge,0
-2.653413,29.789075,Transmission Repair,1,-2.600461,29.796207,5.94,4.5,0,1,Huye,1
-2.125327,30.421946,Brake System,3,-2.158454,30.626134,22.99,3.5,0,0,Ngoma,0
-2.330225,29.661968,Engine Repair,1,-2.340147,29.780068,13.17,4.6,0,0,Nyanza,0
-2.179136,30.22508,Electrical Systems,1,-2.005604,30.284346,20.39,4.8,0,0,Bugesera,0
-1.953316,30.050385,Air Conditioning,1,-1.99868,30.024477,5.81,3.7,1,1,Nyarugenge,0
-2.111692,29.816951,Electrical Systems,1,-2.037075,29.763086,10.23,4.7,0,0,Muhanga,0
-1.562306,29.709526,Oil Change,1,-1.419226,29.613623,19.15,4.3,1,0,Musanze,1
-1.439328,29.595425,Tire & Wheel,1,-1.463368,29.710559,13.07,4.3,0,0,Musanze,0
-1.562973,29.709857,Engine Repair,1,-1.437444,29.543725,23.15,4.3,0,0,Musanze,0
-1.850177,30.677023,Transmission Repair,1,-1.911466,30.673303,6.83,4.1,0,0,Kayonza,1
-1.894415,30.36406,Bodywork,1,-2.029204,30.392193,15.31,4.3,0,0,Rwamagana,0
-2.221834,30.088604,Engine Repair,1,-2.044633,30.347112,34.83,3.8,0,0,Bugesera,0
-1.974144,30.087851,Oil Change,1,-1.975336,30.028805,6.56,4.1,0,1,Nyarugenge,1
-1.891248,30.02934,Tire & Wheel,3,-1.9689731,30.1667745,17.55,5.0,0,1,Gasabo,1
-2.012768,30.44483,Welding,1,-1.9499602,30.4366665,7.04,4.6,0,1,Rwamagana,0
-2.311763,29.698168,Oil Change,1,-2.3934121,29.7471567,10.59,4.6,0,1,Nyanza,1
-1.570843,29.678154,Transmission Repair,3,-1.585758,29.557496,13.51,4.6,1,0,Musanze,1
-2.084441,30.214422,Welding,1,-2.016105,30.33626,15.53,4.7,0,0,Bugesera,0
-1.946202,30.054015,Engine Repair,3,-2.009842,30.086874,7.96,4.4,1,1,Kicukiro,0
-2.203679,30.422486,Diagnostic Scanning,1,-2.158711,30.538298,13.81,4.6,0,0,Ngoma,0
-1.69077,30.090802,Transmission Repair,1,-1.671463,29.942293,16.65,4.8,0,0,Rulindo,0
-1.499774,29.981043,Diagnostic Scanning,1,-1.515702,30.083833,11.56,4.8,0,0,Gicumbi,0
-2.129113,29.713321,Bodywork,3,-2.075857,29.721447,5.99,4.4,0,0,Muhanga,1
-2.128019,30.256041,Bodywork,1,-2.033109,30.295732,11.44,4.4,0,1,Bugesera,1
-1.6591,30.073262,Transmission Repair,1,-1.569469,30.059427,10.08,5.0,0,1,Gicumbi,1
-1.803224,30.131463,Suspension & Steering,1,-1.733439,29.971442,19.4,4.7,0,0,Rulindo,1
-2.235374,30.078344,Diagnostic Scanning,1,-2.038476,30.315802,34.29,4.4,0,1,Bugesera,0
-2.011647,30.148003,Welding,1,-2.011422,30.058525,9.94,3.3,0,0,Kicukiro,1
-1.951592,30.113641,Brake System,1,-1.957707,30.15659,4.82,3.0,0,0,Kicukiro,0
-1.718414,30.013221,Electrical Systems,1,-1.717727,30.0339583,2.31,4.5,0,1,Rulindo,0
-1.999866,30.107802,Brake System,3,-2.014432,30.063478,5.19,4.9,0,0,Kicukiro,0
-1.886027,30.102908,Air Conditioning,1,-1.968773,30.142253,10.19,4.1,1,1,Gasabo,1
-1.78625,30.071336,Exhaust System,1,-1.748985,29.967542,12.26,4.2,0,0,Rulindo,1
-1.989597,30.097417,Exhaust System,1,-2.023391,30.120936,4.58,4.9,1,0,Kicukiro,0
-1.643181,30.005615,Welding,1,-1.649334,30.022855,2.03,3.2,0,0,Gicumbi,0
-2.627341,29.729906,Exhaust System,1,-2.566114,29.808027,11.03,4.6,0,0,Huye,1
-1.543074,30.032362,Engine Repair,1,-1.574939,30.119134,10.28,4.2,0,1,Gicumbi,1
-1.588243,29.993526,Diagnostic Scanning,1,-1.541727,30.069705,9.92,4.0,1,0,Gicumbi,1
-1.975614,30.365048,Oil Change,1,-1.967225,30.499832,15.01,3.5,0,0,Rwamagana,0
-2.373056,29.735861,Air Conditioning,1,-2.326318,29.703242,6.34,3.9,0,1,Nyanza,1
-1.939856,30.439208,Exhaust System,1,-1.9246113,30.4528526,2.27,4.3,0,1,Rwamagana,1
-1.64768,29.283672,Exhaust System,1,-1.643391,29.258402,2.85,5.0,0,0,Rubavu,1
-1.97573,30.470241,Brake System,1,-1.910397,30.508357,8.41,4.6,0,0,Rwamagana,1
-1.94312,30.420399,Suspension & Steering,1,-1.947856,30.458886,4.31,3.5,0,0,Rwamagana,0
-1.597869,30.052548,Engine Repair,1,-1.50427,30.107393,12.06,4.3,0,0,Gicumbi,1
-1.881595,30.131368,Transmission Repair,3,-1.927666,30.142383,5.27,4.0,0,0,Gasabo,1
-2.149346,30.49365,Tire & Wheel,3,-2.0752,30.56831,11.7,3.8,0,0,Ngoma,0
-1.632021,29.230312,Diagnostic Scanning,3,-1.761832,29.206698,14.67,4.0,0,1,Rubavu,1
-1.95082,30.37622,Oil Change,1,-1.937051,30.462277,9.69,4.4,1,0,Rwamagana,0
-2.148471,29.804719,Suspension & Steering,1,-2.05361,29.707726,15.08,4.3,0,0,Muhanga,0
-2.18949,30.460143,Tire & Wheel,1,-2.070046,30.531666,15.48,4.8,0,1,Ngoma,0
-2.208861,30.456501,Oil Change,1,-2.249473,30.415816,6.39,4.7,1,0,Ngoma,1
-2.017944,30.475804,Exhaust System,1,-1.967645,30.496317,6.04,4.5,0,0,Rwamagana,1
-2.09869,30.134452,Diagnostic Scanning,3,-1.991465,30.31551,23.39,5.0,0,1,Bugesera,0
-2.343866,29.679148,Exhaust System,1,-2.44593,29.707285,11.77,3.8,0,1,Nyanza,1
-1.968911,30.49418,Engine Repair,3,-1.989476,30.352231,15.94,4.6,0,0,Rwamagana,1
-1.831021,30.615973,Electrical Systems,1,-1.911302,30.616954,8.93,4.2,0,0,Kayonza,0
-2.11622,30.526973,Air Conditioning,1,-2.094099,30.564063,4.8,4.7,1,0,Ngoma,1
-2.337458,29.661716,Air Conditioning,1,-2.332221,29.7764878,12.76,4.9,0,1,Nyanza,1
-2.406551,29.744014,Engine Repair,1,-2.313418,29.731911,10.44,4.6,1,0,Nyanza,1
-2.210137,30.550535,Bodywork,1,-2.1360925,30.5192545,8.94,4.9,0,0,Ngoma,1
-2.061956,30.500074,Suspension & Steering,1,-2.2280126,30.5664638,19.88,4.3,0,1,Ngoma,0
-2.001549,29.692655,Transmission Repair,1,-2.04395,29.733437,6.54,4.6,0,0,Muhanga,1
-1.889316,30.630663,Welding,3,-1.8939865,30.4914674,15.48,4.4,1,1,Kayonza,1
-1.518934,30.036756,Electrical Systems,3,-1.621188,30.049111,11.45,3.7,0,0,Gicumbi,1
-2.176135,30.090135,Engine Repair,3,-2.1270599,30.1322878,7.19,4.9,1,1,Bugesera,0
-1.434863,29.557144,Brake System,3,-1.414985,29.574267,2.92,3.2,0,0,Musanze,0
-1.772744,30.036729,Brake System,1,-1.7711571,29.9772235,6.62,4.2,0,1,Rulindo,0
-1.899627,30.084195,Electrical Systems,1,-1.936685,30.092821,4.23,4.3,1,0,Gasabo,1
-2.414859,30.61386,Engine Repair,3,-2.09316,30.781941,40.35,5.0,1,0,Kirehe,0
-2.142482,30.18983,Bodywork,3,-1.962419,30.321674,24.81,4.5,1,0,Bugesera,0
-1.535959,30.102581,Tire & Wheel,3,-1.575582,30.073827,5.44,4.8,1,1,Gicumbi,0
-1.701343,29.266324,Electrical Systems,1,-1.663613,29.280069,4.46,4.0,0,0,Rubavu,1
-2.105847,29.805117,Engine Repair,3,-2.1174612,29.7956348,1.67,4.8,0,1,Muhanga,0
-1.516274,30.120403,Oil Change,1,-1.473411,30.054035,8.78,4.3,0,0,Gicumbi,0
-1.979521,30.140955,Bodywork,1,-1.987595,30.11963,2.53,3.7,0,0,Kicukiro,1
-2.023956,29.724495,Welding,1,-2.088258,29.720896,7.16,4.5,0,1,Muhanga,1
-2.600166,29.744398,Diagnostic Scanning,1,-2.648961,29.740439,5.44,4.2,1,0,Huye,1
-1.958116,30.088387,Tire & Wheel,1,-1.96801,30.106092,2.25,3.4,1,0,Nyarugenge,0
-2.059067,29.698401,Tire & Wheel,1,-2.06,29.74,4.62,3.0,0,1,Muhanga,1
-1.779344,29.993972,Bodywork,3,-1.7235989,29.9223267,10.09,4.9,0,0,Rulindo,0
-2.011606,29.741713,Suspension & Steering,1,-2.0721236,29.7916253,8.72,3.9,0,0,Muhanga,1
-1.862274,30.561317,Electrical Systems,1,-1.8913873,30.4683226,10.83,3.6,1,1,Kayonza,1
-1.765516,30.102485,Engine Repair,3,-1.734412,29.936693,18.75,4.3,0,1,Rulindo,0
-1.882547,30.44685,Suspension & Steering,1,-1.964768,30.478984,9.82,4.5,0,0,Rwamagana,1
-2.363599,29.781829,Air Conditioning,1,-2.309207,29.781754,6.05,4.3,0,1,Nyanza,0
-1.932344,30.092057,Diagnostic Scanning,3,-1.987987,30.036527,8.74,4.7,0,0,Nyarugenge,1
-2.099239,30.556024,Tire & Wheel,1,-2.1418,30.403709,17.57,3.1,1,1,Ngoma,0
-1.838166,30.639216,Diagnostic Scanning,1,-1.976436,30.556352,17.92,3.5,1,0,Kayonza,0
-2.592565,29.761574,Tire & Wheel,3,-2.539539,29.739629,6.38,3.5,0,0,Huye,1
-2.282468,29.706117,Oil Change,1,-2.353859,29.779486,11.38,3.3,0,0,Nyanza,0
-2.107924,30.534997,Bodywork,3,-2.072697,30.613883,9.6,4.4,1,1,Ngoma,1
-2.140181,29.676552,Electrical Systems,3,-2.0918451,29.7808444,12.77,5.0,0,1,Muhanga,1
-2.100078,30.488146,Bodywork,3,-2.111206,30.561116,8.2,4.2,0,0,Ngoma,1
-1.685604,29.336467,Transmission Repair,1,-1.761857,29.246606,13.1,3.8,0,0,Rubavu,1
-2.355916,30.712863,Exhaust System,1,-2.126062,30.781018,26.66,4.8,0,0,Kirehe,0
-2.140017,30.544371,Oil Change,1,-2.079671,30.424806,14.88,4.2,1,1,Ngoma,1
-1.916024,30.080807,Welding,3,-1.933116,30.095716,2.52,4.9,0,0,Nyarugenge,1
-2.617822,29.676818,Air Conditioning,1,-2.583458,29.784183,12.52,4.5,0,1,Huye,1
-2.248144,30.195061,Electrical Systems,1,-1.998867,30.307808,30.42,4.1,0,0,Bugesera,0
-1.928102,30.084237,Engine Repair,3,-1.961785,30.041875,6.02,4.9,0,0,Nyarugenge,1
-1.836902,30.704157,Engine Repair,1,-1.9345449,30.5592405,19.42,4.3,1,1,Kayonza,0
-2.223093,30.18438,Tire & Wheel,3,-2.261001,30.196639,4.43,3.8,0,1,Bugesera,1
-2.275537,30.57081,Oil Change,3,-2.134684,30.720876,22.88,4.7,0,0,Kirehe,0
-1.701634,29.994737,Bodywork,1,-1.720902,29.948212,5.6,4.6,1,0,Rulindo,1
-2.357756,30.731214,Suspension & Steering,1,-2.153464,30.811627,24.41,4.5,0,1,Kirehe,0
-2.197221,30.553501,Exhaust System,1,-2.119374,30.608718,10.61,4.8,0,1,Ngoma,1
-1.971276,30.479468,Air Conditioning,1,-1.963328,30.453017,3.07,4.7,0,1,Rwamagana,1
-2.323742,30.641449,Tire & Wheel,3,-2.1327613,30.6186553,21.39,3.4,0,0,Kirehe,0
-2.116028,29.811849,Bodywork,1,-2.069801,29.749614,8.62,4.5,0,0,Muhanga,0
-1.56643,29.604708,Welding,1,-1.438932,29.691172,17.13,3.7,1,0,Musanze,0
-2.126472,30.221486,Exhaust System,1,-2.019731,30.302365,14.89,4.6,0,0,Bugesera,1
-2.392582,29.725271,Suspension & Steering,1,-2.315892,29.781184,10.55,4.5,0,0,Nyanza,0
-2.215372,30.503477,Oil Change,1,-2.1484395,30.5057124,7.45,4.6,0,0,Ngoma,0
-1.529824,30.069043,Engine Repair,1,-1.565923,30.116618,6.64,4.5,0,0,Gicumbi,1
-1.990763,30.14153,Suspension & Steering,1,-1.928301,30.102737,8.17,3.1,0,0,Kicukiro,0
-1.979251,30.04423,Diagnostic Scanning,1,-1.900077,30.04231,8.81,4.2,0,0,Nyarugenge,0
-2.256567,30.100396,Welding,1,-2.00462,30.327768,37.73,4.8,0,0,Bugesera,0
-1.915606,30.101145,Engine Repair,1,-1.938,30.093,2.65,4.3,0,1,Gasabo,1
-1.705073,29.247261,Tire & Wheel,1,-1.71547,29.2958,5.52,4.3,0,0,Rubavu,1
-2.104647,30.497354,Engine Repair,3,-2.105586,30.58048,9.24,4.3,0,1,Ngoma,1
-2.394473,29.803519,Bodywork,3,-2.362675,29.7734718,4.86,4.6,0,0,Nyanza,1
-1.974452,30.487269,Oil Change,1,-1.9456436,30.4337557,6.75,4.0,0,1,Rwamagana,0
-1.675273,29.298771,Oil Change,1,-1.766619,29.344293,11.35,4.2,0,0,Rubavu,1
-1.70545,30.037901,Suspension & Steering,1,-1.74917,29.90904,15.12,4.0,0,0,Rulindo,1
-1.926553,30.618049,Air Conditioning,1,-1.852799,30.635508,8.43,5.0,0,1,Kayonza,1
-1.67011,30.03532,Transmission Repair,1,-1.7344304,30.0227521,7.29,3.6,0,0,Rulindo,1
-2.157702,30.218395,Electrical Systems,1,-2.023625,30.358246,21.54,4.6,0,0,Bugesera,0
-1.917394,30.082151,Engine Repair,3,-1.917483,30.051776,3.38,4.3,0,0,Gasabo,0
-2.000848,29.777936,Brake System,1,-2.091192,29.7896012,10.13,4.0,0,0,Muhanga,1
-1.665591,30.116014,Tire & Wheel,1,-1.686161,29.971788,16.19,4.6,0,0,Rulindo,1
-1.730371,29.269947,Suspension & Steering,1,-1.6648376,29.2789731,7.36,4.0,1,0,Rubavu,1
-1.852474,30.731963,Air Conditioning,1,-1.784333,30.607939,15.73,4.3,0,1,Kayonza,1
-1.877708,30.637935,Brake System,1,-1.939499,30.66367,7.44,4.3,0,0,Kayonza,1
-1.426436,29.56648,Exhaust System,3,-1.513277,29.624073,11.59,4.0,0,0,Musanze,0
-1.986714,30.034685,Engine Repair,1,-1.98763,30.103633,7.66,4.4,0,1,Nyarugenge,1
-1.737181,30.072574,Brake System,1,-1.784367,30.095411,5.83,4.9,0,0,Rulindo,0
-1.964994,30.019077,Electrical Systems,1,-1.954813,30.010883,1.45,4.6,0,0,Nyarugenge,1
-2.616169,29.678474,Tire & Wheel,1,-2.620313,29.752633,8.25,3.7,1,0,Huye,0
-2.32829,29.693123,Bodywork,1,-2.33987,29.752384,6.71,4.1,0,0,Nyanza,1
-1.69694,29.246658,Suspension & Steering,1,-1.6765902,29.2556146,2.47,4.9,0,1,Rubavu,1
-1.669668,29.972414,Exhaust System,3,-1.566398,30.059358,15.01,4.4,1,0,Gicumbi,1
-1.969778,30.65147,Suspension & Steering,1,-1.897558,30.645342,8.06,2.5,0,0,Kayonza,0
-1.95147,30.406633,Air Conditioning,1,-1.911095,30.490368,10.33,4.4,0,0,Rwamagana,1
-2.113884,30.228241,Transmission Repair,1,-2.00901,30.343698,17.34,2.5,0,0,Bugesera,0
-2.383137,30.628048,Diagnostic Scanning,1,-2.161173,30.826153,33.07,3.3,0,1,Kirehe,0
-2.083222,29.779321,Bodywork,1,-2.0721993,29.7440309,4.11,3.7,0,1,Muhanga,1
-1.72348,29.232918,Diagnostic Scanning,1,-1.7002537,29.327157,10.79,3.7,0,1,Rubavu,1
-2.432229,29.733723,Electrical Systems,1,-2.299065,29.777916,15.6,4.8,0,0,Nyanza,1
-1.696151,30.014073,Electrical Systems,1,-1.6972,29.984264,3.32,4.4,0,0,Rulindo,1
-2.417887,29.807012,Diagnostic Scanning,3,-2.334018,29.811548,9.34,3.5,1,0,Nyanza,1
-1.668148,29.987664,Transmission Repair,1,-1.552776,30.138665,21.13,4.5,0,0,Gicumbi,0
-2.410087,30.681627,Bodywork,1,-2.384912,30.561489,13.64,4.0,1,0,Kirehe,0
-2.221672,30.173842,Welding,3,-2.2617967,30.106302,8.73,4.7,0,0,Bugesera,1
-2.551079,29.670664,Air Conditioning,1,-2.563541,29.794832,13.86,4.4,0,1,Huye,1
-1.499326,30.073824,Transmission Repair,1,-1.540619,30.059767,4.85,4.8,0,0,Gicumbi,1
-2.115413,30.231098,Exhaust System,1,-2.087268,30.164457,8.04,4.7,0,0,Bugesera,0
-2.399318,29.807007,Welding,1,-2.329002,29.746734,10.29,4.5,0,0,Nyanza,0
-1.861384,30.737237,Transmission Repair,3,-1.911395,30.632895,12.86,4.3,0,0,Kayonza,1
-2.382154,29.790105,Bodywork,1,-2.348518,29.761766,4.89,4.3,0,1,Nyanza,1
-1.950079,30.110073,Tire & Wheel,3,-1.9967524,30.1757726,8.96,4.9,0,1,Kicukiro,1
-1.725383,29.246244,Welding,1,-1.670863,29.20265,7.76,3.5,0,0,Rubavu,1
-2.022189,30.052983,Brake System,3,-1.96661,30.0714804,6.51,3.2,0,1,Kicukiro,0
-1.962282,30.016523,Transmission Repair,3,-1.930269,30.03325,4.02,4.7,1,0,Nyarugenge,0
-1.693971,30.103295,Electrical Systems,1,-1.6722283,29.9757221,14.38,3.6,0,0,Rulindo,1
-1.88137,30.063058,Suspension & Steering,3,-1.945205,30.03349,7.82,4.7,0,0,Gasabo,1
-1.484987,29.570164,Welding,1,-1.452467,29.577959,3.72,4.5,1,1,Musanze,1
-2.417005,29.770895,Suspension & Steering,1,-2.271052,29.787393,16.33,3.3,1,0,Nyanza,0
-1.498833,29.708684,Electrical Systems,1,-1.41686,29.613499,13.97,4.6,0,0,Musanze,0
-2.239279,30.402984,Brake System,1,-2.114734,30.559798,22.26,3.3,0,1,Ngoma,0
-2.346458,29.680306,Suspension & Steering,3,-2.35222,29.761696,9.07,3.8,0,0,Nyanza,0
-2.544378,29.793253,Exhaust System,1,-2.651553,29.668817,18.25,4.5,0,1,Huye,0
-1.932949,30.398246,Bodywork,3,-1.977907,30.505558,12.93,4.8,0,0,Rwamagana,1
-1.963938,30.096348,Electrical Systems,1,-1.92958,30.092614,3.84,3.3,0,1,Gasabo,1
-2.053821,29.803799,Diagnostic Scanning,1,-2.0572672,29.7624895,4.61,4.6,0,1,Muhanga,0
-1.807094,30.085314,Oil Change,1,-1.7449151,29.9324988,18.34,3.8,0,1,Rulindo,0
-1.920089,30.035293,Engine Repair,3,-1.985516,30.103204,10.48,4.6,0,1,Nyarugenge,1
-1.896708,30.091425,Diagnostic Scanning,3,-1.946555,30.031706,8.65,4.7,0,0,Gasabo,1
-2.134476,30.205154,Diagnostic Scanning,3,-2.1840513,30.1900371,5.76,4.8,0,0,Bugesera,1
-2.156612,30.211684,Electrical Systems,3,-2.027518,30.318013,18.59,4.3,0,1,Bugesera,1
-1.894531,30.652625,Diagnostic Scanning,3,-1.914003,30.6073,5.48,3.5,0,0,Kayonza,0
-1.968504,30.120523,Tire & Wheel,3,-1.8837305,30.1229809,9.43,4.4,1,0,Gasabo,1
-1.989204,30.059407,Exhaust System,3,-1.93247,30.094274,7.4,4.5,1,1,Kicukiro,1
-2.079862,30.471101,Engine Repair,3,-2.1662085,30.5404723,12.31,4.8,0,0,Ngoma,1
-1.7361,29.333848,Brake System,1,-1.677109,29.336696,6.57,4.2,0,1,Rubavu,0
-1.995018,30.387936,Engine Repair,3,-1.933544,30.433779,8.53,4.4,0,1,Rwamagana,0
-2.075735,30.438187,Tire & Wheel,3,-2.114612,30.603431,18.86,4.3,0,0,Ngoma,1
-2.345436,30.702029,Oil Change,1,-2.099358,30.734347,27.6,5.0,0,1,Kirehe,0
-2.361771,30.663064,Brake System,1,-2.143155,30.80912,29.23,4.4,1,1,Kirehe,0
-1.930663,30.073491,Exhaust System,1,-1.980912,30.02526,7.74,4.7,0,0,Nyarugenge,0
-1.940209,30.374646,Suspension & Steering,1,-1.91344,30.479999,12.08,4.3,0,0,Rwamagana,1
-2.015364,29.808492,Bodywork,3,-2.025619,29.711871,10.8,4.1,0,0,Muhanga,0
-2.144022,29.702704,Air Conditioning,1,-2.056109,29.763508,11.88,4.8,0,1,Muhanga,1
-2.041024,29.673702,Bodywork,1,-2.1004328,29.756609,11.34,4.8,0,0,Muhanga,1
-1.749657,30.10509,Tire & Wheel,1,-1.739082,29.923696,20.2,3.8,0,0,Rulindo,0
-1.89574,30.415248,Engine Repair,1,-1.962082,30.503665,12.29,4.5,0,0,Rwamagana,1
-1.860427,30.664578,Air Conditioning,3,-1.8806342,30.5394193,14.09,4.5,0,1,Kayonza,1
-1.920903,30.097213,Electrical Systems,1,-1.968074,30.133943,6.65,4.8,0,0,Gasabo,1
-1.735178,30.021479,Bodywork,1,-1.713687,29.955831,7.68,4.2,0,1,Rulindo,1
-1.992279,30.089411,Bodywork,1,-2.003548,30.10598,2.23,5.0,0,0,Kicukiro,1
-1.553941,29.65953,Engine Repair,1,-1.488258,29.637125,7.72,4.5,0,0,Musanze,1
-1.996052,30.14549,Electrical Systems,1,-1.973239,30.112709,4.44,3.7,0,1,Kicukiro,1
-1.744172,29.300561,Brake System,1,-1.6826403,29.2854928,7.04,3.4,0,1,Rubavu,0
-1.669034,30.034498,Electrical Systems,1,-1.697799,29.945044,10.44,4.5,0,0,Rulindo,1
-1.550277,29.633522,Transmission Repair,1,-1.5222033,29.6829402,6.32,4.2,0,1,Musanze,1
-1.885685,30.606699,Engine Repair,1,-1.86813,30.619539,2.42,3.3,0,0,Kayonza,1
-1.573702,30.141866,Brake System,1,-1.585816,30.013105,14.38,3.6,0,0,Gicumbi,0
-1.655597,29.259281,Electrical Systems,1,-1.749259,29.306582,11.67,4.3,0,1,Rubavu,1
-2.194561,30.453059,Tire & Wheel,1,-2.105371,30.585422,17.74,4.3,0,0,Ngoma,1
-1.878224,30.130205,Brake System,1,-1.9601,30.066698,11.52,4.5,0,0,Gasabo,1
-1.422469,29.707179,Air Conditioning,1,-1.479614,29.575922,15.91,4.3,0,1,Musanze,0
-1.60752,29.191492,Oil Change,1,-1.678385,29.249513,10.18,4.9,1,1,Rubavu,1
-1.965643,30.059232,Air Conditioning,3,-1.98595,30.086241,3.76,3.3,0,1,Nyarugenge,0
-2.250604,30.229159,Diagnostic Scanning,1,-1.964248,30.364735,35.23,4.1,0,0,Bugesera,0
-2.161527,30.093062,Transmission Repair,1,-1.974142,30.35489,35.79,4.8,0,0,Bugesera,0
-2.384414,30.598856,Air Conditioning,3,-2.288005,30.742036,19.18,3.6,0,0,Kirehe,0
-2.134839,30.532323,Diagnostic Scanning,3,-2.157784,30.613952,9.42,4.8,0,1,Ngoma,1
-1.978555,30.411975,Tire & Wheel,3,-1.930297,30.450879,6.89,4.5,0,1,Rwamagana,1
-1.458398,29.673576,Transmission Repair,1,-1.56841,29.572817,16.59,4.3,0,0,Musanze,1
-1.991046,30.491815,Air Conditioning,3,-1.934538,30.472034,6.66,3.7,0,1,Rwamagana,1
-1.862465,30.037047,Electrical Systems,1,-1.899161,30.017159,4.64,4.3,0,0,Gasabo,1
-2.397674,29.795437,Diagnostic Scanning,1,-2.335122,29.786127,7.03,4.9,0,1,Nyanza,0
-2.6121,29.73298,Oil Change,1,-2.657802,29.718341,5.34,4.5,0,0,Huye,0
-1.925853,30.687844,Electrical Systems,3,-1.820403,30.572793,17.35,4.0,0,0,Kayonza,0
-1.920034,30.042146,Oil Change,1,-1.947144,30.063188,3.82,4.1,0,1,Nyarugenge,1
-1.874447,30.604713,Brake System,1,-1.9422692,30.4867545,15.12,4.2,0,1,Kayonza,0
-1.554199,29.700403,Exhaust System,1,-1.5116229,29.7096834,4.85,4.9,0,0,Musanze,1
-2.545682,29.77883,Transmission Repair,1,-2.6362667,29.7060609,12.91,4.8,0,1,Huye,1
-2.601315,29.744164,Air Conditioning,3,-2.623278,29.804792,7.16,4.4,0,1,Huye,1
-1.873418,30.638221,Exhaust System,3,-1.9158553,30.5325608,12.66,4.7,1,1,Kayonza,0
-1.644867,30.14045,Suspension & Steering,3,-1.536627,30.120666,12.23,3.3,0,0,Gicumbi,1
-2.602516,29.803449,Tire & Wheel,1,-2.627628,29.660114,16.16,3.2,0,0,Huye,0
-1.942382,30.38908,Diagnostic Scanning,1,-1.934482,30.373838,1.91,3.3,0,0,Rwamagana,1
-1.984554,30.364208,Transmission Repair,1,-1.9565012,30.4108476,6.05,3.5,1,0,Rwamagana,1
-2.074967,30.457876,Exhaust System,1,-2.199867,30.460621,13.89,4.5,0,0,Ngoma,1
-2.130537,30.483703,Diagnostic Scanning,3,-2.12847,30.54818,7.17,4.7,0,1,Ngoma,1
-1.945536,30.386213,Welding,1,-1.965758,30.454179,7.88,4.8,1,0,Rwamagana,1
-1.910912,30.080465,Welding,1,-1.97076,30.067278,6.81,4.8,0,0,Nyarugenge,0
-1.913749,30.043345,Welding,1,-1.896545,30.032028,2.29,2.5,0,0,Gasabo,0
-2.292693,29.714622,Transmission Repair,1,-2.355147,29.803295,12.05,4.5,0,0,Nyanza,0
-1.755215,30.117113,Tire & Wheel,1,-1.723329,30.010207,12.4,5.0,0,0,Rulindo,1
-2.317912,30.705151,Oil Change,3,-2.158901,30.769239,19.06,4.7,1,0,Kirehe,1
-1.726087,29.327805,Exhaust System,3,-1.722171,29.324215,0.59,4.8,0,1,Rubavu,1
-2.608681,29.759462,Exhaust System,1,-2.535359,29.686095,11.53,4.6,1,0,Huye,0
-2.530928,29.709325,Tire & Wheel,3,-2.5931211,29.7385545,7.64,4.0,0,1,Huye,1
-2.661311,29.734157,Bodywork,1,-2.63515,29.690649,5.64,4.9,0,0,Huye,1
-1.555628,29.651165,Exhaust System,1,-1.418336,29.613048,15.84,5.0,0,0,Musanze,0
-1.96499,30.489059,Tire & Wheel,1,-1.953327,30.515821,3.24,4.7,0,0,Rwamagana,1
-2.323811,29.733776,Transmission Repair,1,-2.3893529,29.7289983,7.31,4.5,0,0,Nyanza,1
-1.927607,30.443957,Welding,1,-2.013733,30.358621,13.48,3.7,0,0,Rwamagana,1
-1.65799,30.044834,Electrical Systems,1,-1.735881,29.903359,17.95,4.5,0,1,Rulindo,1
-1.995187,30.454933,Oil Change,1,-1.973341,30.428368,3.82,4.8,0,0,Rwamagana,1
-1.98678,30.050971,Air Conditioning,3,-1.970174,30.037922,2.35,3.7,0,1,Nyarugenge,1
-2.017202,29.789939,Engine Repair,1,-2.0931227,29.7576054,9.17,4.5,0,0,Muhanga,0
-2.354974,29.765599,Oil Change,1,-2.297156,29.74262,6.92,4.6,0,0,Nyanza,1
-2.375554,30.740556,Transmission Repair,1,-2.094197,30.799199,31.96,4.2,0,1,Kirehe,0
-1.916609,30.41644,Tire & Wheel,1,-1.9407585,30.4482468,4.44,3.6,1,0,Rwamagana,1
-2.157636,30.203957,Welding,1,-1.964315,30.294737,23.75,4.3,0,1,Bugesera,0
-1.893008,30.418702,Electrical Systems,1,-1.96018,30.424222,7.49,5.0,0,0,Rwamagana,0
-2.57941,29.717931,Engine Repair,1,-2.589043,29.777042,6.65,4.1,0,1,Huye,0
-1.917194,30.040097,Air Conditioning,1,-1.988383,30.022963,8.14,4.3,0,1,Gasabo,0
-1.651655,30.083498,Brake System,1,-1.514259,29.963172,20.3,3.8,0,0,Gicumbi,0
-1.703934,29.993163,Transmission Repair,3,-1.675017,29.912207,9.56,4.7,1,0,Rulindo,1
-2.624283,29.697693,Welding,3,-2.638592,29.747377,5.74,4.1,1,0,Huye,1
-2.302299,29.699469,Bodywork,1,-2.327954,29.800668,11.6,4.4,0,0,Nyanza,0
-1.473144,29.570698,Brake System,1,-1.531773,29.697406,15.52,4.7,1,0,Musanze,1
-2.405042,30.621034,Engine Repair,3,-2.0881872,30.7006141,36.33,4.7,1,1,Kirehe,0
-1.925537,30.487446,Exhaust System,1,-1.97247,30.421406,9.01,4.3,0,1,Rwamagana,1
-1.904951,30.109167,Exhaust System,1,-1.865517,30.120774,4.57,4.6,0,0,Gasabo,1
-1.934708,30.111006,Engine Repair,1,-1.986754,30.077139,6.9,3.0,0,0,Kicukiro,1
-2.059923,29.721279,Transmission Repair,3,-2.1130434,29.7747345,8.38,4.4,0,1,Muhanga,1
-2.074774,30.139935,Welding,1,-1.963348,30.322112,23.74,4.0,0,0,Bugesera,0
-1.806284,30.05401,Bodywork,1,-1.741977,29.951611,13.44,4.2,0,0,Rulindo,0
-1.439983,29.647636,Suspension & Steering,1,-1.4881446,29.6278891,5.79,3.9,0,0,Musanze,1
-1.61025,29.316638,Transmission Repair,3,-1.7195,29.286021,12.62,4.2,0,0,Rubavu,0
-1.997778,30.104455,Exhaust System,3,-1.952854,30.163318,8.23,4.2,0,0,Kicukiro,1
-1.894136,30.065093,Tire & Wheel,1,-1.920927,30.093044,4.3,4.5,0,0,Gasabo,0
-2.120927,29.816027,Engine Repair,1,-2.026681,29.705592,16.14,4.7,0,0,Muhanga,1
-2.088202,30.576077,Transmission Repair,1,-2.079843,30.541093,4.0,4.0,0,0,Ngoma,1
-2.565701,29.777053,Tire & Wheel,3,-2.5593748,29.7492622,3.17,4.5,0,1,Huye,1
-2.153491,30.482161,Exhaust System,1,-2.077849,30.561501,12.18,4.3,1,0,Ngoma,1
-1.986368,30.450275,Oil Change,1,-1.955784,30.4353,3.79,4.2,0,0,Rwamagana,1
-2.633907,29.752035,Brake System,1,-2.6335644,29.772233,2.24,4.5,0,0,Huye,1
-1.920802,30.051263,Brake System,1,-1.941773,30.046727,2.39,4.4,1,0,Gasabo,1
-1.622309,29.206832,Brake System,1,-1.711123,29.347184,18.46,3.5,1,0,Rubavu,0
-1.758799,29.233781,Bodywork,1,-1.636698,29.296063,15.24,3.7,0,1,Rubavu,1
-2.025732,29.692133,Transmission Repair,1,-2.077857,29.701779,5.89,4.5,0,1,Muhanga,1
-2.561593,29.686199,Bodywork,3,-2.582073,29.778578,10.51,4.7,0,0,Huye,1
-2.06025,30.434666,Suspension & Steering,1,-2.1643344,30.5219989,15.1,4.5,0,1,Ngoma,1
-1.785366,30.057648,Electrical Systems,1,-1.713862,29.908463,18.39,4.5,0,1,Rulindo,1
-1.93671,30.148082,Tire & Wheel,1,-1.951612,30.12986,2.62,3.8,1,1,Kicukiro,0
-2.256072,30.0876,Air Conditioning,1,-2.023068,30.297288,34.84,4.3,0,1,Bugesera,0
-1.766699,30.131576,Transmission Repair,1,-1.703887,29.96343,19.95,4.5,0,1,Rulindo,1
-1.703847,30.007895,Oil Change,1,-1.745214,29.961137,6.94,4.0,0,1,Rulindo,0
-2.012364,30.09235,Tire & Wheel,1,-1.992664,30.14212,5.95,4.9,0,0,Kicukiro,1
-1.942694,30.430107,Oil Change,1,-1.9565051,30.4226104,1.75,4.2,0,0,Rwamagana,1
-1.928624,30.498886,Suspension & Steering,1,-1.957393,30.450436,6.26,3.8,1,0,Rwamagana,0
-1.880081,30.432304,Bodywork,1,-1.968938,30.419837,9.98,4.0,0,1,Rwamagana,0
-1.463545,29.706266,Bodywork,1,-1.532408,29.633709,11.12,3.3,1,0,Musanze,0
-2.372701,30.653018,Oil Change,1,-2.1539051,30.694171,24.75,4.0,0,0,Kirehe,0
-1.571773,29.657562,Suspension & Steering,1,-1.504616,29.658384,7.47,3.8,0,1,Musanze,1
-2.103466,29.795994,Bodywork,1,-2.067401,29.743306,7.1,4.7,1,1,Muhanga,1
-1.905028,30.418333,Brake System,3,-1.945056,30.477363,7.93,4.5,0,0,Rwamagana,0
-1.758553,30.109811,Suspension & Steering,3,-1.689889,29.988586,15.49,3.0,0,1,Rulindo,0
-2.081399,29.812885,Bodywork,3,-2.077269,29.735805,8.58,5.0,0,0,Muhanga,1
-1.786975,30.130651,Brake System,3,-1.738871,29.900314,26.15,4.3,0,0,Rulindo,0
-2.415436,29.745414,Diagnostic Scanning,1,-2.360534,29.66212,11.09,4.0,0,0,Nyanza,0
-1.961898,30.031337,Transmission Repair,1,-1.883257,30.146415,15.49,4.6,0,0,Gasabo,1
-1.958916,30.468447,Suspension & Steering,1,-1.9499602,30.4366665,3.67,4.9,0,1,Rwamagana,1
-1.574426,29.654361,Bodywork,1,-1.467559,29.579593,14.5,3.0,0,1,Musanze,0
-1.94984,30.042624,Electrical Systems,1,-1.890072,30.060123,6.92,5.0,0,0,Gasabo,0
-2.549488,29.785237,Suspension & Steering,1,-2.580544,29.667497,13.53,4.3,1,1,Huye,1
-1.678928,30.004841,Welding,3,-1.744676,29.984678,7.65,4.2,0,0,Rulindo,0
-2.614773,29.773292,Air Conditioning,1,-2.528723,29.732256,10.6,4.0,0,1,Huye,1
-2.119534,30.160836,Exhaust System,1,-2.1748678,30.2027409,7.72,4.9,0,1,Bugesera,1
-1.914963,30.425055,Transmission Repair,3,-1.9417978,30.4305164,3.04,4.8,0,1,Rwamagana,0
-1.626162,29.991676,Engine Repair,1,-1.6224877,30.0797881,9.8,3.0,0,1,Gicumbi,0
-2.294732,30.591404,Brake System,1,-2.165421,30.7561,23.27,3.8,0,0,Kirehe,0
-2.398268,30.601562,Welding,3,-2.306741,30.581531,10.42,3.9,1,1,Kirehe,1
-1.947689,30.089851,Suspension & Steering,3,-1.949157,30.146429,6.29,4.4,1,0,Kicukiro,1
-1.558046,29.654566,Electrical Systems,1,-1.502384,29.617996,7.4,4.8,0,1,Musanze,1
-1.738203,30.052867,Diagnostic Scanning,3,-1.7236031,30.0215712,3.84,4.4,0,0,Rulindo,0
-1.423905,29.689657,Brake System,1,-1.468702,29.657779,6.11,4.3,0,1,Musanze,1
-1.729232,29.215328,Transmission Repair,1,-1.762354,29.210992,3.71,4.7,0,1,Rubavu,1
-1.612183,30.096945,Brake System,1,-1.545607,30.081861,7.59,4.5,0,0,Gicumbi,0
-1.940701,30.437127,Engine Repair,1,-1.9334377,30.462246,2.91,4.0,0,1,Rwamagana,0
-1.920525,30.363721,Oil Change,1,-1.919397,30.469291,11.73,4.9,0,1,Rwamagana,1
-2.013076,30.444218,Tire & Wheel,3,-1.9670705,30.4087838,6.46,4.3,0,1,Rwamagana,1
-2.39837,29.726985,Bodywork,1,-2.339095,29.777584,8.66,4.0,0,1,Nyanza,0
-1.518418,30.115322,Oil Change,1,-1.5992487,29.9926296,16.33,3.9,0,1,Gicumbi,1
-2.360633,30.618725,Exhaust System,3,-2.131534,30.772395,30.67,4.3,0,0,Kirehe,0
-1.946931,30.404065,Transmission Repair,1,-1.944185,30.456189,5.8,4.8,1,0,Rwamagana,0
-1.935868,30.020286,Oil Change,1,-1.96571,30.098671,9.32,4.5,0,1,Nyarugenge,1
-2.019851,30.389719,Transmission Repair,1,-1.966136,30.466372,10.4,4.3,0,0,Rwamagana,0
-1.853668,30.590953,Suspension & Steering,1,-1.885703,30.604635,3.87,4.7,0,0,Kayonza,0
-1.667558,30.065193,Diagnostic Scanning,3,-1.694329,29.97757,10.18,4.4,0,1,Rulindo,1
-1.610313,29.189518,Bodywork,1,-1.630446,29.272065,9.44,3.7,0,0,Rubavu,1
-1.725571,29.273723,Diagnostic Scanning,1,-1.610976,29.200602,15.11,4.3,1,1,Rubavu,0
-2.051276,29.704255,Oil Change,1,-2.166357,29.803674,16.91,3.1,0,0,Muhanga,0
-1.952152,30.597257,Transmission Repair,1,-1.968904,30.615131,2.72,3.7,0,1,Kayonza,0
-1.938295,30.584245,Bodywork,1,-1.905993,30.648536,8.0,4.5,0,1,Kayonza,1
-1.866766,30.063448,Bodywork,1,-1.9325618,30.1222878,9.81,4.4,0,0,Gasabo,1
-2.258946,30.131474,Transmission Repair,1,-2.1050886,30.1385415,17.13,3.8,0,1,Bugesera,0
-1.717631,29.277678,Oil Change,1,-1.609275,29.236653,12.88,4.5,0,0,Rubavu,1
-1.667862,30.138747,Suspension & Steering,1,-1.6801117,30.0220481,13.04,3.4,0,1,Rulindo,1
-1.95802,30.037888,Welding,1,-1.882566,30.055751,8.62,4.6,1,1,Gasabo,1
-1.895652,30.039636,Bodywork,1,-1.966814,30.09105,9.76,3.2,1,0,Gasabo,1
-1.443619,29.670683,Suspension & Steering,1,-1.450981,29.639173,3.6,4.9,0,0,Musanze,0
-1.564788,30.149335,Bodywork,1,-1.478131,30.06812,13.2,3.5,0,0,Gicumbi,1
-1.752932,29.244202,Transmission Repair,1,-1.769071,29.205029,4.71,3.6,0,1,Rubavu,1
-1.799244,30.663835,Electrical Systems,1,-1.8786822,30.4900948,21.23,4.6,0,1,Kayonza,0
-2.094886,30.430661,Transmission Repair,1,-2.119874,30.554329,14.02,4.6,1,0,Ngoma,1
-1.730218,30.068988,Suspension & Steering,1,-1.707996,29.953459,13.08,4.6,0,0,Rulindo,0
-1.795241,30.628532,Transmission Repair,3,-1.88945,30.642072,10.58,4.2,1,1,Kayonza,1
-2.153049,30.085611,Engine Repair,1,-2.1288066,30.2450616,17.92,3.9,0,0,Bugesera,0
-1.975048,30.387049,Oil Change,3,-1.966381,30.492533,11.76,4.4,0,0,Rwamagana,1
-2.54874,29.752506,Welding,1,-2.661755,29.79398,13.38,3.6,0,0,Huye,1
-1.702612,29.245387,Tire & Wheel,1,-1.68766,29.263447,2.61,4.9,0,1,Rubavu,1
-2.338696,29.808283,Electrical Systems,1,-2.3832323,29.7252707,10.47,4.5,0,1,Nyanza,0
-1.889411,30.414809,Transmission Repair,1,-1.934222,30.498684,10.57,4.4,0,1,Rwamagana,1
-2.179791,30.173587,Oil Change,1,-2.1833923,30.1586378,1.71,4.6,0,0,Bugesera,1
-1.506109,29.655401,Engine Repair,1,-1.4759344,29.6037631,6.65,4.9,0,0,Musanze,0
-1.9751,30.408402,Tire & Wheel,3,-1.916431,30.505824,12.64,4.6,0,1,Rwamagana,1
-1.519425,29.565142,Tire & Wheel,1,-1.514445,29.6075734,4.75,4.4,0,0,Musanze,1
-1.83984,30.630037,Bodywork,1,-1.813942,30.703908,8.7,3.6,0,0,Kayonza,1
-1.972837,30.060014,Bodywork,1,-1.977768,30.011295,5.44,4.8,0,1,Nyarugenge,1
-2.633961,29.785751,Exhaust System,3,-2.555565,29.755286,9.35,4.3,0,0,Huye,0
-2.073049,30.507531,Oil Change,1,-2.212075,30.408948,18.95,4.9,0,0,Ngoma,1
-1.659485,30.139104,Welding,1,-1.528083,30.073578,16.33,4.5,0,1,Gicumbi,1
-1.922902,30.135868,Brake System,1,-1.979795,30.024193,13.93,4.4,0,0,Gasabo,1
-1.969446,30.029625,Diagnostic Scanning,1,-1.847973,30.123005,17.03,4.1,0,0,Gasabo,1
-1.88835,30.09252,Exhaust System,1,-1.883167,30.069032,2.67,4.2,0,1,Gasabo,1
-2.565916,29.7893,Electrical Systems,1,-2.638116,29.701646,12.62,4.7,1,1,Huye,1
-2.170717,30.153151,Transmission Repair,1,-1.997866,30.309489,25.91,4.4,0,0,Bugesera,0
-1.634136,29.232915,Suspension & Steering,1,-1.6969845,29.2632197,7.76,4.5,0,0,Rubavu,0
-2.094247,30.134612,Bodywork,1,-2.027598,30.314606,21.33,4.3,0,0,Bugesera,0
-1.536745,29.575694,Air Conditioning,3,-1.42174,29.690829,18.09,4.4,0,1,Musanze,1
-2.316015,29.739454,Diagnostic Scanning,1,-2.3322851,29.750236,2.17,4.8,0,1,Nyanza,1
-2.285533,29.814173,Diagnostic Scanning,1,-2.333962,29.781719,6.48,4.8,0,0,Nyanza,1
-1.867323,30.047513,Brake System,1,-1.918965,30.041347,5.78,4.2,0,0,Gasabo,1
-1.619496,29.239914,Oil Change,3,-1.736498,29.328094,16.29,4.8,0,1,Rubavu,0
-2.655845,29.783535,Tire & Wheel,3,-2.679223,29.803203,3.4,4.0,0,0,Huye,1
-1.944849,30.093572,Diagnostic Scanning,1,-1.900896,30.064152,5.88,4.8,0,1,Nyarugenge,1
-2.062846,29.737997,Oil Change,1,-2.030913,29.765173,4.66,4.6,0,1,Muhanga,1
-2.611533,29.686576,Oil Change,1,-2.6498178,29.7218586,5.79,4.5,0,0,Huye,0
-1.51105,30.117543,Transmission Repair,1,-1.481398,30.039712,9.26,3.7,0,0,Gicumbi,1
-2.375317,30.72738,Tire & Wheel,3,-2.1746749,30.6139522,25.62,4.7,0,0,Kirehe,0
-2.235685,30.493682,Air Conditioning,1,-2.144912,30.55134,11.96,4.6,0,0,Ngoma,0
-2.573382,29.692875,Transmission Repair,1,-2.650703,29.722051,9.19,4.3,1,1,Huye,1
-2.1197,30.467812,Air Conditioning,1,-2.159741,30.59559,14.88,4.8,0,0,Ngoma,0
-1.986792,30.051938,Tire & Wheel,1,-1.974065,30.101324,5.67,4.7,0,1,Nyarugenge,1
-1.49644,29.584292,Air Conditioning,3,-1.483253,29.570848,2.09,4.0,1,1,Musanze,1
-1.779844,30.045063,Engine Repair,1,-1.6870732,29.9923323,11.86,4.0,0,0,Rulindo,1
-1.74451,29.331571,Tire & Wheel,1,-1.596476,29.300705,16.81,4.4,0,0,Rubavu,1
-2.030565,29.825907,Exhaust System,3,-2.1102399,29.73447,13.48,4.1,0,1,Muhanga,1
-2.427082,29.764267,Welding,1,-2.29617,29.754619,14.6,3.5,0,0,Nyanza,1
-2.315838,30.647225,Electrical Systems,1,-2.144822,30.792288,24.93,4.3,0,0,Kirehe,0
-2.352406,30.576462,Engine Repair,1,-2.1678554,30.6638297,22.7,4.6,0,0,Kirehe,0
-1.930646,30.145871,Engine Repair,1,-1.931286,30.089374,6.28,4.4,0,0,Kicukiro,1
-1.803536,30.102928,Brake System,1,-1.687595,29.924816,23.62,4.5,0,1,Rulindo,0
-2.267462,30.578121,Diagnostic Scanning,1,-2.104638,30.7316083,24.87,4.7,0,1,Kirehe,0
-1.801543,30.710746,Exhaust System,1,-1.915484,30.652955,14.2,3.5,0,0,Kayonza,1
-2.011625,30.476859,Bodywork,1,-1.917124,30.428836,11.79,4.8,0,1,Rwamagana,0
-1.977539,30.057792,Brake System,3,-1.988431,30.018768,4.5,3.4,0,1,Nyarugenge,1
-1.55651,30.029447,Oil Change,1,-1.485339,30.056486,8.47,4.4,0,0,Gicumbi,1
-1.889897,30.571361,Electrical Systems,1,-1.817647,30.564477,8.07,3.9,0,1,Kayonza,0
-1.914082,30.594085,Suspension & Steering,1,-1.876869,30.661451,8.55,4.2,0,0,Kayonza,1
-2.394232,29.8143,Oil Change,3,-2.3287251,29.7591502,9.52,4.4,0,1,Nyanza,1
-1.621232,29.293255,Transmission Repair,1,-1.726752,29.192973,16.18,3.7,0,0,Rubavu,1
-2.027197,29.826144,Oil Change,1,-2.045672,29.725427,11.38,4.6,0,1,Muhanga,1
-1.481324,29.975387,Transmission Repair,1,-1.470821,30.113587,15.41,4.4,0,1,Gicumbi,1
-1.950421,30.104568,Diagnostic Scanning,3,-2.001542,30.0942581,5.8,4.4,0,0,Kicukiro,0
-1.894151,30.496053,Welding,1,-1.943545,30.494723,5.49,4.5,1,1,Rwamagana,1
-1.467226,29.62727,Diagnostic Scanning,1,-1.577595,29.577014,13.48,4.6,0,0,Musanze,1
-1.965912,30.410624,Brake System,1,-1.95056,30.467255,6.52,4.1,0,1,Rwamagana,0
-1.923019,30.03577,Brake System,3,-1.842472,30.064577,9.51,3.8,0,0,Gasabo,1
-1.455221,29.621372,Exhaust System,1,-1.56611,29.566112,13.78,4.8,1,0,Musanze,0
-1.858318,30.098467,Suspension & Steering,1,-1.955202,30.015091,14.21,4.9,1,1,Gasabo,0
-1.951097,30.049698,Electrical Systems,1,-1.936131,30.138338,9.99,3.2,1,1,Gasabo,1
-2.074853,30.103741,Tire & Wheel,3,-2.1318209,30.1010845,6.34,4.9,1,0,Bugesera,1
-2.082765,30.255439,Brake System,1,-2.001757,30.323528,11.76,4.4,0,0,Bugesera,1
-2.122182,29.677859,Exhaust System,1,-2.0857898,29.7487565,8.86,3.4,0,0,Muhanga,1
-2.429867,29.69122,Exhaust System,1,-2.3346011,29.7504719,12.47,4.1,0,0,Nyanza,0
-1.901772,30.134494,Brake System,3,-1.977334,30.041536,13.32,3.5,0,0,Gasabo,1
-2.144802,30.100373,Engine Repair,1,-2.029254,30.30752,26.36,4.8,0,1,Bugesera,0
-1.87393,30.099135,Transmission Repair,1,-1.86719,30.037106,6.93,4.3,0,1,Gasabo,1
-1.428185,29.605664,Brake System,3,-1.487164,29.595898,6.65,4.7,0,0,Musanze,1
-2.020942,30.072593,Welding,1,-1.939068,30.113353,10.17,4.7,0,0,Kicukiro,1
-2.008689,29.73053,Air Conditioning,1,-2.025158,29.707924,3.11,4.3,1,1,Muhanga,1
-1.912092,30.435667,Diagnostic Scanning,1,-1.915973,30.476835,4.6,4.6,1,0,Rwamagana,0
-2.205853,30.190638,Bodywork,3,-2.090289,30.167293,13.11,4.8,0,1,Bugesera,0
-2.052343,29.739562,Diagnostic Scanning,1,-2.024687,29.741626,3.08,4.3,0,0,Muhanga,1
-2.300057,30.600397,Brake System,3,-2.0828383,30.7341232,28.36,4.8,0,1,Kirehe,0
-1.8576,30.047548,Diagnostic Scanning,1,-1.89858,30.07975,5.79,4.8,0,0,Gasabo,1
-1.500376,29.633128,Exhaust System,1,-1.494273,29.655737,2.6,4.8,0,0,Musanze,1
-2.338525,30.6486,Diagnostic Scanning,1,-2.1252887,30.6628645,23.76,4.5,0,1,Kirehe,0
-1.502195,29.626471,Oil Change,3,-1.478645,29.671666,5.67,4.5,0,0,Musanze,1
-2.164082,30.412029,Brake System,1,-2.074289,30.568741,20.07,3.3,0,0,Ngoma,0
-1.773525,30.092017,Exhaust System,1,-1.717602,29.908721,21.3,4.4,0,0,Rulindo,0
-2.012883,30.497394,Engine Repair,1,-1.964491,30.441984,8.18,4.7,0,0,Rwamagana,1
-1.808584,30.645601,Welding,1,-1.895364,30.663827,9.86,4.2,0,1,Kayonza,1
-1.657934,30.114443,Welding,1,-1.519507,30.088778,15.65,4.5,0,0,Gicumbi,1
-2.099284,30.477071,Air Conditioning,3,-2.12309,30.586432,12.44,4.4,0,1,Ngoma,1
-2.33793,29.796997,Suspension & Steering,3,-2.307042,29.80867,3.67,4.0,0,0,Nyanza,1
-1.524372,29.656005,Air Conditioning,3,-1.424485,29.67766,11.36,4.4,1,0,Musanze,1
-2.119066,30.572906,Bodywork,1,-2.11065,30.556816,2.02,4.9,0,0,Ngoma,1
-1.960489,30.473697,Transmission Repair,1,-1.9755899,30.4104932,7.22,4.9,0,1,Rwamagana,1
-1.949539,30.073926,Electrical Systems,3,-1.96974,30.010412,7.41,4.7,1,0,Nyarugenge,0
-1.725521,29.299233,Brake System,1,-1.686264,29.289843,4.49,4.6,0,0,Rubavu,1
-1.559015,29.581773,Welding,1,-1.4705982,29.7125421,17.55,4.0,0,0,Musanze,1
-1.955273,30.139469,Diagnostic Scanning,1,-2.002427,30.096162,7.12,4.4,0,0,Kicukiro,1
-2.631838,29.685501,Brake System,1,-2.56672,29.748633,10.08,3.4,1,1,Huye,1
-1.555292,29.581627,Transmission Repair,1,-1.473691,29.545715,9.91,4.7,0,0,Musanze,0
-2.393387,29.744703,Bodywork,1,-2.3613903,29.7751816,4.91,3.5,0,1,Nyanza,1
-1.458313,29.663305,Diagnostic Scanning,1,-1.490879,29.579699,9.97,4.1,0,1,Musanze,1
-2.234964,30.131537,Exhaust System,1,-1.973038,30.340402,37.24,4.6,0,0,Bugesera,0
-1.952309,30.057812,Transmission Repair,1,-1.964395,30.043717,2.06,4.1,0,0,Gasabo,1
-2.3745,30.59291,Transmission Repair,1,-2.135144,30.816152,36.38,4.5,0,0,Kirehe,0
-1.467195,29.561189,Engine Repair,1,-1.586125,29.612247,14.39,4.3,0,0,Musanze,0
-2.343398,30.710798,Diagnostic Scanning,1,-2.142487,30.803793,24.61,4.7,1,0,Kirehe,0
-1.948493,30.094824,Transmission Repair,1,-2.034891,30.113317,9.82,4.7,0,0,Kicukiro,1
-1.628711,29.21852,Oil Change,1,-1.690895,29.3091611,12.22,5.0,0,1,Rubavu,1
-1.731783,29.254798,Exhaust System,1,-1.6538187,29.2819912,9.18,4.8,0,1,Rubavu,1
-2.09727,29.708548,Brake System,1,-2.038567,29.734656,7.14,4.3,0,1,Muhanga,0
-2.373508,30.619105,Diagnostic Scanning,1,-2.118925,30.753397,32.0,4.5,0,0,Kirehe,0
-1.739058,29.250211,Air Conditioning,1,-1.625239,29.289157,13.38,4.6,0,0,Rubavu,1
-2.380916,29.69776,Tire & Wheel,1,-2.3429178,29.7479444,7.0,4.1,0,1,Nyanza,1
-2.292632,30.737401,Diagnostic Scanning,1,-2.1401582,30.7183005,17.09,5.0,0,1,Kirehe,1
-1.5414,30.123434,Suspension & Steering,1,-1.529533,30.072868,5.77,4.8,0,0,Gicumbi,1
-1.470234,30.072703,Electrical Systems,1,-1.506789,30.139225,8.44,3.3,0,0,Gicumbi,1
-1.806451,30.702461,Electrical Systems,3,-1.875531,30.614344,12.45,4.2,0,1,Kayonza,0
-1.95547,30.371362,Bodywork,1,-1.977232,30.477854,12.08,4.8,0,1,Rwamagana,1
-1.683648,29.25909,Brake System,1,-1.691066,29.2628758,0.93,4.9,1,1,Rubavu,1
-2.188528,30.173633,Engine Repair,1,-1.996243,30.313199,26.41,4.5,0,0,Bugesera,0
-2.552874,29.685212,Brake System,1,-2.593421,29.760895,9.54,4.9,0,0,Huye,1
-1.988475,30.471021,Suspension & Steering,1,-1.932248,30.477155,6.29,3.7,0,1,Rwamagana,1
-1.420828,29.689666,Transmission Repair,1,-1.454253,29.59357,11.31,3.3,0,1,Musanze,1
-2.297616,29.710296,Suspension & Steering,1,-2.41254,29.799238,16.15,3.3,0,0,Nyanza,0
-1.717106,29.277008,Welding,3,-1.693292,29.3118297,4.69,3.8,0,1,Rubavu,0
-2.009791,29.725143,Transmission Repair,3,-2.067584,29.725605,6.43,4.6,0,1,Muhanga,1
-2.392592,29.687168,Oil Change,1,-2.305586,29.754479,12.23,4.6,0,0,Nyanza,1
-1.934867,30.57043,Transmission Repair,1,-1.891905,30.614925,6.88,4.3,1,1,Kayonza,1
-1.95777,30.08173,Air Conditioning,1,-1.945227,30.061726,2.62,4.5,0,1,Nyarugenge,1
-2.133734,30.098384,Air Conditioning,1,-1.96142,30.305854,29.98,4.6,1,1,Bugesera,0
-2.030082,29.712354,Transmission Repair,1,-2.110515,29.749273,9.84,3.1,1,0,Muhanga,1
-1.860406,30.041807,Oil Change,1,-1.90599,30.077295,6.42,3.5,0,0,Gasabo,1
-1.948553,30.073526,Brake System,3,-1.930274,30.093999,3.05,4.6,0,1,Kicukiro,1
-1.535807,29.704323,Suspension & Steering,1,-1.469998,29.652307,9.33,4.4,0,1,Musanze,0
-1.918405,30.076902,Welding,1,-1.916133,30.075835,0.28,3.7,0,0,Gasabo,1
-2.119514,29.794127,Transmission Repair,3,-2.029876,29.733774,12.01,4.5,0,1,Muhanga,1
-1.749469,30.12362,Oil Change,1,-1.700066,29.96444,18.53,4.3,0,1,Rulindo,1
-2.64017,29.670603,Bodywork,1,-2.63113,29.815002,16.07,4.6,1,0,Huye,0
-2.071184,30.067729,Tire & Wheel,1,-1.98929,30.319272,29.4,4.6,0,0,Bugesera,0
-1.54672,29.633026,Suspension & Steering,1,-1.429887,29.613342,13.17,4.3,0,0,Musanze,0
-2.223972,30.471142,Welding,1,-2.12728,30.545931,13.59,4.1,0,0,Ngoma,1
-2.040468,29.729447,Diagnostic Scanning,1,-2.0913708,29.7364524,5.71,4.8,1,1,Muhanga,0
-2.408721,29.725608,Diagnostic Scanning,3,-2.3951934,29.7628427,4.4,4.2,0,0,Nyanza,0
-1.733293,30.12789,Transmission Repair,1,-1.705486,29.963791,18.5,3.0,0,0,Rulindo,0
-1.934768,30.093639,Air Conditioning,1,-1.939808,30.089398,0.73,4.5,0,0,Nyarugenge,1
-2.094105,29.734537,Suspension & Steering,1,-2.0780966,29.762428,3.57,4.4,0,0,Muhanga,1
-1.985577,30.462174,Suspension & Steering,3,-1.939274,30.461437,5.15,4.3,0,1,Rwamagana,1
-2.56436,29.68369,Electrical Systems,1,-2.578364,29.665056,2.59,4.7,0,0,Huye,1
-2.393899,30.603368,Brake System,1,-2.154544,30.759196,31.75,4.1,0,1,Kirehe,0
-1.505788,29.596309,Welding,1,-1.5435505,29.7098389,13.3,4.8,0,1,Musanze,1
-2.542935,29.782381,Transmission Repair,1,-2.585616,29.765586,5.1,4.3,0,0,Huye,1
-2.192114,30.449344,Suspension & Steering,1,-2.113495,30.466593,8.95,4.7,0,1,Ngoma,1
-2.138394,29.821008,Tire & Wheel,3,-2.0655459,29.7912592,8.75,4.3,0,1,Muhanga,1
-1.989795,30.072469,Welding,1,-2.016795,30.157521,9.92,4.3,1,1,Kicukiro,1
-2.168145,30.406321,Oil Change,3,-2.122568,30.595488,21.62,4.3,0,1,Ngoma,0
-1.554089,29.65228,Diagnostic Scanning,3,-1.547578,29.568389,9.35,4.6,0,0,Musanze,1
-2.008907,30.14174,Suspension & Steering,1,-1.97555,30.061384,9.67,4.5,0,0,Kicukiro,1
-1.816821,30.712709,Diagnostic Scanning,1,-1.94489,30.641433,16.3,3.8,1,1,Kayonza,0
-1.751914,29.318788,Welding,1,-1.703691,29.193464,14.93,4.9,0,0,Rubavu,0
-2.111072,29.769027,Brake System,1,-2.055589,29.702122,9.66,4.0,0,0,Muhanga,1
-2.002039,30.469317,Transmission Repair,3,-1.953147,30.509842,7.06,4.2,1,1,Rwamagana,1
-2.071068,30.531107,Oil Change,1,-2.108014,30.579689,6.78,4.2,0,0,Ngoma,1
-2.299731,29.744393,Bodywork,1,-2.308451,29.7823,4.32,4.4,0,0,Nyanza,1
-1.690837,30.121281,Tire & Wheel,1,-1.7124454,30.0099851,12.6,4.9,0,0,Rulindo,1
-1.966972,30.024428,Electrical Systems,3,-1.923572,30.035973,4.99,4.8,0,0,Nyarugenge,1
-1.970933,30.05523,Welding,3,-1.910026,30.029225,7.36,4.7,1,1,Nyarugenge,0
-1.486777,29.613216,Electrical Systems,3,-1.492338,29.590858,2.56,4.7,0,0,Musanze,0
-1.454097,29.696105,Tire & Wheel,1,-1.42978,29.661552,4.7,4.4,0,0,Musanze,1
-1.642156,29.288475,Bodywork,1,-1.6597866,29.2818987,2.09,4.6,0,0,Rubavu,1
-2.356306,29.690165,Welding,1,-2.38531,29.7305307,5.52,4.3,0,1,Nyanza,0
-1.477875,30.094367,Electrical Systems,3,-1.510535,30.067322,4.71,4.5,0,1,Gicumbi,1
-1.8915,30.497786,Engine Repair,1,-1.9524928,30.4186082,11.11,4.1,0,1,Rwamagana,1
-1.542355,30.044787,Tire & Wheel,1,-1.5584322,29.9886191,6.49,3.8,0,0,Gicumbi,1
-2.282139,29.675009,Bodywork,1,-2.343224,29.721223,8.51,3.8,0,0,Nyanza,1
-2.272403,30.621129,Suspension & Steering,1,-2.132513,30.815461,26.61,4.6,0,1,Kirehe,0
-2.559709,29.72359,Suspension & Steering,3,-2.604799,29.728439,5.04,4.5,0,0,Huye,1
-1.438635,29.598211,Brake System,1,-1.453392,29.552444,5.35,4.0,0,1,Musanze,1
-2.115961,30.127371,Engine Repair,1,-2.1010866,30.1033907,3.14,4.4,0,1,Bugesera,1
-1.890982,30.124551,Tire & Wheel,1,-1.942436,30.026249,12.33,4.2,0,1,Gasabo,1
-2.26511,30.104032,Transmission Repair,3,-2.023691,30.322488,36.19,4.7,0,0,Bugesera,0
-1.719836,30.069297,Transmission Repair,1,-1.71525,29.930445,15.44,4.6,0,1,Rulindo,0
-1.658958,30.019655,Oil Change,1,-1.533783,30.061202,14.66,4.7,0,0,Gicumbi,0
-2.234439,30.471359,Brake System,1,-2.078893,30.562488,20.04,4.7,1,1,Ngoma,0
-1.914388,30.01907,Suspension & Steering,3,-1.9309509,30.0469333,3.6,3.9,0,1,Nyarugenge,1
-1.983934,30.481325,Oil Change,1,-1.925223,30.421698,9.3,3.0,1,0,Rwamagana,1
-1.91555,30.483999,Air Conditioning,1,-1.9540013,30.4329588,7.1,3.5,0,1,Rwamagana,0
-1.874367,30.700269,Tire & Wheel,1,-1.9282601,30.4937545,23.72,3.4,0,0,Kayonza,0
-2.635602,29.702304,Electrical Systems,1,-2.589608,29.775121,9.57,4.9,0,1,Huye,0
-1.426638,29.663603,Electrical Systems,1,-1.495564,29.665249,7.67,4.5,0,0,Musanze,1
-2.315599,30.703919,Engine Repair,1,-2.155378,30.819503,21.96,4.1,1,0,Kirehe,0
-2.154296,30.480916,Exhaust System,1,-2.129344,30.564326,9.67,4.5,0,0,Ngoma,1
-2.141912,30.100307,Oil Change,1,-2.25,30.16,13.73,3.7,0,1,Bugesera,1
-1.948825,30.084956,Bodywork,1,-1.99336,30.16689,10.36,4.7,0,0,Kicukiro,1
-2.32585,30.595385,Welding,1,-2.0990385,30.6445614,25.81,3.9,0,0,Kirehe,0
-2.089421,30.24438,Brake System,1,-2.04456,30.326901,10.44,4.3,0,0,Bugesera,0
-2.106854,29.697062,Brake System,1,-2.091813,29.7718626,8.48,4.7,0,0,Muhanga,0
-1.652,29.974022,Diagnostic Scanning,1,-1.6363688,30.1047164,14.63,4.6,0,0,Gicumbi,1
-1.957165,30.738168,Exhaust System,1,-1.79546,30.728726,18.01,4.8,0,1,Kayonza,0
-1.558793,29.682361,Diagnostic Scanning,3,-1.497552,29.607808,10.73,4.7,0,0,Musanze,1
-2.067162,29.793907,Brake System,1,-2.143229,29.681683,15.07,4.8,0,0,Muhanga,1
-2.093565,30.187694,Electrical Systems,1,-1.996276,30.330209,19.18,2.5,1,0,Bugesera,0
-1.977787,30.121275,Engine Repair,1,-2.015893,30.089749,5.5,4.0,0,0,Kicukiro,0
-1.907709,30.644177,Bodywork,1,-1.87549,30.63105,3.87,4.6,0,0,Kayonza,1
-2.209451,30.543383,Transmission Repair,1,-2.134572,30.585608,9.56,4.2,0,0,Ngoma,1
-2.239294,30.10927,Suspension & Steering,1,-2.1058806,30.0958289,14.91,4.6,0,0,Bugesera,1
-2.088427,30.459436,Exhaust System,1,-2.125193,30.549308,10.79,4.7,0,0,Ngoma,0
-1.672974,30.002439,Air Conditioning,3,-1.721639,29.93789,8.99,4.4,0,1,Rulindo,0
-1.637596,29.229226,Tire & Wheel,1,-1.75961,29.218618,13.62,4.5,0,1,Rubavu,0
-1.53222,30.131959,Engine Repair,1,-1.5395923,30.0435214,9.86,3.5,0,1,Gicumbi,0
-1.934598,30.09326,Oil Change,1,-1.953996,30.074255,3.02,4.0,0,0,Gasabo,0
-1.671314,29.279498,Electrical Systems,1,-1.7131659,29.308592,5.67,4.2,0,0,Rubavu,1
-1.934553,30.447296,Welding,1,-1.966948,30.465223,4.12,4.6,0,0,Rwamagana,1
-1.531292,30.08495,Diagnostic Scanning,3,-1.527653,29.967529,13.06,4.8,0,1,Gicumbi,0
-2.050786,29.681851,Brake System,3,-2.071993,29.738745,6.75,5.0,0,1,Muhanga,1
-2.374554,29.673874,Transmission Repair,1,-2.344413,29.72428,6.53,3.8,0,0,Nyanza,1
-1.774421,30.060554,Bodywork,1,-1.730969,29.921647,16.18,3.3,0,0,Rulindo,0
-1.986811,30.476165,Exhaust System,1,-1.962148,30.431916,5.63,5.0,0,0,Rwamagana,1
-1.943588,30.466459,Welding,1,-1.92037,30.506108,5.11,4.6,0,1,Rwamagana,0
-2.080129,29.769155,Air Conditioning,1,-2.088862,29.702266,7.5,4.0,0,1,Muhanga,1
-2.291525,29.73869,Exhaust System,1,-2.303399,29.727823,1.79,4.7,0,0,Nyanza,1
-2.34368,29.778002,Brake System,3,-2.338754,29.767734,1.27,4.5,1,1,Nyanza,1
-1.798504,30.07251,Oil Change,1,-1.704534,29.968476,15.58,3.8,0,0,Rulindo,1
-1.61253,29.258961,Tire & Wheel,1,-1.741052,29.183181,16.59,4.6,1,0,Rubavu,0
-2.085069,29.823952,Exhaust System,1,-2.046311,29.764705,7.87,4.6,0,0,Muhanga,1
-1.551058,29.584707,Air Conditioning,1,-1.534862,29.657801,8.32,4.1,1,0,Musanze,1
-1.958577,30.025068,Air Conditioning,1,-1.914782,30.109492,10.57,4.7,0,0,Gasabo,1
-1.456921,29.667355,Air Conditioning,1,-1.532405,29.548288,15.67,4.4,1,1,Musanze,1
-2.234213,30.502597,Suspension & Steering,1,-2.122261,30.572807,14.69,4.3,1,1,Ngoma,0
-2.260606,30.600126,Engine Repair,1,-2.394392,30.707716,19.08,3.7,0,0,Kirehe,0
-2.144672,30.125248,Welding,1,-2.1590584,30.1063987,2.64,5.0,0,1,Bugesera,0
-2.355793,30.706736,Brake System,3,-2.116526,30.800531,28.57,4.3,1,1,Kirehe,0
-1.942319,30.133695,Suspension & Steering,3,-1.913416,30.137209,3.24,4.5,0,1,Gasabo,1
-1.833903,30.712951,Exhaust System,1,-1.902623,30.609703,13.79,4.8,0,1,Kayonza,0
-1.930117,30.072395,Engine Repair,1,-1.963453,30.1684,11.29,3.0,0,0,Kicukiro,0
-2.219913,30.112574,Engine Repair,1,-2.208486,30.1742205,6.97,5.0,0,1,Bugesera,0
-2.153511,30.258705,Bodywork,1,-2.18,30.11,16.78,4.1,0,1,Bugesera,1
-1.946252,30.449464,Tire & Wheel,1,-1.945329,30.461931,1.39,3.0,0,1,Rwamagana,0
-1.866804,30.136952,Transmission Repair,1,-1.9036396,30.1006118,5.75,4.3,0,0,Gasabo,1
-2.075433,29.803254,Electrical Systems,1,-2.162964,29.772084,10.33,3.3,0,1,Muhanga,1
-1.761488,30.060369,Air Conditioning,1,-1.7646423,30.027481,3.67,3.0,0,1,Rulindo,1
-1.602393,29.324977,Electrical Systems,1,-1.60535,29.322163,0.45,4.0,0,1,Rubavu,1
-2.096279,30.448443,Oil Change,3,-2.063503,30.481816,5.2,4.2,1,0,Ngoma,1
-1.904326,30.092293,Welding,1,-1.882001,30.101666,2.69,3.1,0,0,Gasabo,0
-2.35912,29.761867,Engine Repair,1,-2.3932124,29.7698043,3.89,3.2,0,1,Nyanza,1
-2.040132,29.723368,Suspension & Steering,1,-2.0811073,29.7990627,9.57,4.6,0,0,Muhanga,0
-2.623705,29.687812,Brake System,1,-2.646321,29.695135,2.64,3.8,0,0,Huye,1
-1.867937,30.078554,Brake System,1,-1.925403,30.040638,7.65,4.8,1,0,Gasabo,1
-2.198984,30.536681,Air Conditioning,1,-2.099884,30.555775,11.22,4.0,0,0,Ngoma,1
-2.017038,30.404291,Bodywork,3,-1.926798,30.511001,15.53,4.5,0,1,Rwamagana,1
-2.2346,30.191175,Welding,1,-2.032701,30.288163,24.9,4.5,0,0,Bugesera,0
-2.660907,29.677691,Air Conditioning,3,-2.6465385,29.7643978,9.76,3.8,1,0,Huye,0
-1.938558,30.363041,Welding,1,-1.998007,30.492618,15.84,4.9,1,0,Rwamagana,1
-1.785136,30.087051,Exhaust System,1,-1.679281,29.951707,19.1,4.6,0,0,Rulindo,1
-1.957744,30.421999,Engine Repair,1,-1.9510662,30.4726174,5.67,4.5,0,1,Rwamagana,1
-2.285505,30.730749,Engine Repair,3,-2.401057,30.688716,13.67,4.4,0,0,Kirehe,1
-2.018458,30.385005,Bodywork,1,-1.916346,30.515131,18.39,4.4,0,0,Rwamagana,1
-2.593071,29.691006,Oil Change,1,-2.590471,29.776843,9.54,4.9,0,0,Huye,1
-2.641609,29.762398,Engine Repair,3,-2.624909,29.716664,5.41,4.4,0,1,Huye,1
-1.862103,30.731567,Exhaust System,1,-1.874112,30.608525,13.74,4.6,0,0,Kayonza,1
-1.950475,30.039022,Air Conditioning,1,-1.956313,30.088132,5.5,4.6,0,1,Nyarugenge,0
-1.92684,30.05193,Engine Repair,1,-1.871343,30.042707,6.26,4.6,0,1,Gasabo,1
-1.752646,29.236354,Diagnostic Scanning,1,-1.720143,29.263148,4.68,3.3,0,0,Rubavu,1
-1.57705,29.620269,Diagnostic Scanning,3,-1.511787,29.635066,7.44,4.0,0,1,Musanze,0
-1.656958,29.277665,Diagnostic Scanning,1,-1.723785,29.170851,14.01,4.5,0,0,Rubavu,0
-2.094106,30.528107,Oil Change,1,-2.150666,30.614746,11.5,4.7,0,0,Ngoma,1
-2.411496,30.655504,Electrical Systems,1,-2.097639,30.755668,36.63,5.0,1,0,Kirehe,0
-2.120709,29.676808,Welding,1,-2.073066,29.703579,6.08,4.4,0,0,Muhanga,0
-1.972113,30.051392,Electrical Systems,1,-1.928728,30.105339,7.7,3.5,0,0,Nyarugenge,1
-1.995267,30.475418,Exhaust System,1,-1.937547,30.511514,7.57,3.5,0,1,Rwamagana,1
-2.29189,29.692216,Diagnostic Scanning,3,-2.324643,29.767608,9.13,4.0,0,1,Nyanza,1
-1.988571,30.088997,Tire & Wheel,1,-1.968309,30.032178,6.7,3.0,0,0,Nyarugenge,1
-1.798653,30.562169,Air Conditioning,1,-1.878343,30.634536,11.97,4.4,0,0,Kayonza,1
-1.884172,30.486826,Air Conditioning,3,-1.956785,30.519272,8.84,4.8,0,0,Rwamagana,1
-1.912343,30.059026,Air Conditioning,1,-1.976154,30.083549,7.6,4.6,1,0,Nyarugenge,1
-2.55103,29.755936,Tire & Wheel,1,-2.624341,29.78606,8.81,3.3,0,0,Huye,1
-2.583937,29.728416,Engine Repair,1,-2.5965,29.786992,6.65,4.0,0,1,Huye,1
-2.239284,30.207954,Bodywork,1,-2.043749,30.354407,27.16,4.5,0,0,Bugesera,0
-1.797997,30.106765,Welding,1,-1.7575231,29.9505723,17.93,4.3,0,0,Rulindo,0
-2.364405,29.741573,Tire & Wheel,1,-2.335001,29.774585,4.91,4.7,0,1,Nyanza,1
-2.373801,30.744503,Tire & Wheel,1,-2.333348,30.717336,5.42,4.2,0,1,Kirehe,1
-2.618342,29.694473,Diagnostic Scanning,1,-2.540917,29.786681,13.38,5.0,1,1,Huye,0
-1.930476,30.643506,Engine Repair,1,-1.904714,30.625374,3.5,4.1,0,1,Kayonza,1
-2.107854,30.438744,Air Conditioning,1,-2.119328,30.622813,20.49,3.8,0,1,Ngoma,0
-1.921235,30.045256,Suspension & Steering,3,-1.905842,30.066784,2.94,4.1,0,0,Nyarugenge,1
-1.541328,29.648986,Exhaust System,1,-1.530272,29.547378,11.36,4.5,0,1,Musanze,0
-2.084666,30.111579,Welding,1,-2.159218,30.221691,14.78,4.3,0,0,Bugesera,0
-2.00203,29.694096,Engine Repair,1,-2.061988,29.745125,8.75,3.8,0,0,Muhanga,1
-2.224088,30.521355,Bodywork,1,-2.088417,30.622848,18.84,4.8,0,0,Ngoma,1
-1.9843,30.053024,Oil Change,1,-1.9743643,30.0600824,1.35,4.0,1,1,Nyarugenge,0
-2.564472,29.709917,Electrical Systems,3,-2.561657,29.804133,10.47,4.2,0,0,Huye,1
-2.024688,29.753212,Transmission Repair,1,-2.0518701,29.7939056,5.44,4.2,1,1,Muhanga,1
-2.305163,29.731422,Suspension & Steering,1,-2.350774,29.756708,5.8,4.1,0,0,Nyanza,1
-1.655873,29.198544,Diagnostic Scanning,1,-1.723598,29.186487,7.65,4.3,0,0,Rubavu,1
-1.863789,30.083712,Suspension & Steering,1,-1.887932,30.088657,2.74,3.1,0,0,Gasabo,0
-1.55557,29.660005,Exhaust System,1,-1.533247,29.579463,9.29,3.3,0,0,Musanze,1
-2.231473,30.451587,Brake System,1,-2.110424,30.585225,20.04,4.5,0,1,Ngoma,0
-2.350606,30.644584,Tire & Wheel,1,-2.436672,30.576492,12.2,3.1,0,0,Kirehe,1
-1.946937,30.399149,Tire & Wheel,1,-1.967567,30.431282,4.24,5.0,0,0,Rwamagana,1
-2.129411,30.467269,Electrical Systems,1,-2.055171,30.40607,10.7,3.7,0,0,Ngoma,0
-1.475786,29.567387,Engine Repair,1,-1.445143,29.581809,3.77,4.3,0,0,Musanze,1
-2.385307,30.652179,Diagnostic Scanning,1,-2.298716,30.572846,13.05,4.3,1,0,Kirehe,0
-2.359067,30.715854,Transmission Repair,1,-2.08,30.68,31.29,4.5,0,1,Kirehe,0
-2.163912,30.178703,Brake System,1,-2.2795757,30.2355611,14.33,3.2,0,1,Bugesera,0
-2.666944,29.742119,Transmission Repair,1,-2.62804,29.748657,4.39,4.4,0,0,Huye,1
-1.742595,30.006046,Welding,3,-1.6952439,29.9293405,10.02,4.8,1,0,Rulindo,1
-1.876062,30.138089,Bodywork,1,-1.9307902,30.13982,6.09,4.8,0,0,Gasabo,1
-1.969863,30.126384,Exhaust System,3,-1.9566538,30.0732265,6.09,3.0,0,0,Kicukiro,1
-2.188735,30.54176,Exhaust System,1,-2.154134,30.556278,4.17,5.0,0,0,Ngoma,1
-2.291334,29.816961,Suspension & Steering,1,-2.348259,29.735234,11.07,4.6,1,1,Nyanza,1
-2.232378,30.480089,Air Conditioning,1,-2.138145,30.530688,11.89,4.7,0,1,Ngoma,0
-1.943586,30.620531,Oil Change,1,-1.886915,30.665959,8.07,3.0,0,0,Kayonza,1
-1.601976,29.182597,Engine Repair,1,-1.652324,29.302286,14.43,4.4,1,0,Rubavu,1
-2.305175,29.711824,Suspension & Steering,1,-2.291741,29.771133,6.76,4.5,0,0,Nyanza,1
-2.153636,30.576048,Welding,1,-2.1336404,30.5253754,6.05,3.2,0,0,Ngoma,1
-2.216434,30.40931,Brake System,1,-2.091933,30.610098,26.26,4.9,0,1,Ngoma,0
-1.914367,30.036265,Electrical Systems,1,-1.903641,30.082871,5.32,4.4,1,1,Nyarugenge,0
-2.02093,30.092366,Tire & Wheel,1,-2.008468,30.058355,4.03,4.7,0,1,Kicukiro,1
-1.802581,30.650434,Exhaust System,1,-1.885835,30.605668,10.51,4.6,0,0,Kayonza,1
-2.118586,29.750727,Oil Change,1,-2.085334,29.73817,3.95,4.6,0,0,Muhanga,1
-2.302475,29.73172,Electrical Systems,1,-2.428023,29.707844,14.21,3.2,0,0,Nyanza,1
-1.673124,30.052382,Bodywork,1,-1.7094105,29.9560777,11.44,5.0,0,0,Rulindo,1
-2.163855,30.255305,Electrical Systems,1,-2.2416439,30.1997742,10.62,4.8,0,0,Bugesera,1
-1.977804,30.36435,Diagnostic Scanning,1,-1.902603,30.486964,15.99,3.9,0,0,Rwamagana,1
-2.377306,29.692029,Welding,1,-2.352986,29.807267,13.09,4.5,0,0,Nyanza,1
-1.994615,30.454474,Transmission Repair,1,-1.917162,30.492334,9.59,4.0,0,1,Rwamagana,1
-1.983113,30.40973,Engine Repair,3,-1.9769203,30.4179514,1.14,3.6,0,0,Rwamagana,1
-2.110985,30.483972,Air Conditioning,1,-2.1421789,30.5661569,9.77,4.7,0,0,Ngoma,0
-1.702192,29.31642,Exhaust System,1,-1.65867,29.345306,5.81,3.4,0,1,Rubavu,1
-2.20151,30.562016,Diagnostic Scanning,3,-2.124771,30.60372,9.71,4.5,0,0,Ngoma,1
-1.928882,30.029678,Oil Change,1,-1.866223,30.134509,13.57,4.1,0,1,Gasabo,1
-2.14017,29.708155,Oil Change,3,-2.082666,29.743,7.48,4.5,0,0,Muhanga,1
-1.520578,29.97615,Transmission Repair,1,-1.5742417,30.094768,14.47,4.4,1,1,Gicumbi,0
-2.290095,29.757045,Electrical Systems,1,-2.311414,29.742844,2.85,4.3,0,1,Nyanza,1
-1.646343,29.294174,Brake System,1,-1.647388,29.203724,10.05,4.4,0,0,Rubavu,1
-1.929015,30.044543,Suspension & Steering,1,-1.978759,30.143628,12.32,5.0,0,0,Gasabo,0
-2.076933,29.75532,Diagnostic Scanning,1,-2.085681,29.7374,2.22,4.7,0,0,Muhanga,1
-2.584165,29.671977,Brake System,1,-2.591331,29.776169,11.6,4.8,0,0,Huye,1
-1.611573,29.222332,Suspension & Steering,1,-1.6849471,29.3057206,12.35,5.0,0,0,Rubavu,1
-2.019175,30.074025,Electrical Systems,1,-1.9831343,30.1072332,5.45,5.0,0,1,Kicukiro,0
-2.215219,30.066562,Transmission Repair,1,-2.1885973,30.1626293,11.08,3.4,0,0,Bugesera,0
-1.549129,29.610579,Transmission Repair,1,-1.5082388,29.6397555,5.58,4.0,0,0,Musanze,1
-2.098373,29.724241,Oil Change,3,-2.1124046,29.7837597,6.8,3.7,0,0,Muhanga,1
-2.145643,29.674033,Air Conditioning,1,-2.0894417,29.7974996,15.08,4.4,1,0,Muhanga,1
-1.973831,30.075532,Suspension & Steering,1,-1.983855,30.104058,3.36,4.7,0,1,Nyarugenge,1
-2.262865,30.660759,Engine Repair,1,-2.129371,30.773686,19.44,4.8,0,1,Kirehe,1
-2.595545,29.714041,Air Conditioning,1,-2.539604,29.727582,6.4,4.6,0,1,Huye,1
-2.102344,30.551969,Diagnostic Scanning,1,-2.119239,30.553033,1.88,3.8,1,0,Ngoma,1
-2.090899,30.14687,Brake System,3,-2.208022,30.242489,16.81,3.0,0,0,Bugesera,0
-1.824848,30.615523,Engine Repair,3,-1.900776,30.625737,8.52,4.3,1,1,Kayonza,1
-1.889906,30.373208,Air Conditioning,1,-1.921746,30.420492,6.34,4.1,0,1,Rwamagana,1
-2.036785,29.684923,Welding,1,-2.059022,29.714008,4.07,4.5,0,1,Muhanga,0
-2.055003,29.675469,Oil Change,1,-2.06677,29.767064,10.26,4.0,0,0,Muhanga,1
-1.452124,29.646386,Exhaust System,1,-1.520935,29.547407,13.4,4.4,0,1,Musanze,1
-2.085765,30.417619,Air Conditioning,1,-2.079785,30.614559,21.89,4.3,0,1,Ngoma,0
-1.743732,29.996793,Air Conditioning,1,-1.7519698,29.9610313,4.08,3.8,0,0,Rulindo,1
-1.95725,30.39713,Suspension & Steering,3,-1.913789,30.472219,9.64,4.3,0,1,Rwamagana,1
-1.741984,30.130706,Engine Repair,1,-1.735999,29.933679,21.91,4.7,0,1,Rulindo,0
-2.381339,30.730874,Tire & Wheel,1,-2.146515,30.785725,26.81,4.6,1,0,Kirehe,0
-1.963775,30.055201,Brake System,3,-1.916933,30.018521,6.61,4.4,0,0,Nyarugenge,0
-2.373161,29.70118,Welding,1,-2.3474916,29.7337415,4.61,3.8,0,1,Nyanza,1
-2.402676,30.633347,Bodywork,1,-2.11867,30.786843,35.89,4.1,0,1,Kirehe,0
-1.940789,30.417877,Engine Repair,1,-1.917411,30.470826,6.43,3.7,1,0,Rwamagana,1
-1.984059,30.495768,Bodywork,1,-1.979504,30.503692,1.02,4.2,0,0,Rwamagana,0
-2.28875,30.744167,Transmission Repair,1,-2.12752,30.776553,18.29,5.0,0,0,Kirehe,1
-1.978632,30.057117,Transmission Repair,1,-1.912474,30.02646,8.11,3.8,0,0,Nyarugenge,1
-1.996203,30.474552,Suspension & Steering,1,-1.9367593,30.4787347,6.63,4.2,0,1,Rwamagana,1
-1.968924,30.089368,Engine Repair,1,-1.942215,30.038829,6.35,4.3,0,0,Nyarugenge,0
-1.956178,30.092663,Air Conditioning,1,-1.9458757,30.0994033,1.37,3.2,0,1,Gasabo,0
-1.962938,30.096743,Bodywork,3,-1.845692,30.024093,15.33,4.3,0,0,Gasabo,1
-1.924728,30.020402,Diagnostic Scanning,1,-1.967233,30.103936,10.42,4.4,0,0,Nyarugenge,1
-2.118631,29.776068,Oil Change,1,-2.082205,29.756998,4.57,4.7,0,1,Muhanga,1
-2.421012,29.809928,Tire & Wheel,1,-2.342391,29.7646995,10.08,4.6,0,0,Nyanza,0
-2.011403,30.082327,Oil Change,1,-1.935477,30.113597,9.13,5.0,0,0,Kicukiro,0
-1.899484,30.111167,Suspension & Steering,1,-1.894702,30.076263,3.92,4.8,0,0,Gasabo,1
-1.998119,30.374581,Welding,1,-1.975982,30.442379,7.93,4.5,0,0,Rwamagana,0
-2.000038,29.742856,Bodywork,1,-2.1037557,29.7839342,12.4,3.6,0,0,Muhanga,1
-2.602467,29.79913,Engine Repair,3,-2.628122,29.695634,11.84,4.3,0,0,Huye,1
-2.224203,30.420523,Suspension & Steering,1,-2.149987,30.549752,16.56,4.3,0,0,Ngoma,1
-1.856301,30.062766,Oil Change,1,-1.911557,30.143109,10.84,3.3,0,0,Gasabo,1
-1.994484,30.095245,Diagnostic Scanning,3,-1.98154,30.140591,5.24,4.9,0,1,Kicukiro,1
-1.631991,30.129675,Electrical Systems,3,-1.48105,30.075686,17.82,4.3,0,0,Gicumbi,1
-1.769471,30.102844,Engine Repair,1,-1.706552,29.989043,14.45,4.7,1,1,Rulindo,1
-2.014575,30.451522,Air Conditioning,3,-1.952097,30.508139,9.37,4.8,0,1,Rwamagana,1
-1.929318,30.103655,Tire & Wheel,1,-1.915344,30.102976,1.56,4.0,0,0,Gasabo,0
-1.856018,30.114822,Electrical Systems,1,-1.936808,30.027984,13.18,3.5,0,0,Gasabo,1
-2.094747,30.087294,Diagnostic Scanning,1,-2.03752,30.352692,30.17,4.8,0,0,Bugesera,0
-2.618432,29.745204,Oil Change,1,-2.6211952,29.776224,3.46,3.5,0,1,Huye,1
-2.628438,29.678488,Suspension & Steering,1,-2.587393,29.745589,8.74,4.7,0,0,Huye,1
-2.384181,30.639466,Oil Change,1,-2.0540851,30.7304906,38.07,4.1,0,1,Kirehe,0
-2.204547,30.447141,Engine Repair,3,-2.1481243,30.5410176,12.17,4.5,0,0,Ngoma,1
-1.697895,29.235261,Transmission Repair,3,-1.761879,29.294187,9.67,4.5,0,0,Rubavu,0
-1.905931,30.117623,Tire & Wheel,1,-1.92,30.102,2.34,4.5,0,1,Gasabo,1
-1.715997,30.144592,Bodywork,1,-1.702632,29.974751,18.94,4.7,0,0,Rulindo,0
-2.146044,30.563764,Transmission Repair,1,-2.137906,30.580346,2.05,4.3,1,0,Ngoma,0
-2.150605,29.738656,Brake System,1,-2.046388,29.717435,11.83,4.6,0,0,Muhanga,1
-1.648269,29.337874,Welding,1,-1.713457,29.342346,7.27,3.5,0,0,Rubavu,1
-1.795154,30.079921,Suspension & Steering,1,-1.735127,29.96181,14.73,4.6,0,0,Rulindo,1
-1.979875,30.075122,Brake System,1,-1.941918,30.0442993,5.44,4.5,0,0,Nyarugenge,1
-2.044251,29.809098,Suspension & Steering,1,-2.041987,29.731736,8.6,2.5,0,0,Muhanga,0
-1.479368,29.64799,Suspension & Steering,1,-1.439535,29.634613,4.67,4.2,0,0,Musanze,0
-1.818358,30.71643,Suspension & Steering,1,-1.87703,30.605374,13.96,4.7,0,0,Kayonza,1
-1.804171,30.07899,Transmission Repair,1,-1.729885,29.935759,17.93,4.1,0,0,Rulindo,0
-2.097931,30.18968,Brake System,1,-2.1786778,30.1698895,9.24,3.4,0,1,Bugesera,1
-1.987978,30.06881,Bodywork,1,-2.010509,30.062705,2.6,4.7,0,0,Kicukiro,0
-1.959622,30.070436,Engine Repair,1,-2.0313691,30.0800975,8.05,3.2,1,1,Kicukiro,1
-1.982513,30.086042,Transmission Repair,1,-1.976239,30.027826,6.51,4.7,0,1,Nyarugenge,1
-2.394037,30.622616,Oil Change,1,-2.089239,30.730695,35.96,4.8,0,1,Kirehe,0
-1.604469,29.29331,Oil Change,1,-1.69519,29.246682,11.34,4.5,0,0,Rubavu,1
-1.999237,30.079913,Brake System,1,-2.024257,30.041585,5.09,4.7,0,0,Kicukiro,0
-1.962886,30.691127,Transmission Repair,3,-1.879859,30.643596,10.64,4.3,0,0,Kayonza,0
-1.579223,29.666719,Brake System,3,-1.588491,29.704072,4.28,3.4,0,0,Musanze,1
-1.42818,29.67104,Brake System,1,-1.5435563,29.6175927,14.14,4.8,0,0,Musanze,1
-2.342512,30.648505,Transmission Repair,1,-2.148197,30.756777,24.73,4.3,0,0,Kirehe,0
-2.205071,30.164343,Electrical Systems,1,-2.000555,30.34207,30.12,4.1,0,0,Bugesera,0
-1.942147,30.08685,Engine Repair,1,-1.981395,30.085886,4.37,3.0,0,1,Nyarugenge,1
-2.280798,29.672599,Transmission Repair,1,-2.3283685,29.7661888,11.67,4.4,0,1,Nyanza,1
-2.131087,29.726339,Diagnostic Scanning,1,-2.0662023,29.7436341,7.47,4.7,0,0,Muhanga,1
-1.979754,30.384435,Welding,1,-2.027608,30.389011,5.35,4.6,1,0,Rwamagana,1
-1.730594,30.137079,Bodywork,3,-1.695228,29.916899,24.79,3.8,0,0,Rulindo,0
-2.424133,30.582056,Suspension & Steering,1,-2.304645,30.666482,16.26,4.5,0,0,Kirehe,1
-2.41555,30.617291,Air Conditioning,1,-2.103704,30.806984,40.58,4.2,0,1,Kirehe,0
-1.792515,30.597613,Welding,1,-1.968796,30.670917,21.23,3.9,0,1,Kayonza,0
-2.068217,29.74968,Suspension & Steering,1,-2.152369,29.819115,12.13,3.8,0,0,Muhanga,0
-1.48713,29.610278,Bodywork,1,-1.5344286,29.5904925,5.7,3.7,0,1,Musanze,0
-1.978914,30.049271,Bodywork,1,-1.95034,30.085906,5.16,4.5,0,0,Nyarugenge,1
-2.115843,30.556283,Air Conditioning,3,-2.077138,30.590508,5.74,4.5,0,1,Ngoma,1
-1.973225,30.056914,Engine Repair,3,-1.9954048,30.087476,4.2,3.8,0,0,Kicukiro,1
-1.996155,30.369679,Brake System,1,-1.941644,30.503933,16.1,4.7,0,0,Rwamagana,1
-1.979672,30.461324,Electrical Systems,1,-1.941466,30.475619,4.54,4.2,0,1,Rwamagana,1
-1.958048,30.715259,Suspension & Steering,1,-1.880013,30.654975,10.96,4.5,0,0,Kayonza,1
-2.021107,30.052376,Transmission Repair,1,-2.027039,30.098996,5.22,5.0,0,0,Kicukiro,0
-1.800994,30.126581,Oil Change,1,-1.747642,29.978169,17.53,4.5,0,0,Rulindo,0
-2.331311,30.646724,Electrical Systems,1,-2.067913,30.6069685,29.62,3.0,0,1,Kirehe,0
-2.110895,30.15778,Transmission Repair,1,-2.082171,30.148839,3.34,4.3,0,1,Bugesera,1
-2.281745,29.684021,Electrical Systems,1,-2.316312,29.769697,10.27,4.2,0,1,Nyanza,1
-2.307087,29.66828,Bodywork,1,-2.3344856,29.7497566,9.55,4.6,0,1,Nyanza,1
-1.438186,29.656434,Transmission Repair,1,-1.425332,29.696746,4.7,4.0,0,0,Musanze,1
-2.306661,30.617397,Bodywork,1,-2.144738,30.824959,29.26,4.0,0,1,Kirehe,0
-1.904015,30.65386,Diagnostic Scanning,1,-1.89546,30.678752,2.93,4.0,0,0,Kayonza,0
-2.156799,30.458842,Suspension & Steering,1,-2.139521,30.565109,11.96,4.0,0,0,Ngoma,0
-2.119864,29.728408,Bodywork,3,-2.0985597,29.7282253,2.37,4.1,1,0,Muhanga,0
-1.556009,29.689537,Suspension & Steering,3,-1.5024602,29.6133659,10.35,4.4,0,0,Musanze,1
-1.643243,30.088772,Brake System,3,-1.535588,30.086803,11.97,4.5,0,1,Gicumbi,1
-2.100467,30.107507,Electrical Systems,3,-1.998606,30.303493,24.55,4.4,0,0,Bugesera,0
-2.438621,29.66756,Brake System,1,-2.34571,29.823572,20.18,4.4,0,0,Nyanza,0
-2.03804,29.82795,Electrical Systems,1,-2.0549018,29.79973,3.65,4.4,0,1,Muhanga,1
-1.880231,30.033623,Brake System,1,-1.923913,30.097678,8.62,4.3,1,0,Gasabo,1
-2.065259,29.790972,Oil Change,1,-2.075026,29.727458,7.14,4.7,0,1,Muhanga,0
-2.238032,30.507134,Air Conditioning,1,-2.2279259,30.5287846,2.66,4.2,0,1,Ngoma,0
-2.251576,30.616371,Brake System,1,-2.1354296,30.6638944,13.95,4.2,0,0,Kirehe,0
-1.560172,29.638841,Transmission Repair,1,-1.4754185,29.6808505,10.52,4.5,1,0,Musanze,1
-2.32264,30.712609,Electrical Systems,1,-2.138364,30.772611,21.55,4.5,0,1,Kirehe,0
-1.918597,30.079462,Engine Repair,1,-1.910132,30.045125,3.93,4.4,0,0,Nyarugenge,1
-1.540437,29.63894,Suspension & Steering,1,-1.489205,29.599415,7.19,4.3,0,1,Musanze,0
-1.997021,30.143194,Engine Repair,1,-1.93755,30.146633,6.62,4.4,1,0,Kicukiro,1
-1.888172,30.141951,Suspension & Steering,1,-1.953196,30.015326,15.82,4.6,0,1,Gasabo,1
-2.333261,30.657681,Tire & Wheel,3,-2.130933,30.763259,25.37,4.3,0,0,Kirehe,0
-2.00498,30.393138,Diagnostic Scanning,1,-1.938864,30.447153,9.49,4.3,0,0,Rwamagana,1
-2.417873,30.737663,Air Conditioning,3,-2.125023,30.743739,32.57,4.2,0,1,Kirehe,0
-1.560185,29.581677,Suspension & Steering,1,-1.531059,29.6514,8.4,4.0,0,0,Musanze,0
-2.006429,30.486039,Exhaust System,3,-1.978565,30.450914,4.98,4.0,0,1,Rwamagana,1
-2.299374,30.582352,Engine Repair,1,-2.242497,30.653508,10.12,4.9,0,0,Kirehe,1
-1.931572,30.466029,Diagnostic Scanning,3,-1.979388,30.430189,6.64,4.3,0,0,Rwamagana,1
-1.447488,29.664936,Brake System,1,-1.465752,29.627553,4.63,4.7,1,0,Musanze,1
-1.708406,29.291564,Suspension & Steering,3,-1.673068,29.303306,4.14,4.5,0,0,Rubavu,1
-2.006885,29.764003,Oil Change,1,-2.01749,29.691662,8.13,3.7,0,0,Muhanga,0
-2.37006,29.780979,Engine Repair,1,-2.327003,29.754596,5.61,4.2,0,1,Nyanza,0
-2.000373,29.695662,Exhaust System,1,-2.0810188,29.7508459,10.86,5.0,0,0,Muhanga,0
-2.162112,30.156275,Engine Repair,1,-2.2010822,30.1295124,5.26,3.9,0,0,Bugesera,1
-2.348549,29.667852,Air Conditioning,1,-2.294159,29.794445,15.31,4.5,0,1,Nyanza,1
-1.486723,29.643631,Air Conditioning,1,-1.430112,29.621199,6.77,4.6,0,1,Musanze,1
-1.927973,30.46083,Engine Repair,1,-1.945739,30.43269,3.7,4.2,0,0,Rwamagana,0
-2.287756,30.682457,Air Conditioning,1,-2.159392,30.762357,16.81,4.4,0,1,Kirehe,0
-1.946999,30.063496,Tire & Wheel,1,-1.986979,30.10451,6.37,4.8,0,0,Nyarugenge,1
-1.937221,30.088288,Oil Change,1,-1.842493,30.041946,11.72,5.0,0,0,Gasabo,1
-2.082862,30.522229,Tire & Wheel,3,-2.1685168,30.5862053,11.88,3.6,0,1,Ngoma,1
-1.863391,30.599913,Suspension & Steering,1,-1.961369,30.550295,12.21,3.9,1,1,Kayonza,1
-1.917238,30.475842,Welding,1,-1.9305711,30.4164559,6.76,4.4,0,1,Rwamagana,0
-2.345382,29.714175,Exhaust System,3,-2.312261,29.809705,11.23,4.2,0,1,Nyanza,0
-1.6886,29.318257,Diagnostic Scanning,1,-1.617491,29.233021,12.34,4.0,0,1,Rubavu,1
-2.146444,30.466282,Electrical Systems,1,-2.102122,30.593258,14.95,3.3,0,0,Ngoma,1
-2.431939,29.682881,Tire & Wheel,1,-2.3230424,29.7697072,15.48,5.0,0,1,Nyanza,1
-2.617726,29.80218,Exhaust System,1,-2.554127,29.731954,10.53,3.9,1,0,Huye,1
-1.729175,30.027574,Welding,1,-1.685952,29.9791,7.22,4.8,1,1,Rulindo,0
-2.179105,30.546832,Exhaust System,1,-2.133686,30.41565,15.43,3.5,0,0,Ngoma,1
-1.518665,29.673601,Brake System,1,-1.427339,29.571655,15.22,4.6,0,0,Musanze,1
-2.220052,30.509559,Tire & Wheel,1,-2.140834,30.555148,10.16,4.0,1,0,Ngoma,0
-1.885727,30.416299,Tire & Wheel,1,-1.981259,30.412429,10.63,3.7,0,0,Rwamagana,0
-1.916136,30.085693,Exhaust System,3,-1.982555,30.026014,9.93,3.5,0,0,Nyarugenge,1
-2.356457,29.74836,Suspension & Steering,1,-2.365461,29.751836,1.07,5.0,0,0,Nyanza,0
-1.822499,30.649748,Bodywork,3,-1.8999536,30.4874843,19.98,4.7,0,0,Kayonza,1
-2.015257,30.455622,Welding,1,-1.9565,30.471113,6.76,4.4,0,1,Rwamagana,1
-1.923668,30.037176,Diagnostic Scanning,1,-1.904734,30.035995,2.11,4.7,0,0,Nyarugenge,1
-2.230401,30.569263,Diagnostic Scanning,3,-2.136571,30.583818,10.56,4.3,0,1,Ngoma,1
-1.874165,30.675617,Air Conditioning,1,-1.873218,30.66354,1.35,4.3,0,1,Kayonza,1
-2.156732,30.475558,Exhaust System,3,-2.127655,30.589995,13.12,4.5,0,0,Ngoma,1
-2.006455,30.392583,Oil Change,3,-1.880655,30.432542,14.68,4.4,0,0,Rwamagana,1
-2.279405,30.59625,Bodywork,1,-2.413743,30.693104,18.41,3.7,0,0,Kirehe,0
-1.722222,30.024421,Transmission Repair,1,-1.7227354,30.0318659,0.83,4.2,0,0,Rulindo,1
-1.997151,30.438864,Tire & Wheel,1,-1.937576,30.510558,10.36,4.3,1,0,Rwamagana,1
-1.544768,30.132441,Transmission Repair,1,-1.6435253,29.9832108,19.89,4.4,0,1,Gicumbi,0
-2.014901,30.141343,Oil Change,3,-2.03,30.095,5.42,4.6,0,1,Kicukiro,0
-2.553928,29.75838,Suspension & Steering,1,-2.672854,29.756109,13.23,5.0,0,1,Huye,1
-1.710777,30.092274,Welding,1,-1.671268,29.951805,16.22,4.2,0,0,Rulindo,1
-1.577363,29.703295,Oil Change,1,-1.51639,29.679321,7.28,4.5,0,0,Musanze,1
-2.134591,30.540664,Brake System,3,-2.1934561,30.4930167,8.42,3.8,0,0,Ngoma,1
-1.968512,30.086168,Bodywork,1,-1.8805961,30.0844797,9.78,4.2,0,1,Gasabo,1
-1.568562,30.037398,Electrical Systems,3,-1.510388,30.088383,8.6,4.2,0,1,Gicumbi,1
-1.985024,30.433856,Exhaust System,1,-1.9382367,30.4752632,6.95,4.6,0,1,Rwamagana,1
-1.924967,30.141392,Air Conditioning,1,-1.976983,30.029975,13.67,4.9,0,1,Gasabo,0
-2.108854,29.717034,Oil Change,1,-2.020444,29.738849,10.13,4.0,0,1,Muhanga,1
-2.332204,30.65987,Exhaust System,1,-2.277827,30.676234,6.31,3.9,0,0,Kirehe,1
-1.608,29.225635,Engine Repair,1,-1.65275,29.271867,7.15,4.0,1,1,Rubavu,1
-2.573012,29.673506,Diagnostic Scanning,1,-2.5654959,29.7276472,6.07,4.7,0,0,Huye,1
-1.685805,29.184959,Engine Repair,3,-1.6572902,29.2616456,9.09,4.1,0,0,Rubavu,0
-1.546466,30.085662,Welding,3,-1.59115,30.059246,5.77,4.7,0,0,Gicumbi,1
-2.077348,29.766631,Suspension & Steering,1,-2.06068,29.706253,6.96,4.8,0,1,Muhanga,1
-1.922472,30.02995,Welding,1,-1.945472,30.065699,4.72,4.5,0,1,Gasabo,1
-1.539001,30.149111,Diagnostic Scanning,1,-1.562887,29.957394,21.48,3.8,0,0,Gicumbi,0
-2.437471,29.749213,Engine Repair,3,-2.357988,29.768922,9.11,4.5,0,1,Nyanza,1
-1.447716,29.637233,Tire & Wheel,3,-1.431389,29.549271,9.94,4.3,1,1,Musanze,1
-2.128415,30.52541,Oil Change,1,-2.136013,30.543691,2.2,3.8,0,0,Ngoma,1
-2.245542,30.245236,Electrical Systems,1,-2.034857,30.28325,23.8,3.0,0,1,Bugesera,0
-1.575837,29.683792,Engine Repair,1,-1.5365427,29.6388964,6.63,4.6,0,0,Musanze,0
-2.128859,29.670623,Electrical Systems,1,-2.016596,29.669857,12.48,4.6,0,1,Muhanga,1
-1.580949,30.016872,Exhaust System,1,-1.5966144,30.0317835,2.4,4.4,0,0,Gicumbi,0
-2.367826,29.724379,Air Conditioning,1,-2.3417403,29.7460446,3.77,4.7,0,0,Nyanza,1
-1.953234,30.139313,Suspension & Steering,1,-1.946651,30.088309,5.72,4.5,0,0,Kicukiro,1
-2.652583,29.711355,Oil Change,1,-2.596694,29.739405,6.95,4.8,0,0,Huye,1
-2.075603,30.415972,Suspension & Steering,1,-2.1597848,30.5783745,20.33,4.5,0,0,Ngoma,0
-1.888049,30.493093,Bodywork,3,-1.928091,30.513002,4.97,4.3,0,0,Rwamagana,1
-2.094207,29.776784,Transmission Repair,1,-2.08856,29.744078,3.69,4.5,0,0,Muhanga,1
-1.929723,30.017527,Tire & Wheel,1,-1.927178,30.017358,0.28,3.8,0,0,Nyarugenge,1
-1.641169,30.07284,Air Conditioning,1,-1.505302,30.058754,15.19,3.7,0,1,Gicumbi,0
-1.473432,29.606196,Suspension & Steering,1,-1.5367292,29.6480957,8.44,4.7,0,1,Musanze,0
-1.810404,30.707467,Exhaust System,1,-1.917393,30.670418,12.59,4.5,0,0,Kayonza,1
-1.456337,29.593382,Engine Repair,1,-1.527946,29.572749,8.29,4.6,0,1,Musanze,1
-1.500918,29.581597,Electrical Systems,3,-1.5268027,29.6929013,12.7,4.8,0,1,Musanze,1
-1.448309,29.694344,Suspension & Steering,1,-1.531109,29.648902,10.5,4.5,0,1,Musanze,1
-1.812054,30.732727,Electrical Systems,3,-1.8921817,30.4848991,28.95,3.5,1,1,Kayonza,0
-2.262272,30.672818,Engine Repair,3,-2.1296476,30.6757887,14.75,3.8,0,0,Kirehe,1
-1.9562,30.05983,Welding,1,-1.9307411,30.0673675,2.95,4.8,0,1,Nyarugenge,1
-2.001145,30.074131,Bodywork,1,-2.0239789,30.1775076,11.77,4.0,0,1,Kicukiro,0
-1.960109,30.084588,Electrical Systems,1,-1.992564,30.06326,4.32,4.3,0,0,Gasabo,0
-2.581779,29.742937,Welding,1,-2.637385,29.756769,6.37,3.3,0,0,Huye,0
-1.892853,30.643592,Suspension & Steering,1,-1.875351,30.600309,5.19,4.2,0,0,Kayonza,0
-1.62833,29.211741,Bodywork,1,-1.732928,29.230416,11.81,3.8,0,0,Rubavu,0
-2.126675,30.211997,Welding,1,-1.962937,30.326045,22.18,4.6,0,0,Bugesera,0
-1.441932,29.596568,Oil Change,1,-1.427811,29.705286,12.19,3.5,0,0,Musanze,1
-2.093677,30.205882,Bodywork,1,-2.030525,30.3385,16.32,4.5,0,0,Bugesera,0
-1.936834,30.082707,Suspension & Steering,1,-1.93411,30.011818,7.88,4.3,1,0,Nyarugenge,1
-1.93069,30.092016,Tire & Wheel,3,-1.976127,30.157691,8.88,4.0,0,0,Kicukiro,1
-1.460867,29.622459,Tire & Wheel,1,-1.57745,29.579742,13.81,4.6,0,0,Musanze,1
-1.937305,30.089443,Engine Repair,1,-1.979974,30.132182,6.71,4.5,0,0,Kicukiro,1
-2.423049,29.696124,Electrical Systems,3,-2.366898,29.790955,12.25,4.1,0,1,Nyanza,1
-2.305489,29.723448,Welding,1,-2.366264,29.741363,7.04,4.5,0,1,Nyanza,1
-2.195723,30.48849,Transmission Repair,1,-2.1840945,30.4930055,1.39,4.0,0,1,Ngoma,1
-2.108837,30.239033,Welding,3,-1.988606,30.353572,18.46,3.8,0,0,Bugesera,0
-2.136532,30.484109,Electrical Systems,1,-2.150617,30.566731,9.31,4.8,0,0,Ngoma,1
-2.319429,30.65051,Air Conditioning,1,-2.1693596,30.6059192,17.41,5.0,0,1,Kirehe,1
-2.345061,30.67476,Welding,1,-2.11198,30.765286,27.8,4.0,0,1,Kirehe,0
-1.499843,29.625543,Oil Change,1,-1.434429,29.655034,7.98,4.3,1,0,Musanze,1
-1.460696,29.604621,Welding,1,-1.522525,29.561365,8.39,4.7,0,0,Musanze,1
-2.285896,30.723657,Oil Change,1,-2.1778711,30.7363409,12.09,3.8,1,1,Kirehe,1
-2.588424,29.709944,Oil Change,1,-2.679165,29.777441,12.57,4.9,0,0,Huye,1
-1.836949,30.602981,Oil Change,1,-1.874324,30.647451,6.46,4.7,0,0,Kayonza,1
-2.004488,30.101114,Transmission Repair,1,-1.980286,30.0434,6.96,4.3,0,0,Kicukiro,1
-2.069244,30.468635,Air Conditioning,1,-2.12462,30.536732,9.76,4.2,0,0,Ngoma,0
-2.002089,29.809976,Diagnostic Scanning,3,-2.055888,29.70994,12.62,4.5,0,1,Muhanga,0
-1.553461,29.681145,Suspension & Steering,1,-1.578662,29.667686,3.18,4.7,0,1,Musanze,1
-1.958536,30.084659,Brake System,1,-1.9381298,30.0437095,5.09,4.3,0,0,Nyarugenge,1
-2.13225,30.166548,Oil Change,3,-2.097028,30.052632,13.25,3.2,1,1,Bugesera,1
-1.906278,30.459338,Exhaust System,1,-1.9335248,30.4083021,6.43,4.8,1,0,Rwamagana,1
-1.983159,30.139248,Oil Change,1,-1.977391,30.149677,1.32,3.3,0,0,Kicukiro,1
-2.012961,30.11428,Suspension & Steering,1,-1.927176,30.061379,11.2,4.8,0,0,Kicukiro,1
-1.475601,29.999451,Welding,1,-1.5469764,30.1088539,14.52,5.0,0,1,Gicumbi,1
-2.01605,30.136056,Exhaust System,1,-1.939825,30.043356,13.34,4.7,0,1,Kicukiro,1
-1.942832,30.085381,Air Conditioning,3,-1.982585,30.14982,8.42,4.0,0,0,Gasabo,1
-1.808057,30.079038,Tire & Wheel,1,-1.674344,29.945282,21.03,3.8,0,0,Rulindo,0
-1.877788,30.705341,Tire & Wheel,1,-1.8806219,30.5274409,19.77,4.5,0,1,Kayonza,0
-1.988966,30.066794,Diagnostic Scanning,1,-1.9848835,30.0802983,1.57,3.9,1,1,Kicukiro,1
-1.69147,30.115553,Oil Change,1,-1.7325187,29.949115,19.05,4.7,0,1,Rulindo,1
-1.899178,30.720723,Tire & Wheel,1,-1.896434,30.610312,12.27,4.4,0,0,Kayonza,0
-2.029729,30.079876,Transmission Repair,1,-1.95542,30.079746,8.26,4.8,0,0,Kicukiro,1
-1.963272,30.036764,Exhaust System,1,-1.985309,30.0823,5.62,3.8,0,0,Nyarugenge,1
-1.736394,30.019044,Oil Change,3,-1.692548,30.13158,13.42,4.3,0,1,Rulindo,1
-2.046929,29.762047,Tire & Wheel,3,-2.036802,29.757198,1.25,4.6,0,0,Muhanga,1
-2.145103,29.805105,Transmission Repair,1,-2.077891,29.71153,12.81,4.4,0,1,Muhanga,1
-1.832334,30.624902,Transmission Repair,3,-1.9187491,30.4819008,18.57,4.7,1,1,Kayonza,1
-2.560413,29.698878,Air Conditioning,3,-2.659864,29.731689,11.64,4.8,1,1,Huye,1
-1.880535,30.565928,Welding,3,-1.8874665,30.5591029,1.08,4.4,0,1,Kayonza,1
-2.00747,30.122401,Engine Repair,1,-1.959066,30.042547,10.38,4.7,0,0,Kicukiro,1
-2.415459,30.728774,Oil Change,3,-2.150174,30.735581,29.51,4.6,0,0,Kirehe,0
-2.110497,30.233937,Tire & Wheel,1,-2.030224,30.355181,16.16,4.5,0,0,Bugesera,0
-1.925619,30.433513,Tire & Wheel,1,-1.924788,30.430054,0.4,4.2,0,0,Rwamagana,1
-1.475554,29.697058,Bodywork,1,-1.497931,29.670695,3.84,4.4,0,0,Musanze,0
-2.373162,30.583042,Electrical Systems,1,-2.29782,30.677654,13.44,3.0,1,1,Kirehe,0
-1.608831,29.251242,Engine Repair,1,-1.618011,29.197642,6.04,3.9,0,0,Rubavu,1
-2.552243,29.80874,Bodywork,3,-2.590177,29.731711,9.54,4.7,0,1,Huye,0
-2.134115,29.797922,Tire & Wheel,3,-2.142045,29.783394,1.84,4.0,0,0,Muhanga,0
-2.231202,30.535736,Transmission Repair,1,-2.089025,30.614918,18.09,3.7,0,0,Ngoma,0
-1.927433,30.102832,Tire & Wheel,3,-1.896138,30.057236,6.15,4.0,0,0,Gasabo,1
-1.618052,29.977044,Brake System,3,-1.525592,30.069166,14.51,4.2,0,0,Gicumbi,0
-2.141288,29.686532,Oil Change,1,-2.006709,29.679088,14.99,3.3,0,0,Muhanga,1
-1.599718,29.993327,Electrical Systems,1,-1.532272,30.141915,18.14,4.5,0,1,Gicumbi,1
-2.049298,29.779896,Diagnostic Scanning,1,-2.049984,29.703444,8.5,3.0,0,1,Muhanga,0
-1.857805,30.07125,Diagnostic Scanning,1,-1.911719,30.048783,6.49,4.9,0,0,Gasabo,1
-1.923131,30.021011,Bodywork,3,-1.953585,30.069774,6.39,4.0,1,1,Nyarugenge,0
-1.472311,30.11932,Air Conditioning,1,-1.472295,30.117687,0.18,4.0,0,0,Gicumbi,1
-1.86566,30.672818,Welding,1,-1.892654,30.617633,6.83,4.2,0,1,Kayonza,1
-1.888462,30.117447,Bodywork,1,-1.9012665,30.0706949,5.39,3.2,0,1,Gasabo,1
-1.600283,29.258794,Suspension & Steering,1,-1.653399,29.18289,10.3,3.3,0,0,Rubavu,1
-1.970414,30.061902,Bodywork,1,-1.973,30.066,0.54,4.0,0,1,Kicukiro,1
-1.540838,29.602605,Suspension & Steering,1,-1.561705,29.580591,3.37,4.5,1,0,Musanze,1
-2.396915,30.599836,Welding,1,-2.159928,30.811935,35.35,4.1,0,0,Kirehe,0
-2.421906,30.727183,Bodywork,3,-2.1486187,30.642122,31.82,4.9,0,1,Kirehe,0
-1.96281,30.565093,Welding,3,-1.901347,30.660752,12.64,4.0,0,0,Kayonza,1
-1.670612,29.225206,Diagnostic Scanning,1,-1.697486,29.349084,14.09,4.2,0,0,Rubavu,1
-1.959155,30.489264,Exhaust System,1,-1.963801,30.470655,2.13,4.3,0,0,Rwamagana,1
-2.629707,29.76508,Tire & Wheel,1,-2.583216,29.699256,8.95,4.0,0,0,Huye,1
-1.607062,29.336921,Tire & Wheel,1,-1.725469,29.246476,16.57,4.7,0,0,Rubavu,1
-1.881311,30.080825,Engine Repair,3,-1.930316,30.088061,5.51,4.2,0,0,Gasabo,1
-2.283747,30.702544,Diagnostic Scanning,3,-2.0911173,30.7064354,21.42,4.3,0,0,Kirehe,0
-1.544487,29.622194,Brake System,1,-1.495896,29.602831,5.82,4.4,0,0,Musanze,0
-1.947359,30.118384,Brake System,1,-1.958614,30.070327,5.49,4.1,1,0,Kicukiro,1
-1.965683,30.114983,Air Conditioning,1,-2.011173,30.14881,6.3,4.8,0,1,Kicukiro,1
-1.96796,30.366393,Exhaust System,3,-1.9718759,30.4223593,6.23,3.8,0,0,Rwamagana,0
-2.288351,30.64794,Bodywork,1,-2.112957,30.793202,25.32,2.5,0,0,Kirehe,0
-2.400743,29.693508,Brake System,1,-2.3459989,29.7345162,7.6,3.0,0,0,Nyanza,1
-2.134192,30.44186,Oil Change,3,-2.153384,30.612463,19.08,4.5,0,0,Ngoma,1
-2.317199,29.720235,Air Conditioning,1,-2.360227,29.701894,5.2,4.8,0,0,Nyanza,1
-1.749162,30.059011,Welding,1,-1.7480262,30.0229013,4.02,4.0,0,0,Rulindo,0
-2.372249,30.706447,Brake System,3,-2.103313,30.809861,32.04,2.5,1,0,Kirehe,0
-2.070882,30.518956,Transmission Repair,1,-2.121563,30.58925,9.63,4.7,1,1,Ngoma,1
-1.915309,30.424106,Air Conditioning,1,-1.958507,30.447257,5.45,4.5,0,0,Rwamagana,1
-1.988557,30.102528,Electrical Systems,3,-1.979085,30.065204,4.28,4.8,0,0,Kicukiro,0
-1.95749,30.074782,Engine Repair,1,-1.851622,30.051672,12.05,4.7,0,0,Gasabo,1
-2.00266,30.417462,Transmission Repair,1,-1.922752,30.50855,13.47,4.1,1,0,Rwamagana,1
-2.291086,29.665796,Oil Change,1,-2.339569,29.756771,11.46,4.3,0,0,Nyanza,0
-2.145708,30.151547,Oil Change,1,-2.192084,30.21559,8.79,4.1,0,0,Bugesera,1
-1.970036,30.024479,Welding,1,-1.9758803,30.0537524,3.32,3.5,0,1,Nyarugenge,1
-1.989649,30.39844,Brake System,1,-1.891144,30.451228,12.43,3.0,0,0,Rwamagana,1
-1.725354,29.990158,Transmission Repair,1,-1.728108,29.908815,9.05,4.2,0,1,Rulindo,1
-2.013813,30.059357,Transmission Repair,3,-2.0138282,30.1674172,12.01,4.6,0,1,Kicukiro,0
-2.387348,29.747744,Suspension & Steering,1,-2.336148,29.757552,5.8,4.8,0,0,Nyanza,1
-2.404508,29.663877,Suspension & Steering,3,-2.357596,29.765526,12.44,4.8,0,1,Nyanza,0
-2.220505,30.422835,Brake System,1,-2.115229,30.591469,22.09,4.8,0,1,Ngoma,0
-1.999483,30.497379,Air Conditioning,1,-1.96072,30.467703,5.43,4.7,0,1,Rwamagana,1
-2.584559,29.808138,Oil Change,1,-2.664143,29.736647,11.89,4.7,0,1,Huye,1
-1.79585,30.14592,Exhaust System,3,-1.736609,29.908975,27.15,4.3,0,0,Rulindo,0
-2.317847,30.645615,Brake System,1,-2.0720386,30.6098232,27.62,5.0,0,1,Kirehe,0
-1.966247,30.490374,Air Conditioning,1,-1.9725686,30.4610628,3.33,4.7,0,0,Rwamagana,1
-1.88041,30.413078,Transmission Repair,3,-2.022327,30.403267,15.82,4.2,0,0,Rwamagana,0
-1.929172,30.495507,Bodywork,1,-1.923863,30.499753,0.76,4.1,0,0,Rwamagana,0
-2.012342,29.76085,Engine Repair,1,-1.99543,29.799115,4.65,4.9,0,0,Muhanga,1
-1.885472,30.042902,Tire & Wheel,3,-1.918925,30.026362,4.15,4.7,0,1,Gasabo,1
-1.889178,30.07975,Transmission Repair,1,-1.945202,30.052257,6.94,3.5,1,0,Gasabo,0
-1.735202,29.219059,Air Conditioning,1,-1.696696,29.2985306,9.82,4.3,0,1,Rubavu,0
-1.963795,30.687595,Exhaust System,1,-1.916361,30.670675,5.6,3.8,0,0,Kayonza,1
-2.25011,30.571347,Engine Repair,1,-2.088965,30.76127,27.68,4.8,0,1,Kirehe,0
-2.118654,30.410798,Oil Change,1,-2.1416947,30.534892,14.03,4.3,0,1,Ngoma,0
-2.152042,30.1968,Air Conditioning,1,-2.011125,30.282162,18.32,4.8,1,0,Bugesera,0
-2.38157,29.771565,Suspension & Steering,1,-2.300065,29.763532,9.11,4.0,0,0,Nyanza,1
-1.714913,30.023222,Welding,1,-1.741439,29.936532,10.08,4.6,0,1,Rulindo,0
-1.618895,29.286693,Brake System,1,-1.649767,29.338287,6.68,4.4,0,0,Rubavu,1
-1.885078,30.617885,Air Conditioning,3,-1.91382,30.612258,3.26,5.0,0,1,Kayonza,0
-2.221075,30.062237,Transmission Repair,1,-2.099564,30.058222,13.52,4.7,0,1,Bugesera,0
-1.42214,29.585597,Brake System,1,-1.427003,29.672067,9.63,5.0,0,0,Musanze,1
-1.636271,30.00672,Exhaust System,1,-1.482413,30.071863,18.58,4.2,0,0,Gicumbi,1
-1.743076,30.041905,Tire & Wheel,1,-1.749796,29.917122,13.89,3.8,0,1,Rulindo,1
-1.797615,30.717553,Electrical Systems,1,-1.913898,30.651016,14.9,4.2,0,1,Kayonza,0
-1.942356,30.699804,Welding,3,-1.9424399,30.4884917,23.48,4.4,0,1,Kayonza,0
-1.938662,30.101788,Exhaust System,1,-2.02203,30.159575,11.28,4.4,0,0,Kicukiro,1
-1.602724,29.981405,Tire & Wheel,1,-1.47699,30.067353,16.93,4.5,0,0,Gicumbi,1
-1.985287,30.487963,Suspension & Steering,3,-1.879542,30.458371,12.21,3.6,0,0,Rwamagana,0
-1.874329,30.141375,Suspension & Steering,3,-1.987563,30.151207,12.64,4.5,0,0,Gasabo,1
-2.151564,30.11143,Engine Repair,1,-2.269478,30.132952,13.33,4.0,1,0,Bugesera,1
-1.723129,30.041273,Welding,1,-1.700414,29.940129,11.52,5.0,0,0,Rulindo,1
-1.944092,30.029665,Tire & Wheel,3,-1.964273,30.057205,3.8,4.6,0,1,Nyarugenge,1
-2.155556,30.517146,Electrical Systems,3,-2.1870148,30.5335806,3.95,4.5,0,0,Ngoma,1
-2.539717,29.740801,Electrical Systems,3,-2.567176,29.772565,4.67,3.1,0,0,Huye,0
-2.308876,29.764625,Welding,1,-2.306407,29.79076,2.92,4.5,0,1,Nyanza,1
-1.919742,30.482514,Air Conditioning,1,-1.954581,30.481563,3.88,3.0,0,1,Rwamagana,0
-2.129551,30.450079,Brake System,1,-2.151419,30.608989,17.82,3.7,0,1,Ngoma,0
-1.663,29.190616,Engine Repair,1,-1.67758,29.260151,7.9,3.9,0,0,Rubavu,1
-1.771393,29.999713,Diagnostic Scanning,3,-1.679407,29.945,11.9,4.7,1,0,Rulindo,0
-2.414346,29.757665,Suspension & Steering,1,-2.311619,29.768194,11.48,4.4,0,0,Nyanza,1
-2.287644,30.717939,Oil Change,1,-2.343746,30.622681,12.29,3.3,0,0,Kirehe,1
-2.160209,30.172602,Bodywork,1,-2.1458346,30.2457331,8.28,3.7,1,1,Bugesera,1
-1.504338,29.654818,Suspension & Steering,3,-1.55542,29.598904,8.42,3.6,0,0,Musanze,0
-1.423321,29.565693,Oil Change,1,-1.4701856,29.6409781,9.86,3.2,0,0,Musanze,1
-1.447325,29.645055,Electrical Systems,1,-1.550474,29.565965,14.45,4.7,1,0,Musanze,0
-2.295778,30.585207,Electrical Systems,1,-2.0662758,30.6680979,27.13,3.8,0,1,Kirehe,0
-2.115116,30.177997,Engine Repair,1,-1.963132,30.355403,25.97,4.3,0,0,Bugesera,0
-1.654099,30.100167,Tire & Wheel,1,-1.615613,29.9581,16.36,3.5,0,0,Gicumbi,0
-1.71313,29.322288,Brake System,3,-1.705505,29.187419,15.01,4.5,1,0,Rubavu,1
-2.130362,30.115721,Exhaust System,1,-2.032046,30.298503,23.07,4.4,0,0,Bugesera,0
-1.466569,29.701704,Electrical Systems,1,-1.4987499,29.6181623,9.95,4.3,0,1,Musanze,1
-1.707814,29.217548,Bodywork,1,-1.700835,29.276655,6.62,4.7,1,0,Rubavu,1
-1.51708,29.668773,Welding,1,-1.457385,29.668797,6.64,4.9,1,1,Musanze,1
-1.867268,30.616548,Transmission Repair,1,-1.872439,30.630097,1.61,4.6,0,1,Kayonza,1
-2.214568,30.448048,Brake System,1,-2.091886,30.57504,19.63,4.3,0,0,Ngoma,0
-1.969758,30.087799,Air Conditioning,1,-1.972243,30.133394,5.07,4.6,0,0,Kicukiro,1
-2.112019,30.072891,Tire & Wheel,1,-2.2307132,30.1694107,17.01,4.8,0,0,Bugesera,0
-1.773183,30.147658,Exhaust System,1,-1.7186809,29.9294184,25.0,4.6,0,0,Rulindo,0
-2.12878,30.183557,Suspension & Steering,1,-1.999393,30.327844,21.54,3.8,0,0,Bugesera,0
-1.994197,30.448976,Suspension & Steering,1,-1.952,30.434,4.98,4.0,0,1,Rwamagana,1
-1.959622,30.088942,Bodywork,1,-1.989713,30.083742,3.4,3.5,0,1,Nyarugenge,1
-2.368419,29.779922,Tire & Wheel,1,-2.321999,29.795789,5.45,4.3,0,0,Nyanza,1
-2.064427,30.482977,Bodywork,3,-2.1366031,30.5621653,11.91,4.5,1,1,Ngoma,0
-1.85976,30.054841,Electrical Systems,1,-1.898163,30.099345,6.53,4.5,0,1,Gasabo,1
-2.27042,30.587558,Brake System,1,-2.107447,30.806779,30.36,4.0,0,0,Kirehe,0
-2.034746,29.768337,Bodywork,1,-2.086928,29.723415,7.65,4.1,0,0,Muhanga,1
-1.910536,30.099082,Suspension & Steering,1,-1.942924,30.144387,6.19,4.6,0,0,Gasabo,1
-1.98982,30.397786,Diagnostic Scanning,1,-1.89114,30.399014,10.97,3.7,0,0,Rwamagana,0
-2.1324,30.479542,Exhaust System,1,-2.134243,30.5323751,5.87,4.6,1,0,Ngoma,1
-1.811094,30.627306,Bodywork,1,-1.9302019,30.4610654,22.73,4.0,0,1,Kayonza,0
-2.159714,30.473746,Air Conditioning,1,-2.142334,30.589909,13.05,3.5,0,0,Ngoma,0
-1.523675,30.039692,Air Conditioning,1,-1.6730539,30.0414362,16.61,3.6,0,1,Gicumbi,0
-1.666749,30.142803,Welding,1,-1.613272,30.064438,10.55,4.7,1,0,Gicumbi,1
-1.918702,30.481673,Welding,1,-1.956452,30.444529,5.89,4.1,0,1,Rwamagana,0
-2.088639,30.127498,Welding,1,-2.178,30.108,10.17,4.0,0,1,Bugesera,1
-1.896943,30.057076,Exhaust System,3,-1.903091,30.140584,9.31,4.6,0,1,Gasabo,0
-2.200049,30.420503,Tire & Wheel,1,-2.1704753,30.5709458,17.04,4.7,1,1,Ngoma,0
-2.035053,29.791752,Suspension & Steering,1,-2.046557,29.742483,5.62,4.9,0,0,Muhanga,1
-1.932047,30.049631,Diagnostic Scanning,3,-1.902395,30.136609,10.21,4.1,0,0,Gasabo,1
-1.946255,30.088527,Exhaust System,1,-1.986231,30.03288,7.62,5.0,0,0,Nyarugenge,1
-2.272532,30.73489,Welding,1,-2.1733802,30.6650587,13.48,4.7,0,1,Kirehe,1
-1.912834,30.05224,Oil Change,3,-1.915628,30.057537,0.67,4.2,0,0,Nyarugenge,1
-2.025253,30.058356,Air Conditioning,1,-2.009386,30.1778763,13.4,4.4,0,1,Kicukiro,1
-2.004231,30.066994,Diagnostic Scanning,1,-2.023831,30.089664,3.33,4.7,0,1,Kicukiro,1
-2.536551,29.697359,Diagnostic Scanning,3,-2.591743,29.781853,11.21,4.7,1,0,Huye,1
-2.563483,29.759732,Electrical Systems,1,-2.555426,29.757178,0.94,4.5,1,0,Huye,1
-1.935918,30.041518,Transmission Repair,1,-1.906169,30.107934,8.09,5.0,0,0,Nyarugenge,1
-1.947597,30.137525,Bodywork,3,-1.919875,30.093158,5.81,4.5,0,0,Gasabo,1
-1.999821,30.075519,Transmission Repair,1,-2.0205245,30.1574526,9.39,4.2,0,0,Kicukiro,1
-2.334968,29.732208,Engine Repair,1,-2.337377,29.742302,1.15,4.4,0,0,Nyanza,0
-1.708809,30.015519,Diagnostic Scanning,3,-1.700543,29.901569,12.7,4.3,0,1,Rulindo,0
-1.766702,30.033654,Engine Repair,1,-1.693615,29.970194,10.76,4.6,0,0,Rulindo,1
-1.554051,29.60318,Diagnostic Scanning,1,-1.439106,29.701831,16.84,3.3,1,1,Musanze,0
-2.348248,30.604276,Transmission Repair,3,-2.1780592,30.6965727,21.52,3.9,0,0,Kirehe,0
-1.935259,30.657513,Air Conditioning,1,-1.9015845,30.5311842,14.53,4.8,0,1,Kayonza,1
-1.96111,30.144395,Tire & Wheel,1,-1.938288,30.041947,11.66,4.4,1,0,Kicukiro,1
-1.893177,30.722199,Brake System,3,-1.886137,30.658509,7.12,4.5,0,0,Kayonza,1
-1.964845,30.111564,Diagnostic Scanning,1,-1.897081,30.122111,7.63,4.7,1,1,Gasabo,0
-1.458237,29.684889,Brake System,1,-1.542223,29.595341,13.65,4.6,0,0,Musanze,1
-2.100157,30.467777,Exhaust System,3,-2.109618,30.517695,5.65,4.1,0,0,Ngoma,1
-1.915399,30.591144,Transmission Repair,1,-1.887413,30.616637,4.21,4.6,0,0,Kayonza,0
-1.657267,30.115402,Exhaust System,1,-1.531115,30.070052,14.91,4.6,0,1,Gicumbi,0
-1.966051,30.123508,Transmission Repair,1,-1.957889,30.136663,1.72,3.3,0,0,Kicukiro,0
-2.02265,29.699407,Bodywork,1,-2.06501,29.725735,5.54,4.5,0,1,Muhanga,1
-1.579868,29.645765,Exhaust System,1,-1.5204114,29.6908782,8.3,4.9,0,1,Musanze,1
-1.560194,29.579782,Welding,1,-1.5147349,29.6305847,7.58,4.5,0,0,Musanze,1
-2.180285,30.412642,Oil Change,1,-2.074528,30.543812,18.73,4.5,0,1,Ngoma,1
-2.541756,29.713694,Brake System,1,-2.633146,29.670553,11.24,3.8,1,0,Huye,1
-1.931777,30.146437,Engine Repair,1,-1.963674,30.093099,6.91,4.7,0,1,Kicukiro,1
-1.695612,30.086129,Brake System,3,-1.7559925,30.0100442,10.8,5.0,0,1,Rulindo,1
-1.469496,29.565391,Exhaust System,3,-1.563511,29.572567,10.48,3.5,1,0,Musanze,0
-2.659271,29.754579,Air Conditioning,1,-2.568127,29.726492,10.6,4.3,0,1,Huye,1
-2.252414,30.690957,Suspension & Steering,1,-2.1419825,30.7019138,12.34,3.3,1,1,Kirehe,1
-1.792775,30.682042,Brake System,3,-1.899184,30.626302,13.36,4.3,0,1,Kayonza,0
-2.153571,29.808721,Suspension & Steering,1,-2.059498,29.75734,11.92,4.4,0,0,Muhanga,1
-1.969215,30.651302,Diagnostic Scanning,1,-1.9038487,30.5027911,18.03,4.2,0,0,Kayonza,1
-1.430078,29.591173,Diagnostic Scanning,1,-1.471434,29.64319,7.39,4.4,0,1,Musanze,1
-1.949147,30.031923,Suspension & Steering,1,-1.924137,30.130482,11.3,4.9,0,0,Gasabo,1
-2.658724,29.771782,Diagnostic Scanning,1,-2.617468,29.686297,10.55,3.5,0,0,Huye,1
-2.24134,30.117664,Oil Change,1,-1.962509,30.362306,41.23,4.5,0,0,Bugesera,0
-2.204895,30.404834,Oil Change,1,-2.1618162,30.4979617,11.4,4.2,0,1,Ngoma,1
-1.886009,30.102745,Air Conditioning,1,-1.850953,30.07262,5.14,3.0,0,0,Gasabo,1
-1.958956,30.059401,Brake System,1,-1.959204,30.040987,2.05,4.7,1,0,Nyarugenge,1
-1.735311,29.329087,Diagnostic Scanning,1,-1.698612,29.212793,13.55,4.4,0,0,Rubavu,1
-1.688159,30.137638,Exhaust System,1,-1.748131,29.967594,20.04,3.5,1,1,Rulindo,0
-2.123109,30.567083,Oil Change,1,-2.129571,30.559657,1.09,4.8,0,0,Ngoma,1
-1.693327,29.180579,Electrical Systems,1,-1.6560277,29.2942857,13.3,4.5,0,1,Rubavu,1
-2.410292,30.587164,Electrical Systems,1,-2.243356,30.705072,22.72,4.7,0,0,Kirehe,0
-1.703728,29.292203,Transmission Repair,3,-1.626979,29.304175,8.64,4.6,0,0,Rubavu,0
-1.485566,29.57343,Engine Repair,1,-1.495489,29.696272,13.7,4.5,1,0,Musanze,1
-1.460336,29.606768,Welding,1,-1.48794,29.694967,10.27,4.6,1,1,Musanze,0
-2.379494,30.629508,Suspension & Steering,3,-2.341614,30.711095,10.0,3.5,0,0,Kirehe,1
-1.96806,30.07995,Oil Change,1,-1.949,30.064,2.76,3.8,0,0,Nyarugenge,1
-2.114801,30.425021,Diagnostic Scanning,1,-2.072701,30.555258,15.21,4.6,0,1,Ngoma,1
-1.508433,30.085435,Tire & Wheel,3,-1.557041,30.135713,7.77,4.6,0,0,Gicumbi,1
-2.336305,29.737362,Bodywork,1,-2.3881836,29.7389356,5.77,3.9,1,1,Nyanza,1
-1.958491,30.375697,Bodywork,1,-1.871203,30.463798,13.79,4.8,0,0,Rwamagana,1
-2.00601,30.382995,Welding,1,-1.926066,30.459743,12.32,4.5,0,1,Rwamagana,1
-2.243491,30.250822,Suspension & Steering,1,-2.171116,30.1312741,15.53,4.8,0,1,Bugesera,1
-2.383167,29.711533,Bodywork,1,-2.3259619,29.7211509,6.45,4.7,0,0,Nyanza,1
-1.61628,29.270075,Air Conditioning,1,-1.731878,29.317138,13.88,4.7,0,1,Rubavu,1
-1.712012,29.198374,Exhaust System,3,-1.614881,29.189419,10.85,4.3,0,1,Rubavu,1
-2.139881,30.462197,Oil Change,3,-2.1569292,30.5298566,7.75,4.2,0,0,Ngoma,1
-2.271704,30.655063,Bodywork,1,-2.148609,30.779637,19.47,4.2,0,0,Kirehe,0
-2.075728,30.170603,Air Conditioning,3,-2.044074,30.289093,13.63,4.6,1,0,Bugesera,1
-1.731764,29.99597,Brake System,3,-1.7248698,30.0141288,2.16,4.9,0,1,Rulindo,0
-1.45136,29.56623,Suspension & Steering,1,-1.470424,29.710484,16.17,4.5,0,0,Musanze,1
-1.669549,29.186876,Suspension & Steering,3,-1.7258122,29.3329124,17.4,4.2,0,1,Rubavu,1
-2.254137,30.199223,Transmission Repair,1,-2.1568397,30.2330337,11.45,3.0,0,1,Bugesera,1
-2.344125,30.630965,Brake System,1,-2.400443,30.615917,6.48,3.3,0,1,Kirehe,1
-1.971754,30.030102,Welding,1,-1.990622,30.084179,6.37,4.8,0,0,Nyarugenge,1
-1.427753,29.572429,Tire & Wheel,3,-1.463956,29.69917,14.65,4.4,0,0,Musanze,1
-1.606451,29.275162,Air Conditioning,1,-1.673515,29.292931,7.71,4.9,0,0,Rubavu,1
-2.046412,29.782659,Electrical Systems,1,-2.069392,29.723474,7.06,4.2,0,0,Muhanga,1
-1.822434,30.647024,Electrical Systems,1,-1.898052,30.62832,8.66,3.7,0,1,Kayonza,1
-1.931141,30.037631,Bodywork,1,-1.950813,30.032756,2.25,4.9,1,0,Gasabo,1
-2.137072,30.066722,Oil Change,3,-2.068489,30.116424,9.42,3.6,0,0,Bugesera,1
-2.656808,29.696702,Air Conditioning,1,-2.6453269,29.7499951,6.06,4.7,0,1,Huye,1
-2.057803,29.770556,Brake System,1,-2.122031,29.670455,13.22,4.9,0,0,Muhanga,1
-1.959179,30.077005,Oil Change,1,-1.920922,30.058478,4.73,4.4,0,0,Gasabo,1
-1.96178,30.072637,Suspension & Steering,1,-1.916776,30.042331,6.03,4.8,0,0,Nyarugenge,1
-2.341518,30.657657,Exhaust System,1,-2.085997,30.753135,30.33,4.3,0,1,Kirehe,0
-2.005392,29.791007,Bodywork,3,-2.069101,29.751617,8.33,3.5,1,1,Muhanga,1
-2.363324,29.664237,Suspension & Steering,1,-2.29851,29.729358,10.21,4.5,0,0,Nyanza,0
-2.538049,29.714684,Welding,3,-2.601914,29.695396,7.42,4.9,0,1,Huye,1
-1.420095,29.66499,Suspension & Steering,1,-1.512393,29.5900245,13.22,4.5,0,0,Musanze,1
-2.231475,30.411139,Tire & Wheel,3,-2.1866904,30.5519566,16.42,4.2,0,0,Ngoma,0
-1.862069,30.572882,Transmission Repair,1,-1.795814,30.749485,20.96,4.4,1,1,Kayonza,0
-1.430658,29.699905,Oil Change,1,-1.496798,29.70797,7.41,4.7,1,0,Musanze,1
-2.061338,29.716703,Tire & Wheel,1,-2.029963,29.720889,3.52,4.1,0,1,Muhanga,1
-2.011044,30.463244,Transmission Repair,1,-1.966772,30.491412,5.83,4.8,0,0,Rwamagana,1
-1.652888,30.012245,Transmission Repair,1,-1.469739,29.990145,20.51,3.3,1,0,Gicumbi,0
-2.237756,30.478126,Brake System,1,-2.141684,30.53187,12.24,4.4,0,0,Ngoma,1
-1.873838,30.097517,Suspension & Steering,1,-1.978255,30.045711,12.96,4.6,0,0,Gasabo,1
-2.087563,30.47317,Diagnostic Scanning,1,-2.113224,30.406402,7.95,4.3,0,1,Ngoma,0
-2.599094,29.701225,Suspension & Steering,1,-2.539096,29.768808,10.04,4.6,0,0,Huye,0
-1.800054,30.609495,Air Conditioning,1,-1.87474,30.663867,10.27,4.1,0,0,Kayonza,1
-1.541172,29.60867,Oil Change,1,-1.437825,29.691315,14.71,3.7,0,1,Musanze,1
-1.753784,30.073947,Transmission Repair,1,-1.748308,29.916096,17.55,3.8,1,0,Rulindo,0
-2.113226,29.753323,Tire & Wheel,1,-2.034768,29.763052,8.79,4.3,0,1,Muhanga,1
-2.201972,30.224355,Bodywork,1,-2.2518947,30.1885901,6.83,4.7,0,1,Bugesera,0
-2.005509,30.430419,Engine Repair,1,-2.01785,30.413119,2.36,4.1,0,0,Rwamagana,1
-1.652498,29.307284,Bodywork,1,-1.757586,29.205491,16.26,3.3,0,1,Rubavu,0
-1.686184,30.052834,Tire & Wheel,1,-1.697601,29.98873,7.24,4.6,0,0,Rulindo,1
-2.026713,30.06161,Tire & Wheel,1,-1.974884,30.10192,7.3,4.6,0,1,Kicukiro,0
-1.91079,30.649188,Oil Change,1,-1.82324,30.708756,11.77,4.8,0,0,Kayonza,1
-1.752989,30.079696,Electrical Systems,1,-1.729718,29.971998,12.25,4.7,0,0,Rulindo,1
-1.925088,30.453375,Exhaust System,1,-1.94058,30.442669,2.09,4.5,1,1,Rwamagana,0
-1.975471,30.40847,Diagnostic Scanning,3,-1.9389503,30.4198137,4.25,4.3,1,0,Rwamagana,1
-2.322642,30.626646,Oil Change,1,-2.083019,30.762905,30.65,3.8,0,1,Kirehe,0
-1.527149,29.661047,Oil Change,1,-1.5157575,29.6140363,5.38,4.7,0,1,Musanze,1
-2.215691,30.479388,Exhaust System,1,-2.150623,30.54322,10.13,4.1,0,0,Ngoma,0
-2.017167,29.675809,Oil Change,3,-2.079385,29.753867,11.1,4.4,0,0,Muhanga,1
-1.733891,29.26116,Transmission Repair,1,-1.610917,29.191721,15.7,4.7,0,1,Rubavu,1
-2.610593,29.671418,Exhaust System,1,-2.562973,29.694026,5.86,4.1,0,0,Huye,1
-2.179015,30.250854,Transmission Repair,3,-2.005658,30.320926,20.79,4.1,0,0,Bugesera,0
-1.714121,29.318604,Electrical Systems,1,-1.729308,29.25898,6.84,4.6,0,0,Rubavu,1
-2.350907,29.692428,Tire & Wheel,1,-2.331577,29.729127,4.61,4.3,0,1,Nyanza,1
-2.574065,29.746857,Welding,1,-2.666989,29.712091,11.03,3.8,0,1,Huye,1
-2.089716,29.712962,Oil Change,1,-2.021996,29.749946,8.58,4.4,0,0,Muhanga,0
-2.65064,29.767809,Brake System,1,-2.5609369,29.7359962,10.58,4.5,0,0,Huye,1
-2.234898,30.53328,Bodywork,1,-2.155783,30.586724,10.61,4.7,0,0,Ngoma,1
-2.073153,30.413461,Diagnostic Scanning,1,-2.076849,30.598788,20.6,4.4,0,0,Ngoma,0
-2.305448,30.686633,Brake System,1,-2.31784,30.608455,8.79,3.2,0,0,Kirehe,1
-2.428988,29.793508,Diagnostic Scanning,1,-2.3667556,29.7415894,9.01,4.1,0,1,Nyanza,1
-2.076704,30.558038,Oil Change,1,-2.112596,30.596775,5.87,4.3,1,0,Ngoma,0
-2.309999,29.742544,Oil Change,1,-2.3862932,29.7258484,8.68,4.7,0,0,Nyanza,1
-1.499044,29.56613,Transmission Repair,1,-1.5062253,29.5937923,3.18,4.0,0,1,Musanze,1
-1.474585,29.571436,Bodywork,1,-1.574513,29.674685,15.97,4.7,1,0,Musanze,1
-1.751299,29.227922,Engine Repair,1,-1.729791,29.233879,2.48,4.1,0,1,Rubavu,0
-1.772867,30.089205,Engine Repair,1,-1.774111,30.068876,2.26,4.6,0,1,Rulindo,1
-2.430832,29.796045,Tire & Wheel,1,-2.293352,29.786364,15.32,4.6,0,1,Nyanza,1
-1.622277,29.234763,Transmission Repair,3,-1.6561279,29.270478,5.47,3.4,0,1,Rubavu,1
-1.957791,30.027335,Electrical Systems,3,-1.935746,30.042099,2.95,4.3,0,1,Nyarugenge,0
-2.144841,30.415545,Tire & Wheel,1,-2.129007,30.544728,14.46,4.2,0,1,Ngoma,0
-1.937571,30.132161,Oil Change,1,-1.995102,30.092319,7.78,4.4,0,0,Kicukiro,1
-2.591246,29.748064,Tire & Wheel,3,-2.563103,29.745758,3.14,5.0,1,0,Huye,0
-2.400336,29.672152,Bodywork,1,-2.299334,29.732215,13.06,4.6,1,1,Nyanza,1
-2.070089,29.722606,Welding,1,-2.05837,29.738198,2.17,4.6,0,1,Muhanga,1
-1.808866,30.085398,Diagnostic Scanning,3,-1.7439095,30.0163998,10.53,4.1,0,1,Rulindo,1
-1.717755,29.210057,Bodywork,3,-1.597232,29.170035,14.12,3.7,0,0,Rubavu,0
-2.101702,29.810635,Electrical Systems,1,-2.113544,29.675028,15.13,3.3,0,1,Muhanga,1
-1.526133,29.658652,Engine Repair,1,-1.578168,29.546516,13.74,4.8,0,0,Musanze,1
-1.974066,30.47503,Electrical Systems,3,-1.931574,30.442703,5.94,4.1,0,0,Rwamagana,1
-2.049299,29.759479,Suspension & Steering,1,-2.062051,29.767629,1.68,4.3,0,0,Muhanga,1
-2.026491,30.149087,Oil Change,1,-1.9755665,30.1145507,6.84,4.9,0,1,Kicukiro,0
-1.951772,30.143757,Bodywork,1,-1.92268,30.061776,9.67,4.3,0,0,Kicukiro,0
-2.156729,29.796696,Oil Change,1,-2.037474,29.705903,16.66,4.6,0,0,Muhanga,1
-1.737817,30.116329,Air Conditioning,1,-1.7369582,29.9843864,14.66,4.0,0,0,Rulindo,1
-2.00118,30.125132,Bodywork,3,-1.9657339,30.0795821,6.42,5.0,1,1,Kicukiro,1
-1.453117,29.649154,Diagnostic Scanning,1,-1.5198787,29.599061,9.28,4.0,0,1,Musanze,1
-1.965171,30.092341,Welding,3,-1.965264,30.077563,1.64,4.2,0,0,Nyarugenge,1
-1.95851,30.422598,Engine Repair,1,-1.934425,30.491131,8.07,4.8,0,0,Rwamagana,0
-2.37448,29.748427,Transmission Repair,1,-2.319998,29.782597,7.15,4.5,0,0,Nyanza,1
-2.609473,29.78574,Air Conditioning,1,-2.593152,29.816996,3.92,4.3,0,1,Huye,1
-1.610862,29.270287,Air Conditioning,1,-1.677368,29.255548,7.57,4.5,0,1,Rubavu,1
-2.089256,29.782838,Diagnostic Scanning,1,-2.122398,29.720421,7.85,3.4,0,0,Muhanga,1
-1.489923,29.661997,Welding,3,-1.418348,29.624935,8.96,5.0,0,0,Musanze,1
-1.460043,29.658223,Suspension & Steering,1,-1.5406895,29.658612,8.97,4.0,0,0,Musanze,0
-2.228271,30.159675,Suspension & Steering,1,-2.040874,30.345004,29.3,4.2,0,0,Bugesera,0
-1.665877,29.180396,Bodywork,1,-1.673753,29.313791,14.85,3.7,0,0,Rubavu,1
-2.320196,30.593245,Oil Change,1,-2.152062,30.814494,30.88,4.7,0,0,Kirehe,0
-1.449383,29.664729,Electrical Systems,1,-1.482601,29.673981,3.83,4.5,0,0,Musanze,0
-2.377273,29.796672,Air Conditioning,3,-2.341568,29.728899,8.51,4.7,0,0,Nyanza,1
-2.612036,29.749871,Air Conditioning,1,-2.5600937,29.7675273,6.1,4.5,0,1,Huye,1
-1.541025,30.093635,Electrical Systems,1,-1.58,30.065,5.38,4.0,0,1,Gicumbi,1
-1.669263,29.259449,Exhaust System,1,-1.681947,29.253475,1.56,4.2,0,0,Rubavu,0
-2.117353,30.450053,Diagnostic Scanning,3,-2.136172,30.538489,10.05,4.6,0,0,Ngoma,0
-1.88573,30.459017,Brake System,1,-1.976987,30.459407,10.15,3.3,0,1,Rwamagana,1
-2.534023,29.798647,Welding,1,-2.586964,29.809485,6.01,4.5,0,0,Huye,0
-1.459141,29.647509,Diagnostic Scanning,3,-1.490864,29.657863,3.71,4.7,0,1,Musanze,1
-1.493064,29.67246,Tire & Wheel,3,-1.416668,29.671435,8.5,3.8,1,0,Musanze,1
-1.565829,30.123648,Tire & Wheel,3,-1.492884,30.056646,11.01,4.5,0,0,Gicumbi,0
-1.924287,30.085716,Engine Repair,1,-1.876457,30.021912,8.86,4.2,1,1,Gasabo,1
-1.986767,30.060859,Transmission Repair,3,-1.957793,30.080904,3.92,4.6,1,1,Kicukiro,0
-2.089229,30.487189,Bodywork,1,-2.2113129,30.5876495,17.58,4.6,0,1,Ngoma,0
-1.802204,29.992639,Tire & Wheel,1,-1.745286,30.03418,7.83,3.3,0,1,Rulindo,0
-2.237124,30.201025,Brake System,1,-2.030654,30.345228,28.0,4.5,0,0,Bugesera,0
-1.826842,30.601093,Welding,3,-1.894956,30.649602,9.3,4.5,0,0,Kayonza,1
-1.785289,30.038573,Exhaust System,1,-1.725646,29.902364,16.53,4.7,0,0,Rulindo,0
-1.492241,30.05882,Suspension & Steering,1,-1.498126,30.110723,5.81,4.8,0,1,Gicumbi,1
-2.40396,29.712804,Transmission Repair,1,-2.323557,29.732824,9.21,4.0,0,1,Nyanza,1
-1.982905,30.098008,Diagnostic Scanning,3,-1.933274,30.065549,6.59,4.6,0,0,Kicukiro,1
-2.003978,30.479275,Diagnostic Scanning,3,-1.971509,30.472106,3.7,4.6,0,0,Rwamagana,1
-2.301811,29.748512,Exhaust System,1,-2.3321944,29.76253,3.72,3.2,0,1,Nyanza,1
-2.076924,29.716795,Exhaust System,1,-2.0954198,29.7484296,4.07,4.7,1,0,Muhanga,0
-2.032143,29.749725,Exhaust System,1,-2.052131,29.746225,2.26,4.8,0,1,Muhanga,1
-1.857916,30.652577,Transmission Repair,1,-1.881422,30.624839,4.04,3.7,0,0,Kayonza,1
-1.696229,30.070629,Oil Change,3,-1.768046,30.120339,9.71,4.1,0,0,Rulindo,1
-1.975244,30.092868,Tire & Wheel,1,-1.95799,30.053701,4.76,4.4,0,1,Nyarugenge,1
-1.823806,30.714932,Air Conditioning,1,-1.87,30.54,20.11,3.8,0,1,Kayonza,0
-2.279304,30.625219,Tire & Wheel,3,-2.114359,30.784113,25.46,4.6,0,0,Kirehe,0
-1.688088,30.012472,Welding,1,-1.6713788,30.0103143,1.87,5.0,0,1,Rulindo,1
-2.180853,30.124464,Exhaust System,3,-2.1133996,30.1233615,7.5,4.5,0,1,Bugesera,1
-1.518077,29.681217,Transmission Repair,1,-1.565948,29.677706,5.34,4.0,0,0,Musanze,1
-2.320755,29.671794,Oil Change,1,-2.3665111,29.725639,7.85,3.8,0,0,Nyanza,1
-1.687482,30.116724,Bodywork,3,-1.703085,29.925901,21.28,4.2,0,0,Rulindo,0
-2.044404,29.816422,Bodywork,3,-2.0746038,29.755261,7.58,4.3,0,1,Muhanga,1
-1.949929,30.089045,Electrical Systems,1,-1.929288,30.089674,2.3,3.8,0,0,Kicukiro,1
-1.685303,30.036815,Diagnostic Scanning,1,-1.687568,29.934216,11.41,4.5,0,0,Rulindo,0
-2.311379,29.712491,Engine Repair,3,-2.3379369,29.7539021,5.47,3.5,0,1,Nyanza,1
-1.566112,29.557104,Brake System,1,-1.515624,29.67288,14.04,4.0,0,1,Musanze,0
-1.650372,30.129113,Diagnostic Scanning,1,-1.67994,29.93838,21.45,4.1,1,0,Rulindo,0
-1.934872,30.093832,Brake System,1,-1.970263,30.114761,4.57,4.6,1,0,Kicukiro,1
-1.91837,30.583404,Oil Change,1,-1.9037122,30.5053844,8.82,5.0,0,0,Kayonza,0
-2.007995,30.143555,Diagnostic Scanning,1,-1.986708,30.058125,9.78,4.6,0,1,Kicukiro,1
-1.759359,29.202911,Brake System,3,-1.6622132,29.3146881,16.46,3.6,0,1,Rubavu,0
-2.394188,30.61064,Electrical Systems,1,-2.1357045,30.7216566,31.28,4.0,1,0,Kirehe,0
-1.964395,30.082751,Exhaust System,1,-1.957225,30.095798,1.65,4.6,1,0,Kicukiro,1
-2.269754,30.67846,Engine Repair,1,-2.087039,30.731294,21.15,4.4,0,0,Kirehe,0
-2.048875,29.728481,Oil Change,1,-2.0818262,29.785799,7.35,3.7,0,0,Muhanga,1
-1.912295,30.733571,Welding,1,-1.94406,30.65638,9.28,4.1,0,1,Kayonza,1
-1.932946,30.398852,Oil Change,1,-1.97703,30.494788,11.73,5.0,0,0,Rwamagana,0
-1.819608,30.68032,Brake System,1,-1.871834,30.657531,6.34,3.0,0,0,Kayonza,0
-2.070296,29.811626,Transmission Repair,1,-2.088525,29.740866,8.12,3.2,1,0,Muhanga,1
-2.124309,30.434158,Diagnostic Scanning,1,-2.14349,30.562245,14.39,4.4,0,1,Ngoma,0
-1.957233,30.140817,Suspension & Steering,1,-1.925081,30.044418,11.29,4.5,0,0,Gasabo,0
-1.895177,30.666024,Exhaust System,1,-1.90737,30.671229,1.47,3.7,0,1,Kayonza,1
-2.011346,30.475098,Electrical Systems,1,-1.9777,30.419729,7.2,3.8,1,0,Rwamagana,1
-1.451273,29.635501,Engine Repair,1,-1.5150418,29.6474388,7.21,4.6,0,1,Musanze,1
-1.936811,30.028625,Air Conditioning,1,-1.858448,30.114136,12.89,3.9,0,1,Gasabo,0
-2.398237,30.579325,Air Conditioning,3,-2.095866,30.736588,37.89,4.5,0,1,Kirehe,0
-1.68906,30.046007,Brake System,1,-1.6963776,30.0090452,4.19,5.0,0,1,Rulindo,1
-1.620586,30.121836,Welding,1,-1.565877,30.097528,6.66,4.3,0,0,Gicumbi,1
-2.376481,30.607835,Bodywork,1,-2.115146,30.77727,34.62,4.8,0,1,Kirehe,0
-1.991559,30.404472,Exhaust System,1,-1.9380288,30.410063,5.98,4.4,0,0,Rwamagana,1
-2.008389,30.382194,Transmission Repair,3,-1.930272,30.448003,11.35,4.0,1,1,Rwamagana,0
-1.669285,29.999167,Air Conditioning,1,-1.746353,29.967429,9.27,4.4,1,0,Rulindo,0
-2.201719,30.563502,Diagnostic Scanning,1,-2.153883,30.545103,5.7,4.8,0,1,Ngoma,1
-2.117699,30.443285,Suspension & Steering,1,-2.101509,30.629374,20.76,4.7,0,0,Ngoma,0
-1.69283,29.213795,Welding,1,-1.7226571,29.2241626,3.51,4.8,0,0,Rubavu,1
-1.6992,29.272131,Engine Repair,1,-1.629119,29.230836,9.04,4.7,0,0,Rubavu,1
-1.752411,30.087732,Brake System,3,-1.70488,29.911064,20.33,3.3,0,1,Rulindo,0
-2.104664,29.796508,Brake System,3,-2.0678843,29.7495018,6.63,4.9,0,1,Muhanga,0
-1.942169,30.082203,Transmission Repair,3,-1.929117,30.105282,2.95,4.4,0,0,Kicukiro,0
-1.919931,30.5696,Tire & Wheel,1,-1.891812,30.630764,7.48,4.5,0,1,Kayonza,1
-1.9167,30.38394,Engine Repair,1,-1.965427,30.482903,12.26,4.8,0,1,Rwamagana,1
-1.682073,29.209515,Engine Repair,1,-1.687082,29.301535,10.24,3.7,0,0,Rubavu,1
-2.424871,29.715682,Electrical Systems,1,-2.3383858,29.7222904,9.64,4.6,0,1,Nyanza,1
-2.319276,30.638654,Exhaust System,1,-2.111054,30.721332,24.91,3.8,0,0,Kirehe,0
-2.433774,29.756044,Brake System,1,-2.321825,29.731659,12.74,4.8,0,0,Nyanza,0
-2.594044,29.775273,Air Conditioning,1,-2.541115,29.736127,7.32,4.4,0,1,Huye,1
-1.956113,30.038953,Engine Repair,1,-1.910906,30.028288,5.16,4.6,0,1,Nyarugenge,1
-1.96554,30.637405,Bodywork,1,-1.874631,30.603507,10.79,4.9,0,1,Kayonza,1
-1.919332,30.034525,Oil Change,1,-1.930199,30.05774,2.85,3.5,0,0,Nyarugenge,0
-1.961569,30.056083,Diagnostic Scanning,1,-1.944503,30.119993,7.35,5.0,0,1,Kicukiro,1
-1.63938,30.016255,Oil Change,3,-1.5232235,29.9878873,13.3,4.6,0,0,Gicumbi,0
-2.350974,30.702155,Welding,1,-2.115865,30.806377,28.59,4.1,0,0,Kirehe,0
-1.671184,30.11134,Diagnostic Scanning,1,-1.737381,29.9678,17.57,4.9,0,0,Rulindo,1
-1.879477,30.127262,Bodywork,3,-1.967335,30.102041,10.16,4.3,0,0,Gasabo,1
-1.503527,30.096053,Electrical Systems,1,-1.557509,30.096269,6.0,4.1,0,0,Gicumbi,1
-2.010451,29.746033,Exhaust System,1,-2.048101,29.74008,4.24,3.7,0,0,Muhanga,1
-1.938937,30.056195,Oil Change,1,-1.919331,30.088864,4.23,4.5,1,0,Nyarugenge,1
-1.740982,30.121156,Welding,1,-1.737846,29.905877,23.93,4.2,0,1,Rulindo,0
-2.55809,29.804664,Oil Change,1,-2.562273,29.760932,4.88,3.5,0,0,Huye,1
-2.046461,29.791107,Welding,3,-2.1031048,29.7849938,6.34,4.8,0,1,Muhanga,0
-2.07147,30.563242,Bodywork,3,-2.2208061,30.5347652,16.9,4.0,0,0,Ngoma,0
-1.717335,30.016767,Electrical Systems,1,-1.71696,29.938775,8.67,4.3,0,0,Rulindo,1
-2.254507,30.615903,Brake System,1,-2.100004,30.74475,22.36,4.6,0,0,Kirehe,0
-1.826757,30.639419,Electrical Systems,3,-1.903188,30.673524,9.31,4.7,0,0,Kayonza,1
-2.201985,30.434013,Diagnostic Scanning,1,-2.168898,30.432336,3.68,4.2,1,0,Ngoma,1
-1.567849,29.968027,Transmission Repair,3,-1.479391,30.078961,15.77,4.3,0,0,Gicumbi,1
-1.465277,29.590027,Air Conditioning,1,-1.513399,29.619852,6.29,4.8,0,1,Musanze,1
-2.184277,30.436049,Welding,1,-2.093952,30.53948,15.26,4.3,0,0,Ngoma,1
-2.65812,29.741614,Suspension & Steering,3,-2.554787,29.665798,14.25,4.3,0,1,Huye,1
-2.03979,29.744336,Diagnostic Scanning,1,-2.027613,29.706922,4.37,4.4,0,0,Muhanga,0
-1.928742,30.056399,Tire & Wheel,1,-1.921692,30.055172,0.8,4.5,0,1,Gasabo,1
-2.072987,30.429714,Suspension & Steering,1,-2.1863789,30.5053747,15.15,3.5,0,0,Ngoma,1
-2.531655,29.715769,Electrical Systems,3,-2.529434,29.780467,7.19,4.7,0,0,Huye,1
-2.385236,30.580515,Air Conditioning,1,-2.392678,30.670589,10.04,4.4,0,1,Kirehe,1
-2.313595,29.742008,Brake System,1,-2.3587971,29.7306409,5.18,3.8,0,0,Nyanza,1
-1.704072,30.090903,Diagnostic Scanning,3,-1.7136596,30.008628,9.21,4.7,1,1,Rulindo,1
-1.888418,30.494576,Tire & Wheel,1,-1.947658,30.51,6.81,4.0,0,1,Rwamagana,0
-1.948218,30.129243,Electrical Systems,1,-2.014782,30.106263,7.83,4.7,0,1,Kicukiro,1
-2.361391,29.772713,Suspension & Steering,1,-2.355583,29.783689,1.38,4.2,0,1,Nyanza,1
-1.458717,29.703893,Suspension & Steering,3,-1.476402,29.582642,13.62,4.6,0,1,Musanze,1
-2.008104,30.477056,Exhaust System,1,-1.968999,30.4373356,6.2,4.2,1,0,Rwamagana,1
-2.638334,29.743474,Exhaust System,3,-2.670585,29.782359,5.61,3.0,0,1,Huye,1
-1.611543,29.333636,Electrical Systems,1,-1.64948,29.33282,4.22,4.2,0,0,Rubavu,0
-2.177179,30.525666,Diagnostic Scanning,1,-2.2148454,30.5695578,6.43,5.0,0,0,Ngoma,1
-1.972275,30.040982,Suspension & Steering,1,-1.9926707,30.0562286,2.83,5.0,0,1,Nyarugenge,1
-1.785437,30.079973,Diagnostic Scanning,3,-1.79447,30.14419,7.21,3.9,0,0,Rulindo,1
-1.937753,30.066913,Engine Repair,1,-1.990929,30.035772,6.85,4.3,0,0,Nyarugenge,0
-2.355249,30.619228,Suspension & Steering,1,-2.165606,30.825028,31.11,4.3,0,0,Kirehe,0
-2.237195,30.437193,Brake System,3,-2.197964,30.431578,4.41,4.8,0,0,Ngoma,1
-2.207923,30.403626,Bodywork,1,-2.2022892,30.5085168,11.67,3.0,0,0,Ngoma,1
-1.951106,30.104932,Air Conditioning,3,-1.871472,30.047244,10.93,4.5,1,1,Gasabo,1
-2.071577,30.54367,Engine Repair,1,-2.095177,30.546983,2.65,4.2,0,0,Ngoma,1
-2.349159,29.682009,Electrical Systems,1,-2.35672,29.795308,12.62,4.4,0,1,Nyanza,0
-2.150145,29.738942,Electrical Systems,1,-2.032927,29.714118,13.32,4.4,0,0,Muhanga,0
-2.169753,30.477006,Bodywork,1,-2.108801,30.577282,13.04,3.2,0,0,Ngoma,1
-1.650267,29.314551,Oil Change,1,-1.7009827,29.2777268,6.97,4.7,0,1,Rubavu,1
-1.457037,29.65044,Bodywork,1,-1.435957,29.573155,8.9,4.7,0,1,Musanze,0
-2.263783,30.204587,Engine Repair,1,-2.048904,30.310523,26.64,5.0,0,1,Bugesera,0
-1.492803,29.593319,Welding,3,-1.452247,29.54278,7.2,4.7,1,1,Musanze,1
-2.082879,30.184872,Suspension & Steering,1,-2.2049426,30.1051627,16.21,4.2,0,0,Bugesera,1
-2.154336,30.511766,Welding,1,-2.148087,30.594599,9.23,4.8,1,1,Ngoma,1
-1.504771,29.596449,Welding,1,-1.552993,29.627739,6.39,4.0,0,1,Musanze,0
-2.182029,30.197118,Electrical Systems,1,-1.994928,30.314877,24.58,4.0,0,0,Bugesera,0
-2.032796,29.715277,Oil Change,3,-2.071369,29.835301,14.01,3.8,0,0,Muhanga,0
-1.961744,30.114273,Electrical Systems,3,-1.995993,30.144114,5.05,4.6,0,0,Kicukiro,1
-2.320537,30.742638,Transmission Repair,1,-2.094188,30.771735,25.38,3.7,0,0,Kirehe,0
-2.078665,29.787171,Transmission Repair,1,-2.035672,29.744409,6.74,4.2,1,1,Muhanga,1
-1.941648,30.058997,Oil Change,1,-1.872122,30.113458,9.82,4.5,0,0,Gasabo,1
-1.893677,30.609986,Diagnostic Scanning,1,-1.895516,30.609682,0.21,4.8,0,0,Kayonza,0
-2.359627,30.678696,Brake System,3,-2.0842069,30.7418988,31.42,3.2,1,0,Kirehe,0
-2.39042,30.714773,Suspension & Steering,1,-2.0674571,30.7539748,36.18,3.4,0,1,Kirehe,0
-2.128751,30.076288,Transmission Repair,1,-2.019939,30.326973,30.37,4.5,0,1,Bugesera,0
-2.364806,29.664515,Transmission Repair,1,-2.313929,29.798393,15.91,4.3,1,0,Nyanza,1
-1.755006,30.14188,Bodywork,3,-1.690982,29.916101,26.08,4.8,0,1,Rulindo,0
-2.181658,30.501485,Engine Repair,1,-2.16,30.54,4.91,4.0,0,1,Ngoma,0
-1.967989,30.096704,Transmission Repair,1,-1.960283,30.135042,4.35,3.1,0,0,Kicukiro,1
-1.520699,29.58259,Transmission Repair,3,-1.419034,29.711717,18.27,4.4,0,0,Musanze,0
-2.140819,29.829846,Brake System,1,-2.018358,29.813349,13.74,3.1,1,1,Muhanga,1
-1.920523,30.025232,Oil Change,1,-1.942232,30.111738,9.91,3.3,0,0,Gasabo,0
-2.426404,30.645346,Exhaust System,3,-2.092354,30.763114,39.38,4.2,0,0,Kirehe,0
-1.919553,30.488044,Brake System,3,-1.930563,30.448371,4.58,4.4,0,0,Rwamagana,1
-2.08582,29.825911,Suspension & Steering,3,-2.021454,29.7424,11.72,3.8,0,0,Muhanga,0
-2.232923,30.577641,Welding,3,-2.223043,30.424852,17.01,3.7,1,0,Ngoma,0
-1.858528,30.055573,Tire & Wheel,3,-1.981277,30.148429,17.11,3.8,0,1,Gasabo,1
-2.404358,30.689397,Suspension & Steering,1,-2.12364,30.74576,31.84,4.5,1,1,Kirehe,0
-2.14583,30.566431,Brake System,1,-2.107734,30.572969,4.3,4.6,0,0,Ngoma,1
-1.89559,30.062328,Transmission Repair,1,-1.92505,30.139801,9.21,3.9,1,0,Gasabo,1
-1.558641,29.58077,Engine Repair,1,-1.525628,29.682195,11.86,5.0,0,1,Musanze,1
-2.137064,29.799647,Suspension & Steering,1,-2.072754,29.705327,12.69,3.7,0,1,Muhanga,0
-1.976965,30.087437,Suspension & Steering,1,-1.927596,30.115983,6.34,3.7,0,0,Kicukiro,0
-2.119671,30.546323,Welding,3,-2.150748,30.555597,3.61,4.5,0,0,Ngoma,1
-1.492477,29.681182,Tire & Wheel,1,-1.495084,29.615845,7.27,4.2,0,0,Musanze,0
-2.358191,29.735925,Brake System,1,-2.365414,29.789332,5.99,4.1,0,1,Nyanza,1
-1.95909,30.046673,Tire & Wheel,1,-1.946784,30.095081,5.55,4.3,0,1,Nyarugenge,1
-1.761214,30.072992,Transmission Repair,1,-1.722185,29.932193,16.24,4.7,0,0,Rulindo,1
-2.121117,30.47749,Tire & Wheel,3,-2.14613,30.554254,8.97,4.9,0,1,Ngoma,1
-2.405146,29.798695,Exhaust System,1,-2.359908,29.685041,13.59,3.1,0,0,Nyanza,0
-1.432329,29.583177,Oil Change,3,-1.4918377,29.6507629,10.01,4.9,0,1,Musanze,1
-1.945195,30.057929,Bodywork,1,-1.972285,30.057046,3.01,2.5,0,0,Nyarugenge,0
-1.978892,30.087795,Oil Change,1,-1.943076,30.107815,4.56,4.4,0,1,Nyarugenge,1
-1.947486,30.061889,Engine Repair,3,-1.956132,30.093338,3.62,3.3,0,0,Nyarugenge,1
-2.434236,29.739535,Tire & Wheel,1,-2.342083,29.800994,12.31,4.4,0,1,Nyanza,1
-2.633103,29.717976,Air Conditioning,1,-2.6482226,29.7537692,4.32,5.0,0,1,Huye,0
-2.340415,30.586779,Tire & Wheel,1,-2.121485,30.788976,33.13,4.6,0,0,Kirehe,0
-1.984157,30.029853,Tire & Wheel,1,-1.906297,30.063166,9.42,4.7,0,0,Nyarugenge,1
-1.897004,30.046338,Engine Repair,3,-1.902618,30.016188,3.41,3.6,0,0,Gasabo,0
-1.919462,30.031781,Diagnostic Scanning,1,-1.901603,30.073432,5.04,4.7,0,0,Nyarugenge,0
-2.094851,30.119066,Oil Change,3,-2.064158,30.217949,11.51,3.4,0,0,Bugesera,0
-2.163424,30.572625,Engine Repair,3,-2.075177,30.601968,10.34,4.3,0,0,Ngoma,1
-1.527017,29.963788,Electrical Systems,1,-1.558754,30.100441,15.59,4.2,0,1,Gicumbi,1
-1.970666,30.148908,Brake System,1,-1.971426,30.071334,8.62,3.8,0,1,Kicukiro,1
-1.95728,30.072516,Transmission Repair,1,-1.895864,30.081388,6.9,4.8,0,1,Gasabo,1
-2.373203,30.593351,Transmission Repair,1,-2.328035,30.568756,5.72,3.2,0,0,Kirehe,1
-2.380707,30.632076,Oil Change,1,-2.083393,30.781979,37.02,5.0,0,0,Kirehe,0
-2.251928,30.159594,Transmission Repair,1,-2.020723,30.30844,30.57,4.6,1,0,Bugesera,0
-2.352224,30.595802,Suspension & Steering,1,-2.1556977,30.6859106,24.04,4.6,0,1,Kirehe,0
-1.657384,30.013197,Suspension & Steering,1,-1.672229,29.954401,6.74,4.0,0,1,Rulindo,1
-2.230604,30.075272,Brake System,3,-1.980279,30.355876,41.8,3.8,0,1,Bugesera,0
-1.547631,29.558764,Engine Repair,1,-1.475925,29.556736,7.98,4.9,0,0,Musanze,1
-1.910782,30.103218,Oil Change,1,-1.874207,30.023463,9.75,4.0,0,1,Gasabo,0
-2.007772,30.421743,Bodywork,1,-1.938714,30.488199,10.65,3.2,0,1,Rwamagana,0
-2.402524,29.719533,Diagnostic Scanning,3,-2.359213,29.763117,6.83,4.7,1,1,Nyanza,1
-2.22707,30.439624,Diagnostic Scanning,1,-2.1335433,30.5509425,16.16,4.7,0,0,Ngoma,0
-1.910765,30.094701,Electrical Systems,1,-1.984671,30.094726,8.22,4.5,0,0,Nyarugenge,1
-2.074076,30.144617,Bodywork,3,-2.025772,30.331059,21.4,2.5,0,0,Bugesera,0
-1.911757,30.602789,Diagnostic Scanning,1,-1.906473,30.594134,1.13,3.3,0,1,Kayonza,0
-1.667175,29.969047,Brake System,1,-1.55244,30.085698,18.19,4.5,1,1,Gicumbi,0
-2.178861,30.432464,Electrical Systems,1,-2.186793,30.5180795,9.55,4.6,0,0,Ngoma,1
-2.301102,30.634281,Diagnostic Scanning,1,-2.125817,30.767697,24.49,2.5,0,0,Kirehe,0
-2.221805,30.167679,Transmission Repair,1,-2.013947,30.285531,26.56,4.7,1,1,Bugesera,0
-1.936855,30.649154,Electrical Systems,3,-1.900406,30.624834,4.87,4.7,0,1,Kayonza,0
-1.950611,30.098467,Engine Repair,1,-1.908561,30.154386,7.78,4.0,0,1,Gasabo,1
-2.192519,30.431026,Suspension & Steering,1,-2.1437349,30.5917443,18.66,4.0,0,1,Ngoma,0
-1.803119,30.080424,Suspension & Steering,1,-1.7104,29.958299,17.04,4.7,0,0,Rulindo,0
-1.560347,30.000122,Engine Repair,1,-1.539963,30.114703,12.94,3.3,0,0,Gicumbi,1
-2.425962,29.775403,Electrical Systems,1,-2.3486218,29.7538079,8.93,4.4,0,1,Nyanza,1
-1.930095,30.594809,Air Conditioning,3,-1.91149,30.615293,3.08,4.5,0,0,Kayonza,0
-2.015621,29.797435,Engine Repair,1,-2.0734727,29.788242,6.51,4.0,0,0,Muhanga,1
-2.069559,30.517353,Exhaust System,1,-2.105691,30.625793,12.7,4.2,0,0,Ngoma,1
-2.083195,29.81483,Electrical Systems,3,-2.056517,29.75656,7.12,4.2,0,0,Muhanga,0
-1.948477,30.409708,Brake System,3,-1.918133,30.463684,6.88,4.7,0,1,Rwamagana,1
-2.352618,29.679843,Bodywork,1,-2.346419,29.74224,6.97,4.7,0,0,Nyanza,0
-1.697164,29.230132,Tire & Wheel,1,-1.672148,29.292436,7.46,3.3,0,1,Rubavu,1
-1.594231,30.114311,Suspension & Steering,1,-1.576511,30.145835,4.02,4.1,0,0,Gicumbi,0
-1.985761,30.12535,Diagnostic Scanning,1,-2.037696,30.105169,6.2,2.5,0,1,Kicukiro,0
-2.292056,29.73689,Brake System,1,-2.4084,29.755474,13.1,3.4,0,0,Nyanza,0
-2.193236,30.443468,Transmission Repair,3,-2.1821254,30.4943009,5.78,3.5,0,1,Ngoma,1
-2.101324,29.784803,Bodywork,1,-2.0951382,29.7254872,6.63,4.3,0,1,Muhanga,1
-1.428064,29.657046,Suspension & Steering,3,-1.501575,29.713066,10.28,4.1,0,0,Musanze,1
-2.368224,29.792511,Tire & Wheel,1,-2.326438,29.736741,7.74,4.1,0,0,Nyanza,1
-1.674055,30.036886,Oil Change,1,-1.7350349,29.9268584,13.98,3.4,0,1,Rulindo,1
-1.898879,30.704014,Electrical Systems,1,-1.893627,30.662426,4.66,4.5,1,0,Kayonza,0
-1.655309,30.102585,Welding,1,-1.687592,29.985455,13.5,4.5,0,1,Rulindo,1
-2.324495,30.59138,Diagnostic Scanning,3,-2.1574604,30.7521485,25.77,4.6,0,1,Kirehe,0
-2.112172,30.116263,Oil Change,1,-1.987684,30.282037,23.04,4.0,0,0,Bugesera,0
-2.076184,30.432582,Diagnostic Scanning,1,-2.13327,30.623986,22.2,4.5,0,0,Ngoma,0
-1.990714,30.114712,Brake System,1,-1.999839,30.149266,3.97,4.4,0,0,Kicukiro,1
-2.398533,30.575233,Engine Repair,1,-2.160679,30.826879,38.49,3.8,0,0,Kirehe,0
-1.957472,30.066937,Transmission Repair,1,-1.978029,30.015063,6.2,4.3,0,0,Nyarugenge,1
-2.135001,29.742111,Welding,1,-2.053319,29.706039,9.93,5.0,0,1,Muhanga,1
-1.750885,30.033872,Bodywork,3,-1.7439291,29.9439511,10.02,3.2,0,1,Rulindo,0
-2.390456,29.746423,Electrical Systems,1,-2.307121,29.7348,9.36,4.6,0,0,Nyanza,1
-1.662284,30.076284,Brake System,1,-1.717333,30.065272,6.24,3.9,0,0,Rulindo,0
-2.659746,29.694939,Exhaust System,3,-2.623192,29.737659,6.25,4.9,0,1,Huye,0
-2.019905,30.126481,Oil Change,1,-2.025658,30.122603,0.77,4.5,0,0,Kicukiro,0
-1.975084,30.032542,Electrical Systems,1,-1.952893,30.07294,5.12,4.4,0,1,Nyarugenge,1
-2.388287,29.754572,Oil Change,1,-2.392847,29.706801,5.33,4.0,0,0,Nyanza,1
-2.050119,29.814831,Tire & Wheel,1,-2.047117,29.746607,7.59,3.7,0,1,Muhanga,1
-1.966397,30.067701,Air Conditioning,3,-1.959832,30.091411,2.73,4.5,0,1,Nyarugenge,1
-1.977183,30.487038,Diagnostic Scanning,1,-1.973641,30.490032,0.52,4.4,0,0,Rwamagana,1
-2.412813,30.69816,Electrical Systems,3,-2.417821,30.669911,3.19,3.3,0,0,Kirehe,1
-1.613548,29.262973,Suspension & Steering,1,-1.735823,29.271569,13.63,4.7,0,1,Rubavu,1
-1.605676,30.115548,Oil Change,1,-1.482711,30.12866,13.75,4.5,0,0,Gicumbi,1
-2.07995,29.792857,Exhaust System,1,-2.070847,29.751978,4.65,2.5,0,0,Muhanga,0
-2.191782,30.506111,Air Conditioning,3,-2.1863055,30.5165533,1.31,3.2,0,1,Ngoma,1
-1.912763,30.647039,Bodywork,1,-1.883841,30.675604,4.52,4.6,0,1,Kayonza,1
-1.855875,30.120785,Tire & Wheel,1,-1.915885,30.162678,8.14,4.5,1,0,Gasabo,1
-2.192951,30.259301,Diagnostic Scanning,1,-2.028633,30.294044,18.67,4.8,0,1,Bugesera,1
-1.951692,30.087252,Oil Change,3,-1.882044,30.106151,8.02,3.8,0,1,Gasabo,1
-1.682251,30.135379,Air Conditioning,1,-1.708246,29.925915,23.46,4.2,0,0,Rulindo,0
-1.523772,30.075363,Engine Repair,1,-1.479158,30.092962,5.33,3.9,0,1,Gicumbi,0
-2.338141,30.661674,Electrical Systems,1,-2.094108,30.825932,32.7,4.3,0,0,Kirehe,0
-1.806741,30.070487,Air Conditioning,1,-1.733611,30.021572,9.78,4.4,1,0,Rulindo,0
-1.920702,30.471399,Transmission Repair,3,-1.977077,30.508974,7.53,4.4,0,1,Rwamagana,1
-2.169713,30.495215,Engine Repair,1,-2.074702,30.611077,16.65,4.7,1,1,Ngoma,0
-1.95936,30.052953,Transmission Repair,1,-1.962,30.053,0.29,4.0,0,1,Nyarugenge,0
-2.399167,29.664999,Bodywork,1,-2.443414,29.808826,16.72,4.5,0,0,Nyanza,1
-1.740386,30.056509,Oil Change,1,-1.724402,29.909036,16.49,4.2,0,0,Rulindo,0
-2.195002,30.496809,Exhaust System,3,-2.1623719,30.5327059,5.39,4.9,0,0,Ngoma,1
-2.603642,29.751322,Bodywork,1,-2.627933,29.769409,3.37,4.7,1,0,Huye,0
-1.989494,30.087616,Welding,1,-1.951,30.07,4.71,4.1,0,1,Nyarugenge,0
-1.956871,30.389032,Oil Change,1,-1.877898,30.423497,9.58,4.9,0,0,Rwamagana,1
-2.165244,30.116046,Brake System,3,-1.965062,30.287558,29.3,3.7,1,1,Bugesera,0
-1.696582,29.282201,Air Conditioning,3,-1.680711,29.263553,2.72,4.7,1,1,Rubavu,1
-1.940134,30.027329,Oil Change,1,-1.895445,30.075996,7.34,3.7,1,1,Gasabo,1
-1.976351,30.095955,Bodywork,1,-1.966052,30.098873,1.19,4.7,0,0,Kicukiro,1
-1.426078,29.663094,Engine Repair,3,-1.5336565,29.6537422,12.01,4.4,0,1,Musanze,1
-2.186889,30.54203,Suspension & Steering,3,-2.102775,30.539975,9.36,5.0,0,1,Ngoma,1
-1.491111,29.647882,Welding,1,-1.56098,29.704804,10.02,4.5,0,1,Musanze,1
-2.335362,29.803811,Brake System,1,-2.300806,29.75411,6.73,4.3,0,1,Nyanza,0
-2.12485,30.085477,Bodywork,1,-1.974619,30.28594,27.84,4.5,0,0,Bugesera,0
-2.36251,29.807008,Exhaust System,3,-2.315008,29.80857,5.28,4.6,1,0,Nyanza,1
-1.82477,30.578744,Electrical Systems,1,-1.899284,30.604382,8.76,4.5,0,0,Kayonza,0
-1.961647,30.084189,Air Conditioning,1,-1.969026,30.147632,7.1,4.8,0,1,Gasabo,1
-1.797077,30.105789,Oil Change,1,-1.688949,29.935697,22.4,4.5,0,0,Rulindo,0
-1.923129,30.037384,Brake System,1,-1.917718,30.028443,1.16,4.3,1,0,Nyarugenge,1
-1.94732,30.376447,Bodywork,1,-1.90055,30.406095,6.16,3.4,1,0,Rwamagana,1
-1.634999,29.970472,Electrical Systems,3,-1.56558,30.149054,21.3,4.5,0,1,Gicumbi,0
-2.641293,29.782872,Transmission Repair,1,-2.628028,29.68094,11.42,4.5,0,0,Huye,1
-1.968557,30.124618,Brake System,1,-1.924468,30.131086,4.95,4.5,1,0,Kicukiro,1
-2.319827,29.69041,Air Conditioning,1,-2.314463,29.808015,13.08,4.5,0,0,Nyanza,1
-2.180239,30.100497,Brake System,1,-2.07119,30.164006,14.03,4.9,0,0,Bugesera,1
-2.048117,29.727071,Welding,1,-2.026693,29.684349,5.31,3.4,0,1,Muhanga,1
-2.004112,30.439457,Bodywork,1,-1.946524,30.424159,6.63,4.0,0,0,Rwamagana,1
-2.396606,30.692217,Diagnostic Scanning,1,-2.1103294,30.6039074,33.31,4.7,0,0,Kirehe,0
-1.423857,29.659524,Bodywork,1,-1.531623,29.622623,12.67,3.9,0,0,Musanze,1
-2.207289,30.402537,Welding,1,-2.100347,30.532709,18.72,4.2,0,0,Ngoma,1
-1.977775,30.032473,Suspension & Steering,1,-1.938671,30.011162,4.95,4.3,0,0,Nyarugenge,0
-2.30036,29.756513,Electrical Systems,1,-2.358687,29.809346,8.75,3.8,0,0,Nyanza,1
-2.329801,30.616041,Welding,1,-2.1166998,30.7362149,27.2,4.2,0,1,Kirehe,0
-1.794284,30.565896,Diagnostic Scanning,3,-1.909544,30.644521,15.51,4.5,0,0,Kayonza,1
-2.56178,29.679403,Brake System,3,-2.608683,29.732191,7.85,4.6,0,1,Huye,1
-1.732501,29.241489,Exhaust System,1,-1.695364,29.345522,12.28,3.8,0,0,Rubavu,0
-1.90556,30.103637,Air Conditioning,1,-1.984781,30.107175,8.82,4.0,1,1,Gasabo,1
-1.634718,29.3125,Electrical Systems,1,-1.724482,29.252342,12.01,3.1,0,0,Rubavu,1
-1.908945,30.111161,Suspension & Steering,1,-1.990981,30.018966,13.72,4.6,0,0,Gasabo,1
-2.003666,30.135449,Brake System,1,-1.9918005,30.0767226,6.66,3.6,0,0,Kicukiro,1
-1.946507,30.121024,Oil Change,1,-1.93,30.082,4.71,4.2,0,1,Gasabo,1
-1.908754,30.58697,Diagnostic Scanning,1,-1.908851,30.649888,6.99,3.6,1,0,Kayonza,1
-2.355079,29.795389,Brake System,1,-2.346241,29.658538,15.24,4.5,0,0,Nyanza,1
-2.148696,29.674877,Welding,1,-2.024829,29.733022,15.21,4.8,0,0,Muhanga,0
-2.00701,29.714642,Suspension & Steering,1,-2.045038,29.745619,5.45,3.3,0,0,Muhanga,1
-2.286533,29.802029,Air Conditioning,1,-2.355066,29.733031,10.81,4.8,0,1,Nyanza,1
-2.092949,30.523456,Brake System,1,-2.1532802,30.5545815,7.55,3.5,0,1,Ngoma,1
-1.877872,30.636125,Welding,3,-1.871038,30.628182,1.16,3.5,0,0,Kayonza,1
-2.033107,29.79111,Suspension & Steering,1,-2.062389,29.762685,4.54,4.3,0,1,Muhanga,1
-1.420279,29.626562,Bodywork,1,-1.413927,29.662391,4.04,4.9,0,0,Musanze,0
-2.549253,29.699624,Diagnostic Scanning,3,-2.609196,29.687765,6.79,4.4,0,0,Huye,0
-2.664111,29.726665,Diagnostic Scanning,1,-2.618185,29.794198,9.07,4.3,0,0,Huye,0
-2.113743,29.782002,Oil Change,3,-2.046034,29.720835,10.14,4.7,1,1,Muhanga,1
-1.578824,29.606858,Engine Repair,3,-1.482308,29.64068,11.37,3.5,0,0,Musanze,1
-2.139239,29.813457,Transmission Repair,1,-2.084445,29.733619,10.76,5.0,0,1,Muhanga,1
-1.784996,30.135567,Diagnostic Scanning,1,-1.680257,29.978527,20.98,4.9,0,1,Rulindo,0
-1.880801,30.444665,Engine Repair,1,-1.998304,30.392808,14.28,4.3,1,0,Rwamagana,0
-2.426505,29.670444,Air Conditioning,1,-2.3839199,29.7746252,12.51,4.7,0,1,Nyanza,1
-2.323819,30.715724,Oil Change,1,-2.333212,30.730204,1.92,3.9,0,1,Kirehe,0
-2.167467,30.48007,Engine Repair,1,-2.1557095,30.5287939,5.57,4.0,0,0,Ngoma,1
-2.144053,30.523851,Tire & Wheel,1,-2.155475,30.626363,11.46,4.5,0,0,Ngoma,1
-2.155079,30.528495,Brake System,3,-2.15571,30.5151124,1.49,3.9,0,0,Ngoma,1
-1.99497,30.051222,Bodywork,1,-1.977242,30.149295,11.08,4.7,0,0,Kicukiro,1
-2.4199,29.748562,Suspension & Steering,1,-2.446257,29.760738,3.23,4.1,0,0,Nyanza,1
-1.482003,30.075489,Oil Change,1,-1.6017057,29.9915616,16.25,4.3,0,0,Gicumbi,1
-1.977964,30.129804,Diagnostic Scanning,1,-1.955327,30.048591,9.37,4.1,1,0,Kicukiro,1
-2.282447,30.570551,Engine Repair,1,-2.1089834,30.7439828,27.27,4.4,0,1,Kirehe,0
-2.318458,30.738256,Welding,3,-2.151046,30.745918,18.63,4.3,0,1,Kirehe,1
-2.086346,30.471452,Air Conditioning,1,-2.156148,30.576209,13.99,4.4,0,1,Ngoma,1
-1.821637,30.65915,Bodywork,1,-1.906204,30.563466,14.2,4.2,0,0,Kayonza,1
-2.150574,29.702248,Electrical Systems,1,-2.02528,29.767532,15.71,4.4,1,0,Muhanga,1
-1.671846,29.189408,Oil Change,3,-1.6894024,29.2566759,7.73,4.7,0,0,Rubavu,1
-1.945994,30.142036,Bodywork,1,-2.02329,30.080444,10.99,4.4,0,0,Kicukiro,1
-1.951682,30.72915,Brake System,1,-1.9013518,30.5143669,24.52,4.0,0,0,Kayonza,0
-1.504151,29.68444,Bodywork,3,-1.540099,29.684247,4.0,3.4,0,0,Musanze,0
-2.417344,30.573282,Transmission Repair,3,-2.083542,30.809843,45.48,4.8,0,1,Kirehe,0
-1.728197,30.119855,Electrical Systems,1,-1.667107,30.077279,8.28,4.1,0,0,Rulindo,1
-2.65216,29.687445,Tire & Wheel,1,-2.564758,29.728406,10.73,4.0,0,0,Huye,0
-1.772513,30.106834,Electrical Systems,1,-1.729178,29.963315,16.66,4.5,1,0,Rulindo,1
-2.288058,29.782565,Bodywork,1,-2.382459,29.7536778,10.98,5.0,0,0,Nyanza,1
-1.876475,30.709817,Electrical Systems,1,-1.874701,30.628654,9.02,4.5,0,1,Kayonza,1
-1.550735,29.560936,Welding,3,-1.454813,29.705216,19.26,4.1,0,0,Musanze,0
-1.659609,30.128496,Electrical Systems,1,-1.516324,30.142694,16.01,4.1,0,0,Gicumbi,1
-2.049351,29.822352,Exhaust System,1,-2.037588,29.73944,9.31,4.9,1,0,Muhanga,1
-2.362215,29.77867,Tire & Wheel,1,-2.3786544,29.7293614,5.78,4.4,1,0,Nyanza,1
-2.1963,30.497533,Suspension & Steering,1,-2.085111,30.543814,13.39,3.5,0,1,Ngoma,1
-1.882967,30.464258,Welding,1,-1.967979,30.4829,9.68,4.1,0,0,Rwamagana,0
-2.218736,30.48556,Transmission Repair,3,-2.15753,30.61241,15.65,3.0,0,1,Ngoma,0
-1.943608,30.637754,Transmission Repair,3,-1.917325,30.635608,2.93,5.0,0,0,Kayonza,0
-2.114559,29.689012,Oil Change,3,-2.0766414,29.7253929,5.84,4.6,0,1,Muhanga,1
-1.950124,30.095864,Engine Repair,1,-1.988698,30.078394,4.71,4.7,0,1,Gasabo,1
-1.976424,30.072888,Diagnostic Scanning,1,-1.967847,30.050667,2.65,4.9,0,0,Nyarugenge,1
-1.918297,30.017097,Bodywork,3,-1.921287,30.040287,2.6,3.8,1,0,Nyarugenge,0
-1.565601,30.014021,Electrical Systems,1,-1.5547444,30.0772793,7.13,4.5,1,1,Gicumbi,1
-2.603976,29.787883,Electrical Systems,1,-2.5869949,29.7457719,5.04,4.1,1,0,Huye,1
-1.433556,29.59852,Diagnostic Scanning,3,-1.422608,29.673857,8.46,4.1,0,0,Musanze,1
-1.91918,30.44148,Exhaust System,1,-2.006662,30.437446,9.74,3.9,0,0,Rwamagana,1
-2.393817,30.706853,Tire & Wheel,1,-2.1794383,30.7189713,23.88,3.9,0,0,Kirehe,0
-1.937728,30.043747,Oil Change,3,-1.977423,30.080197,5.99,4.0,0,1,Nyarugenge,1
-1.509744,29.578855,Electrical Systems,1,-1.433093,29.655079,12.02,4.2,0,1,Musanze,1
-1.941738,30.700094,Tire & Wheel,3,-1.903562,30.613872,10.48,4.9,0,0,Kayonza,1
-1.874239,30.114592,Brake System,1,-1.868881,30.048345,7.39,4.0,0,1,Gasabo,1
-1.968149,30.052467,Transmission Repair,1,-1.9655666,30.0621095,1.11,5.0,0,1,Nyarugenge,1
-2.344713,29.807076,Bodywork,1,-2.341063,29.738295,7.65,4.8,1,1,Nyanza,1
-2.547497,29.69288,Suspension & Steering,1,-2.6054748,29.727101,7.48,4.7,0,1,Huye,0
-1.90317,30.569411,Welding,1,-1.907581,30.647245,8.66,4.9,0,0,Kayonza,1
-1.951922,30.055842,Welding,1,-1.919783,30.069607,3.89,4.2,0,1,Gasabo,1
-2.100458,30.496249,Electrical Systems,3,-2.077511,30.623505,14.37,4.1,0,0,Ngoma,1
-2.439642,29.741706,Oil Change,3,-2.37,29.76,8.01,4.8,0,1,Nyanza,1
-2.391207,29.68885,Diagnostic Scanning,3,-2.324805,29.727986,8.57,4.1,0,1,Nyanza,1
-2.388881,30.676597,Tire & Wheel,1,-2.150647,30.778666,28.82,4.7,0,0,Kirehe,0
-1.959659,30.02994,Transmission Repair,1,-1.965425,30.033973,0.78,4.7,0,0,Nyarugenge,1
-1.622628,29.955966,Bodywork,1,-1.67262,30.024051,9.39,4.2,0,0,Gicumbi,0
-2.184537,30.562352,Air Conditioning,1,-2.096145,30.55477,9.86,4.5,0,0,Ngoma,1
-1.9928,30.107583,Oil Change,1,-1.957185,30.077169,5.21,4.9,1,0,Kicukiro,1
-1.973264,30.132874,Tire & Wheel,3,-2.0216103,30.1117499,5.87,4.4,0,1,Kicukiro,0
-2.000361,30.080179,Transmission Repair,3,-1.964389,30.088701,4.11,3.3,0,0,Kicukiro,1
-2.014278,30.404056,Engine Repair,3,-1.991871,30.508899,11.91,3.2,0,0,Rwamagana,1
-2.014082,29.687542,Brake System,1,-2.03524,29.751293,7.46,2.5,0,1,Muhanga,0
-1.736711,30.051016,Diagnostic Scanning,1,-1.700724,29.925441,14.52,4.7,0,1,Rulindo,1
-1.903434,30.027431,Suspension & Steering,1,-1.98606,30.04954,9.51,4.1,0,0,Gasabo,1
-1.625241,29.335786,Brake System,3,-1.711648,29.1942,18.44,4.4,0,0,Rubavu,0
-1.474328,29.634477,Suspension & Steering,1,-1.464648,29.615612,2.36,4.0,0,0,Musanze,1
-2.623202,29.690857,Air Conditioning,3,-2.577182,29.745034,7.9,4.9,0,1,Huye,0
-1.661012,30.114901,Electrical Systems,1,-1.493654,30.134972,18.74,3.5,0,1,Gicumbi,0
-2.092654,29.736361,Engine Repair,3,-2.0681327,29.7825346,5.81,4.9,0,0,Muhanga,1
-2.284903,29.687987,Suspension & Steering,1,-2.3329099,29.7456807,8.34,4.2,0,1,Nyanza,1
-1.951843,30.044864,Electrical Systems,1,-1.9062597,30.1593002,13.69,3.4,0,0,Gasabo,0
-1.651297,30.027676,Tire & Wheel,1,-1.727405,29.966671,10.84,4.3,0,0,Rulindo,0
-2.015101,29.714579,Diagnostic Scanning,1,-2.126926,29.688508,12.77,4.0,0,0,Muhanga,0
-2.42271,30.659218,Welding,1,-2.127473,30.802498,36.49,4.1,0,1,Kirehe,0
-2.312177,30.666538,Diagnostic Scanning,1,-2.095968,30.737598,25.3,4.3,1,1,Kirehe,0
-2.090871,30.574625,Diagnostic Scanning,1,-2.1782817,30.5128846,11.9,4.6,0,1,Ngoma,1
-1.887345,30.674465,Brake System,1,-1.879918,30.630034,5.01,4.3,1,1,Kayonza,0
-1.541362,29.688312,Transmission Repair,3,-1.479743,29.704359,7.08,4.5,0,0,Musanze,1
-1.967584,30.077066,Brake System,3,-1.907082,30.020063,9.24,4.8,0,0,Nyarugenge,1
-1.533858,29.635379,Air Conditioning,1,-1.418123,29.678707,13.74,3.1,0,0,Musanze,1
-2.145514,30.553078,Tire & Wheel,1,-2.1401803,30.5165162,4.11,3.9,0,0,Ngoma,1
-2.142846,29.713422,Suspension & Steering,1,-2.065098,29.706046,8.68,4.2,0,0,Muhanga,1
-1.99424,30.097892,Brake System,1,-1.976084,30.1032034,2.1,4.9,0,1,Kicukiro,1
-1.900133,30.467878,Bodywork,1,-1.930368,30.488488,4.07,4.2,1,0,Rwamagana,1
-1.967738,30.079603,Transmission Repair,3,-1.887302,30.054978,9.35,3.8,0,1,Gasabo,1
-1.506337,29.570903,Oil Change,1,-1.552926,29.583781,5.37,4.3,0,1,Musanze,1
-1.958202,30.047932,Electrical Systems,1,-1.947658,30.096554,5.53,4.4,1,1,Nyarugenge,1
-1.879243,30.063568,Air Conditioning,3,-1.922713,30.030554,6.07,5.0,0,0,Gasabo,1
-1.971101,30.101573,Suspension & Steering,1,-1.927805,30.067624,6.12,4.2,1,0,Kicukiro,1
-1.955358,30.038712,Air Conditioning,1,-1.931062,30.154795,13.18,4.5,1,1,Gasabo,1
-1.933962,30.076746,Electrical Systems,1,-1.880962,30.136091,8.84,4.8,1,0,Gasabo,1
-2.563154,29.704337,Welding,1,-2.6172888,29.7099891,6.05,3.4,0,0,Huye,1
-1.566436,29.616208,Welding,1,-1.583416,29.57424,5.03,3.7,0,1,Musanze,1
-1.67391,30.107335,Brake System,1,-1.701864,29.955317,17.18,4.4,0,0,Rulindo,1
-2.350738,29.775871,Suspension & Steering,3,-2.294241,29.726555,8.34,4.3,0,0,Nyanza,1
-1.772501,30.078121,Electrical Systems,1,-1.68092,29.973324,15.47,4.1,0,0,Rulindo,1
-2.316703,29.710739,Electrical Systems,1,-2.367202,29.745459,6.81,4.3,0,0,Nyanza,1
-2.173704,30.160632,Engine Repair,1,-1.970566,30.296036,27.14,4.6,0,1,Bugesera,0
-2.007392,30.45327,Diagnostic Scanning,1,-1.962112,30.436407,5.37,4.3,0,0,Rwamagana,1
-2.137371,29.728577,Engine Repair,1,-2.054768,29.732297,9.19,4.6,0,0,Muhanga,1
-1.660267,29.955926,Oil Change,1,-1.510248,30.120209,24.73,4.7,0,0,Gicumbi,0
-1.950914,30.409773,Air Conditioning,1,-1.933736,30.451394,5.0,4.2,0,1,Rwamagana,0
-2.11602,29.826802,Oil Change,1,-2.09777,29.713713,12.73,4.5,1,0,Muhanga,0
-1.524858,30.006752,Air Conditioning,1,-1.575525,30.0391621,6.69,5.0,0,1,Gicumbi,1
-2.428722,29.769324,Oil Change,1,-2.3661422,29.7297075,8.23,4.5,0,0,Nyanza,1
-1.53485,30.000075,Air Conditioning,1,-1.585,30.07,9.57,4.2,0,1,Gicumbi,1
-2.040623,29.79316,Engine Repair,1,-2.085918,29.708346,10.69,4.5,0,1,Muhanga,0
-1.576083,29.662598,Welding,1,-1.566871,29.688173,3.02,3.5,1,0,Musanze,1
-1.471971,29.998525,Oil Change,1,-1.54248,30.045672,9.43,3.8,0,0,Gicumbi,1
-1.924918,30.027832,Electrical Systems,3,-1.980029,30.012231,6.37,4.0,0,1,Nyarugenge,0
-2.311095,30.705905,Air Conditioning,1,-2.0508282,30.6309633,30.11,4.8,0,1,Kirehe,0
-1.870323,30.663658,Air Conditioning,1,-1.810807,30.603387,9.42,3.5,0,1,Kayonza,1
-2.37538,30.727742,Exhaust System,1,-2.126146,30.804183,28.99,4.5,0,0,Kirehe,0
-1.701729,29.315787,Welding,3,-1.671159,29.220342,11.14,3.0,0,1,Rubavu,0
-2.231871,30.224275,Tire & Wheel,3,-2.047874,30.354143,25.04,4.6,0,1,Bugesera,0
-1.951508,30.370546,Electrical Systems,1,-1.870319,30.483743,15.48,3.3,0,0,Rwamagana,0
-1.96221,30.12906,Electrical Systems,3,-1.991296,30.158611,4.61,4.5,0,0,Kicukiro,1
-1.911499,30.068761,Tire & Wheel,3,-1.981879,30.096752,8.42,4.4,0,1,Nyarugenge,0
-1.68695,30.070921,Brake System,1,-1.692414,29.956882,12.69,4.1,0,0,Rulindo,0
-2.579874,29.793697,Air Conditioning,1,-2.623518,29.67087,14.48,4.3,1,1,Huye,0
-2.122328,29.749478,Diagnostic Scanning,1,-2.060745,29.717476,7.72,4.9,0,0,Muhanga,0
-2.407565,29.693814,Suspension & Steering,1,-2.333573,29.745706,10.05,4.4,0,0,Nyanza,1
-1.883074,30.420845,Transmission Repair,1,-1.9685274,30.432412,9.59,4.5,0,0,Rwamagana,1
-1.930224,30.072685,Electrical Systems,1,-1.913241,30.01966,6.19,4.9,0,1,Gasabo,1
-2.127845,30.566143,Transmission Repair,3,-2.138799,30.62607,6.77,4.7,0,1,Ngoma,0
-1.705728,30.101988,Transmission Repair,1,-1.728207,29.963014,15.65,4.3,0,0,Rulindo,1
-2.624944,29.790002,Exhaust System,3,-2.631319,29.807375,2.06,4.4,0,0,Huye,1
-1.957234,30.141791,Transmission Repair,3,-1.91494,30.115898,5.51,4.6,1,0,Gasabo,1
-1.814455,30.614656,Oil Change,1,-1.898803,30.663279,10.82,3.3,0,0,Kayonza,1
-2.155937,30.458163,Oil Change,1,-2.109982,30.539346,10.37,4.9,0,0,Ngoma,0
-1.979852,30.379044,Suspension & Steering,1,-1.911509,30.485214,14.03,4.6,1,0,Rwamagana,1
-2.180681,30.162437,Engine Repair,1,-2.044225,30.296853,21.29,4.6,0,1,Bugesera,0
-2.201236,30.56895,Diagnostic Scanning,3,-2.133377,30.614612,9.09,4.7,0,0,Ngoma,1
-2.078072,30.419669,Bodywork,1,-2.14144,30.614575,22.78,4.2,1,1,Ngoma,0
-1.932801,30.478925,Electrical Systems,1,-1.947881,30.511314,3.97,4.3,0,1,Rwamagana,1
-1.99268,30.397103,Brake System,1,-1.973282,30.4769506,9.13,4.0,0,1,Rwamagana,0
-1.981789,30.422608,Tire & Wheel,1,-1.954875,30.482122,7.26,3.0,0,0,Rwamagana,1
-1.716596,29.283762,Suspension & Steering,1,-1.6690286,29.2394195,7.23,4.7,0,1,Rubavu,0
-1.659394,30.018073,Bodywork,1,-1.537751,30.019422,13.53,4.5,1,0,Gicumbi,1
-2.131864,29.705348,Air Conditioning,3,-2.057988,29.766427,10.66,4.6,1,1,Muhanga,1
-1.777893,29.990148,Air Conditioning,1,-1.660937,29.986795,13.01,3.5,0,1,Rulindo,0
-1.965325,30.057753,Welding,1,-1.895169,30.049399,7.86,4.0,0,0,Gasabo,0
-1.850624,30.135208,Air Conditioning,3,-1.978209,30.0562,16.68,4.7,0,1,Gasabo,0
-2.3904,29.734193,Suspension & Steering,1,-2.3378945,29.7266678,5.9,4.4,0,0,Nyanza,1
-1.444894,29.678423,Tire & Wheel,3,-1.534175,29.706159,10.4,3.5,0,0,Musanze,1
-2.017555,30.091673,Oil Change,1,-1.970124,30.078949,5.46,3.5,0,0,Kicukiro,1
-2.083383,30.558775,Welding,1,-2.211993,30.484388,16.52,3.4,0,1,Ngoma,0
-1.668112,29.204908,Welding,1,-1.712364,29.332729,15.03,4.4,0,0,Rubavu,1
-2.306497,30.734958,Bodywork,1,-2.155202,30.728757,16.84,4.6,0,0,Kirehe,1
-2.253383,30.175851,Diagnostic Scanning,1,-2.04675,30.298707,26.73,3.3,0,0,Bugesera,0
-2.356467,30.715962,Oil Change,1,-2.13702,30.799512,26.11,4.7,0,1,Kirehe,0
-1.897514,30.398318,Exhaust System,3,-1.9562863,30.4444159,8.3,3.4,0,1,Rwamagana,0
-1.997948,30.402907,Exhaust System,1,-1.912352,30.486561,13.3,4.0,0,0,Rwamagana,1
-2.395001,29.765619,Exhaust System,1,-2.380854,29.676704,10.0,3.9,0,0,Nyanza,1
-1.557235,29.567818,Welding,1,-1.510658,29.596321,6.07,4.5,0,0,Musanze,1
-2.25449,30.234927,Brake System,1,-2.180161,30.265252,8.93,3.0,0,0,Bugesera,1
-2.070059,30.408381,Suspension & Steering,1,-2.1831946,30.583777,23.2,4.9,0,1,Ngoma,0
-2.107313,30.579444,Electrical Systems,1,-2.136772,30.608567,4.6,3.3,0,1,Ngoma,1
-2.177383,30.451392,Tire & Wheel,1,-2.2080239,30.5206412,8.42,5.0,0,1,Ngoma,1
-1.672948,30.106575,Engine Repair,1,-1.69417,29.901877,22.87,4.3,0,0,Rulindo,0
-2.36454,29.69913,Air Conditioning,3,-2.3272112,29.7789808,9.79,4.1,0,0,Nyanza,1
-2.099095,30.13999,Suspension & Steering,1,-2.033189,30.337287,23.12,4.1,1,0,Bugesera,0
-2.333026,29.724034,Diagnostic Scanning,1,-2.428071,29.794122,13.13,3.1,1,0,Nyanza,0
-1.907011,30.118087,Air Conditioning,1,-1.967493,30.016998,13.09,4.7,0,1,Gasabo,1
-1.423599,29.621099,Engine Repair,1,-1.533575,29.595627,12.55,4.9,0,0,Musanze,1
-2.172754,30.4241,Diagnostic Scanning,3,-2.1374886,30.5873617,18.56,4.0,0,0,Ngoma,0
-2.11249,29.683832,Welding,1,-2.086646,29.705614,3.76,4.0,0,1,Muhanga,1
-2.413223,29.715425,Tire & Wheel,1,-2.3708504,29.7341561,5.15,4.6,0,1,Nyanza,0
-1.453028,29.589348,Bodywork,1,-1.4868025,29.6905656,11.86,3.6,1,1,Musanze,1
-1.807787,30.662047,Engine Repair,1,-1.888673,30.637584,9.4,4.9,0,1,Kayonza,1
-2.010621,30.084477,Air Conditioning,3,-1.971072,30.084497,4.4,4.7,0,0,Kicukiro,0
-2.078942,29.693779,Brake System,1,-2.033737,29.756667,8.61,4.5,0,1,Muhanga,1
-2.349577,30.667752,Exhaust System,1,-2.134249,30.758208,25.97,4.6,0,1,Kirehe,0
-1.482009,29.561226,Transmission Repair,1,-1.4780398,29.6977289,15.18,4.2,1,0,Musanze,0
-1.526143,29.678684,Bodywork,1,-1.4890597,29.7190248,6.09,4.0,0,1,Musanze,1
-1.941586,30.047802,Air Conditioning,1,-1.938857,30.100133,5.82,4.4,0,1,Nyarugenge,1
-1.709366,29.326581,Transmission Repair,1,-1.714997,29.29724,3.32,4.1,0,0,Rubavu,0
-1.971066,30.087744,Air Conditioning,1,-1.9438634,30.0625496,4.12,3.7,0,0,Nyarugenge,0
-1.640649,29.289088,Air Conditioning,3,-1.630333,29.20878,9.0,3.5,0,0,Rubavu,1
-1.739007,29.282134,Electrical Systems,1,-1.732981,29.327937,5.13,3.2,0,0,Rubavu,1
-2.392302,30.610615,Tire & Wheel,3,-2.155038,30.77396,32.02,4.2,0,0,Kirehe,0
-2.378534,30.582886,Oil Change,1,-2.099854,30.726637,34.86,4.5,1,1,Kirehe,0
-2.0149,30.422045,Air Conditioning,1,-1.947295,30.458798,8.56,4.6,0,1,Rwamagana,1
-1.898356,30.375513,Diagnostic Scanning,3,-1.93588,30.427824,7.16,4.1,1,1,Rwamagana,1
-2.128532,29.754768,Suspension & Steering,1,-2.157243,29.827438,8.68,4.9,0,1,Muhanga,0
-1.952445,30.489377,Air Conditioning,3,-1.9714299,30.4066351,9.43,4.0,0,1,Rwamagana,0
-1.492817,29.616419,Tire & Wheel,3,-1.52036,29.65061,4.88,4.8,0,0,Musanze,1
-1.799565,30.139138,Diagnostic Scanning,1,-1.734839,29.977885,19.31,4.0,0,0,Rulindo,0
-2.339701,30.660676,Transmission Repair,1,-2.143568,30.721485,22.83,4.5,1,1,Kirehe,0
-1.948975,30.421377,Engine Repair,1,-1.933094,30.431368,2.09,4.0,0,1,Rwamagana,1
-1.968201,30.067705,Tire & Wheel,3,-1.92735,30.047368,5.07,4.8,0,0,Nyarugenge,1
-2.125705,29.783506,Bodywork,3,-2.020776,29.701187,14.83,3.5,0,0,Muhanga,1
-2.141183,30.139467,Diagnostic Scanning,1,-1.997618,30.336836,27.13,4.7,0,1,Bugesera,0
-2.368547,29.660969,Bodywork,1,-2.35,29.74,9.02,4.1,0,1,Nyanza,1
-2.4165,30.64751,Oil Change,1,-2.082135,30.721491,38.08,4.2,0,0,Kirehe,0
-2.002433,30.115549,Suspension & Steering,1,-2.018543,30.154991,4.73,4.8,0,0,Kicukiro,1
-1.608277,30.14953,Oil Change,3,-1.48927,30.14475,13.24,4.6,0,0,Gicumbi,1
-1.938057,30.495373,Exhaust System,1,-1.966991,30.451713,5.82,4.9,1,0,Rwamagana,1
-2.301117,29.711024,Tire & Wheel,1,-2.326506,29.738489,4.16,3.5,0,1,Nyanza,1
-2.650844,29.765837,Exhaust System,3,-2.622252,29.669333,11.18,5.0,1,1,Huye,1
-2.151605,30.403029,Suspension & Steering,1,-2.113927,30.572059,19.24,4.6,1,1,Ngoma,1
-2.068031,30.45685,Engine Repair,1,-2.1534076,30.5266781,12.26,4.1,0,1,Ngoma,1
-1.780967,30.020005,Exhaust System,1,-1.726884,29.975343,7.8,5.0,0,1,Rulindo,1
-1.902029,30.46612,Diagnostic Scanning,1,-1.968248,30.496197,8.09,4.8,0,1,Rwamagana,1
-1.690104,29.213396,Diagnostic Scanning,3,-1.618822,29.206998,7.96,4.6,0,1,Rubavu,1
-2.085979,29.800364,Suspension & Steering,1,-2.12843,29.716732,10.42,4.4,0,0,Muhanga,1
-2.567845,29.727204,Brake System,3,-2.556357,29.784329,6.47,4.4,0,0,Huye,1
-1.510201,29.642643,Diagnostic Scanning,1,-1.486244,29.645848,2.69,4.6,0,0,Musanze,0
-1.978249,30.118097,Bodywork,1,-1.92451,30.041628,10.39,4.1,0,1,Kicukiro,0
-2.07069,30.477045,Exhaust System,1,-2.15467,30.571038,14.01,4.9,1,0,Ngoma,1
-2.266817,30.107275,Suspension & Steering,1,-1.990002,30.349544,40.89,4.1,1,1,Bugesera,0
-1.946754,30.059191,Bodywork,1,-1.917684,30.025131,4.98,4.8,0,1,Nyarugenge,1
-2.325672,29.703944,Diagnostic Scanning,1,-2.328283,29.741444,4.18,4.9,1,1,Nyanza,0
-2.047355,29.735805,Exhaust System,1,-2.025311,29.742991,2.58,3.3,1,0,Muhanga,1
-2.095653,29.698628,Tire & Wheel,1,-2.045365,29.743469,7.49,4.7,0,1,Muhanga,1
-2.098373,30.563615,Oil Change,1,-2.1942084,30.5238229,11.54,4.9,0,1,Ngoma,1
-2.32315,30.623887,Diagnostic Scanning,1,-2.436389,30.724451,16.83,4.9,0,0,Kirehe,0
-2.106774,30.459798,Oil Change,1,-2.087589,30.540422,9.21,4.6,0,0,Ngoma,1
-2.091221,30.413265,Exhaust System,3,-2.2186262,30.5660138,22.11,3.6,0,1,Ngoma,0
-2.420325,29.684961,Diagnostic Scanning,3,-2.328658,29.67076,10.31,4.0,0,1,Nyanza,1
-2.081793,30.476497,Diagnostic Scanning,1,-2.144572,30.542641,10.14,4.6,0,0,Ngoma,1
-2.162766,30.471071,Electrical Systems,1,-2.1475858,30.5012501,3.75,4.7,0,1,Ngoma,1
-1.915737,30.584822,Exhaust System,3,-1.949201,30.618012,5.24,3.4,0,0,Kayonza,0
-2.242679,30.215085,Brake System,1,-1.997315,30.286673,28.42,3.8,0,0,Bugesera,0
-2.009831,30.123137,Air Conditioning,3,-1.95412,30.133473,6.3,4.6,0,0,Kicukiro,1
-2.419948,29.673879,Exhaust System,1,-2.305368,29.771701,16.75,4.6,0,0,Nyanza,0
-2.259077,30.653348,Diagnostic Scanning,1,-2.086766,30.749475,21.94,4.5,0,1,Kirehe,0
-1.576278,29.594594,Transmission Repair,1,-1.568081,29.588893,1.11,4.5,0,1,Musanze,1
-2.079136,29.811795,Electrical Systems,1,-2.1167597,29.7926931,4.69,4.1,0,1,Muhanga,0
-2.114962,30.192443,Engine Repair,1,-2.1296379,30.1375721,6.31,4.6,0,0,Bugesera,1
-2.219251,30.452808,Transmission Repair,1,-2.1318286,30.5062023,11.39,5.0,0,0,Ngoma,1
-2.350345,30.68436,Brake System,1,-2.091493,30.6875339,28.79,4.5,0,0,Kirehe,0
-2.351984,30.614017,Exhaust System,1,-2.123737,30.75678,29.93,4.4,0,1,Kirehe,0
-2.324795,30.663477,Bodywork,1,-2.104105,30.763957,26.96,4.5,0,1,Kirehe,0
-1.974558,30.07219,Welding,1,-1.939886,30.099727,4.92,4.8,0,0,Kicukiro,0
-1.5925,30.022694,Welding,1,-1.541792,30.109449,11.17,4.2,0,1,Gicumbi,1
-1.640053,30.069367,Exhaust System,1,-1.559441,30.101801,9.66,4.3,0,1,Gicumbi,0
-1.962776,30.083788,Air Conditioning,3,-1.907443,30.091265,6.21,3.5,0,0,Nyarugenge,1
-2.087818,30.41963,Tire & Wheel,1,-2.236221,30.467239,17.33,4.2,0,0,Ngoma,1
-2.191233,30.259943,Transmission Repair,1,-1.988377,30.284892,22.73,3.8,0,0,Bugesera,0
-1.929496,30.610494,Oil Change,1,-1.894442,30.62955,4.44,3.7,0,1,Kayonza,1
-2.397006,29.770719,Welding,1,-2.350506,29.73151,6.76,4.8,0,0,Nyanza,0
-1.733055,30.025341,Tire & Wheel,1,-1.670284,29.970668,9.25,4.8,0,1,Rulindo,1
-1.810018,30.702631,Oil Change,1,-1.881849,30.626419,11.64,4.6,0,0,Kayonza,1
-1.730187,30.036159,Air Conditioning,1,-1.711843,29.962069,8.48,4.7,1,1,Rulindo,1
-2.547026,29.769423,Transmission Repair,1,-2.649119,29.779597,11.41,3.4,0,0,Huye,1
-1.944227,30.085355,Electrical Systems,1,-1.994662,30.04094,7.47,4.2,0,0,Nyarugenge,1
-1.961751,30.071671,Diagnostic Scanning,3,-1.942488,30.087204,2.75,4.2,1,0,Kicukiro,1
-2.420708,29.734497,Suspension & Steering,3,-2.391271,29.665203,8.37,4.8,1,0,Nyanza,1
-2.070589,30.458316,Exhaust System,1,-2.1583526,30.5550463,14.52,4.2,0,1,Ngoma,1
-1.449616,29.669812,Brake System,1,-1.529071,29.651652,9.06,3.5,1,1,Musanze,1
-1.859552,30.073951,Brake System,3,-1.84737,30.159396,9.59,4.1,0,0,Gasabo,1
-1.517653,29.575752,Engine Repair,1,-1.488984,29.668084,10.75,4.6,0,0,Musanze,0
-1.864427,30.081926,Brake System,1,-1.966957,30.108442,11.78,3.4,0,1,Gasabo,0
-2.385383,29.694578,Exhaust System,3,-2.365188,29.790943,10.94,4.6,0,1,Nyanza,0
-2.569667,29.710137,Tire & Wheel,1,-2.548997,29.770407,7.08,4.0,0,0,Huye,1
-2.103611,30.513362,Engine Repair,1,-2.109159,30.545188,3.59,3.3,0,1,Ngoma,1
-1.619818,30.076206,Oil Change,1,-1.554236,30.066909,7.37,4.0,0,0,Gicumbi,1
-1.785402,30.048208,Electrical Systems,1,-1.731007,29.925598,14.91,4.5,0,0,Rulindo,1
-2.3163,30.603815,Air Conditioning,3,-2.164518,30.764171,24.54,4.0,0,1,Kirehe,0
-2.302665,29.668536,Oil Change,1,-2.3762604,29.7322567,10.82,4.7,0,0,Nyanza,1
-1.792912,30.655671,Electrical Systems,1,-1.913386,30.623637,13.86,4.5,0,0,Kayonza,1
-1.925946,30.062614,Tire & Wheel,3,-1.967794,30.103286,6.49,5.0,1,0,Nyarugenge,1
-1.705105,30.100581,Diagnostic Scanning,1,-1.696019,29.93566,18.36,4.3,0,0,Rulindo,1
-2.40355,29.778691,Welding,3,-2.31559,29.756186,10.1,4.4,1,0,Nyanza,1
-1.653098,30.026446,Engine Repair,1,-1.7613491,30.0303224,12.04,5.0,0,1,Rulindo,1
-1.542131,29.687388,Transmission Repair,1,-1.545279,29.698148,1.25,4.7,0,0,Musanze,0
-1.522256,29.664342,Suspension & Steering,1,-1.5057484,29.5971307,7.69,4.3,0,1,Musanze,1
-1.7346,29.205451,Transmission Repair,1,-1.712332,29.304129,11.24,4.7,0,1,Rubavu,1
-1.541009,29.587705,Diagnostic Scanning,3,-1.426352,29.589751,12.75,4.4,0,0,Musanze,1
-2.029076,30.087045,Tire & Wheel,3,-1.9411642,30.130332,10.89,4.5,0,0,Kicukiro,0
-1.964392,30.671822,Electrical Systems,3,-1.9385752,30.5232146,16.76,4.6,0,0,Kayonza,0
-1.709735,30.001328,Suspension & Steering,1,-1.7010479,29.9778318,2.78,4.0,0,1,Rulindo,1
-2.020351,29.763147,Brake System,1,-2.0565404,29.7278545,5.62,3.9,1,0,Muhanga,1
-1.514084,29.624416,Tire & Wheel,1,-1.51732,29.629217,0.64,4.6,0,1,Musanze,1
-2.030099,29.816241,Transmission Repair,1,-2.076107,29.802092,5.35,3.6,0,0,Muhanga,0
-1.434294,29.58583,Electrical Systems,3,-1.415728,29.608463,3.25,4.1,0,0,Musanze,1
-1.97715,30.039576,Brake System,1,-1.907959,30.058004,7.96,4.7,1,0,Nyarugenge,1
-2.106751,29.771297,Bodywork,1,-2.074518,29.753218,4.11,4.6,0,0,Muhanga,1
-1.662896,30.006496,Transmission Repair,1,-1.7073282,29.9790647,5.81,5.0,0,1,Rulindo,0
-2.1589,29.806791,Oil Change,1,-2.0651193,29.7492777,12.23,3.4,0,1,Muhanga,1
-2.198928,30.1791,Bodywork,3,-1.965581,30.362931,33.02,4.0,0,0,Bugesera,0
-2.124233,29.696942,Bodywork,1,-2.052792,29.701202,7.96,4.0,0,1,Muhanga,1
-1.75349,30.088437,Tire & Wheel,1,-1.715266,29.935247,17.55,4.5,0,0,Rulindo,0
-1.943822,30.104551,Diagnostic Scanning,1,-1.958273,30.071714,3.99,3.1,0,0,Gasabo,1
-2.646671,29.67614,Transmission Repair,3,-2.54719,29.782705,16.2,4.8,0,1,Huye,1
-1.689666,29.303844,Suspension & Steering,1,-1.749865,29.306469,6.7,4.4,0,0,Rubavu,0
-2.047699,29.734454,Engine Repair,1,-2.031892,29.710404,3.2,5.0,0,0,Muhanga,1
-1.772409,30.075085,Suspension & Steering,1,-1.642155,30.05685,14.62,3.9,0,0,Rulindo,0
-1.882853,30.048636,Exhaust System,1,-1.942686,30.103242,9.01,4.3,0,0,Gasabo,0
-2.211747,30.161309,Exhaust System,3,-1.99495,30.299799,28.6,4.9,0,0,Bugesera,0
-1.935881,30.421242,Bodywork,1,-1.968699,30.487177,8.19,4.4,0,0,Rwamagana,0
-2.264495,30.721188,Welding,1,-2.108309,30.785937,18.8,4.9,0,1,Kirehe,1
-2.126687,30.514301,Welding,1,-2.113516,30.62497,12.38,4.7,0,1,Ngoma,0
-1.482528,29.619581,Transmission Repair,1,-1.519522,29.712872,11.16,5.0,1,0,Musanze,1
-2.151599,30.065106,Tire & Wheel,1,-2.1585389,30.1548601,10.0,3.7,0,0,Bugesera,1
-2.428658,30.723296,Electrical Systems,3,-2.257681,30.65626,20.42,3.5,0,0,Kirehe,0
-1.907025,30.098799,Tire & Wheel,1,-1.845875,30.038817,9.52,4.7,1,0,Gasabo,0
-2.394329,30.731232,Diagnostic Scanning,1,-2.081486,30.814769,36.0,4.3,0,0,Kirehe,0
-1.810787,30.697338,Tire & Wheel,1,-1.9131072,30.5322062,21.59,3.6,0,1,Kayonza,0
-2.221851,30.090149,Oil Change,1,-2.105153,30.222028,19.57,4.1,0,0,Bugesera,0
-1.516328,29.589326,Brake System,3,-1.5272799,29.5986427,1.6,4.1,0,1,Musanze,1
-1.930111,30.072965,Engine Repair,3,-1.987207,30.089128,6.6,4.0,0,1,Kicukiro,1
-1.977271,30.09342,Welding,1,-1.950309,30.105119,3.27,4.9,0,0,Nyarugenge,1
-2.389406,30.645904,Electrical Systems,1,-2.125122,30.760148,32.01,4.6,0,1,Kirehe,0
-2.140754,29.800691,Oil Change,1,-2.03004,29.705854,16.21,4.6,0,0,Muhanga,1
-2.215063,30.169854,Bodywork,1,-1.970199,30.295858,30.62,4.7,0,0,Bugesera,0
-1.713577,29.998878,Oil Change,1,-1.712005,29.919687,8.8,4.6,0,1,Rulindo,1
-1.949766,30.044343,Engine Repair,3,-1.93595,30.021326,2.98,4.5,0,0,Gasabo,1
-1.736814,29.327507,Brake System,1,-1.6610465,29.2489475,12.13,4.4,1,1,Rubavu,1
-1.727927,30.089772,Suspension & Steering,3,-1.742211,30.114876,3.21,4.3,1,0,Rulindo,1
-1.920276,30.650572,Exhaust System,1,-1.8827346,30.4994541,17.31,4.8,0,0,Kayonza,1
-1.532908,29.604983,Air Conditioning,3,-1.5100871,29.6459474,5.21,3.9,0,1,Musanze,1
-2.599197,29.807804,Welding,1,-2.659134,29.714143,12.36,4.8,0,0,Huye,0
-2.404268,29.738076,Exhaust System,3,-2.354261,29.79198,8.17,4.2,0,0,Nyanza,1
-2.384,29.77477,Tire & Wheel,1,-2.398148,29.710476,7.31,3.2,0,0,Nyanza,1
-1.949065,30.094762,Engine Repair,1,-1.970513,30.049001,5.62,4.8,0,0,Gasabo,1
-1.751747,29.329292,Transmission Repair,1,-1.686389,29.175501,18.57,4.8,0,0,Rubavu,0
-1.513823,29.675428,Air Conditioning,1,-1.460803,29.623348,8.26,4.6,0,1,Musanze,1
-1.915011,30.038238,Diagnostic Scanning,1,-1.947709,30.029334,3.77,4.5,0,0,Nyarugenge,1
-1.920532,30.116064,Brake System,1,-1.902667,30.130302,2.54,3.5,0,1,Gasabo,1
-1.521703,29.709172,Bodywork,1,-1.4702971,29.6740767,6.92,4.7,0,1,Musanze,1
-2.592214,29.766513,Transmission Repair,3,-2.58927,29.671757,10.53,4.6,0,0,Huye,1
-1.627532,29.317892,Suspension & Steering,1,-1.760118,29.323572,14.76,4.6,0,0,Rubavu,0
-1.973674,30.079456,Exhaust System,3,-1.955773,30.063766,2.65,4.8,0,0,Kicukiro,0
-2.061695,29.802075,Tire & Wheel,1,-2.007979,29.717201,11.16,3.8,1,0,Muhanga,1
-1.579892,29.982941,Bodywork,1,-1.483894,30.114012,18.06,4.6,1,1,Gicumbi,0
-2.338202,30.720603,Brake System,1,-2.0737362,30.6604436,30.16,3.7,0,1,Kirehe,0
-2.399084,30.680187,Air Conditioning,1,-2.102725,30.813275,36.12,4.1,0,1,Kirehe,0
-2.010232,29.688673,Brake System,1,-2.062468,29.737896,7.98,4.5,0,0,Muhanga,1
-1.890305,30.444205,Exhaust System,1,-1.918569,30.43821,3.21,4.9,1,0,Rwamagana,0
-1.963547,30.085738,Bodywork,3,-1.985313,30.15273,7.83,4.0,0,1,Gasabo,1
-1.710379,30.039093,Air Conditioning,1,-1.783779,30.131154,13.09,3.3,0,1,Rulindo,0
-1.55914,30.06051,Electrical Systems,3,-1.579165,30.065122,2.28,2.5,0,0,Gicumbi,0
-1.803302,30.060317,Welding,1,-1.6763272,29.9479877,18.85,3.9,0,0,Rulindo,0
-2.264995,30.745784,Air Conditioning,1,-2.0805191,30.6655024,22.37,3.4,0,1,Kirehe,0
-1.762056,30.01803,Oil Change,3,-1.697351,29.905433,14.44,3.8,0,1,Rulindo,0
-1.73356,30.129921,Welding,1,-1.6941347,29.9601132,19.38,4.9,0,0,Rulindo,1
-1.949995,30.367755,Suspension & Steering,1,-1.9519918,30.4478262,8.9,4.5,0,1,Rwamagana,1
-1.773617,30.124843,Bodywork,3,-1.705376,30.08278,8.91,4.5,0,0,Rulindo,0
-2.060563,29.760073,Welding,3,-2.022976,29.746353,4.45,4.6,0,0,Muhanga,1
-2.072703,30.459612,Tire & Wheel,3,-2.1547979,30.5170894,11.14,4.3,1,1,Ngoma,1
-1.81971,30.721263,Brake System,1,-1.900416,30.64022,12.71,4.7,0,0,Kayonza,0
-2.079028,30.449825,Bodywork,1,-2.086153,30.597996,16.48,4.9,1,0,Ngoma,0
-1.964157,30.058796,Brake System,1,-2.031211,30.068128,7.53,3.3,0,1,Kicukiro,1
-2.008267,30.056276,Suspension & Steering,3,-1.929755,30.062894,8.76,3.7,1,1,Kicukiro,1
-1.989702,30.04098,Tire & Wheel,1,-1.911424,30.034572,8.73,4.2,0,0,Nyarugenge,0
-1.915372,30.061212,Tire & Wheel,1,-1.847656,30.105826,9.02,4.0,0,1,Gasabo,0
-1.910704,30.090162,Engine Repair,1,-1.903542,30.028321,6.92,4.2,0,1,Nyarugenge,1
-1.586979,30.079769,Bodywork,1,-1.633439,30.035233,7.15,3.7,0,0,Gicumbi,1
-2.107972,30.465947,Brake System,1,-2.1767601,30.5917002,15.93,3.0,0,1,Ngoma,0
-1.64517,30.016363,Tire & Wheel,1,-1.51449,30.146041,20.47,4.6,0,0,Gicumbi,0
-1.645371,29.280109,Electrical Systems,1,-1.722341,29.331497,10.29,4.6,0,0,Rubavu,1
-1.986251,30.028951,Welding,1,-1.991928,30.05878,3.37,3.3,0,1,Nyarugenge,1
-2.432241,29.690738,Diagnostic Scanning,1,-2.336319,29.807691,16.81,3.0,0,1,Nyanza,0
-2.149242,30.495097,Welding,1,-2.15,30.52,2.77,4.8,0,1,Ngoma,1
-2.311579,30.639284,Tire & Wheel,1,-2.165241,30.756739,20.86,4.6,0,1,Kirehe,0
-1.472177,29.558687,Tire & Wheel,3,-1.5007223,29.6325193,8.8,3.2,0,1,Musanze,0
-1.920706,30.016812,Exhaust System,1,-1.908947,30.061912,5.18,4.5,1,0,Nyarugenge,1
-2.296813,29.751598,Welding,1,-2.325383,29.759494,3.3,4.6,0,0,Nyanza,1
-1.934822,30.455426,Air Conditioning,1,-1.92248,30.454803,1.37,4.5,0,0,Rwamagana,1
-1.472012,29.690857,Bodywork,3,-1.541125,29.612656,11.6,3.1,0,0,Musanze,1
-1.912062,30.050444,Brake System,1,-1.914078,30.03066,2.21,3.0,1,0,Nyarugenge,1
-1.45947,29.63686,Welding,1,-1.4907602,29.5941132,5.89,4.9,1,0,Musanze,1
-1.718831,29.207545,Bodywork,1,-1.613639,29.313472,16.6,3.8,0,0,Rubavu,1
-1.736532,30.01722,Welding,1,-1.7292188,29.9416368,8.44,3.7,0,0,Rulindo,0
-2.028028,30.055209,Engine Repair,1,-1.9924331,30.0822649,4.97,4.1,1,1,Kicukiro,0
-2.428326,29.671709,Engine Repair,1,-2.296582,29.725361,15.82,4.1,0,0,Nyanza,0
-2.08781,29.709216,Suspension & Steering,1,-2.15749,29.676835,8.54,4.6,0,0,Muhanga,1
-2.076023,30.472854,Tire & Wheel,1,-2.12039,30.613689,16.41,3.5,0,0,Ngoma,0
-1.985127,30.087511,Suspension & Steering,1,-2.012484,30.075965,3.3,4.4,0,1,Kicukiro,0
-2.211431,30.084535,Suspension & Steering,1,-2.09696,30.137639,14.03,3.5,1,0,Bugesera,1
-2.143621,29.759738,Bodywork,1,-2.030298,29.734648,12.91,4.5,0,0,Muhanga,1
-1.793531,30.066882,Tire & Wheel,1,-1.668428,30.151917,16.82,3.2,0,0,Rulindo,0
-2.181544,30.087527,Tire & Wheel,1,-2.150324,30.259305,19.4,3.8,0,0,Bugesera,0
-2.231405,30.107178,Welding,1,-1.992232,30.2125769,29.06,5.0,0,1,Bugesera,0
-2.31196,29.80647,Suspension & Steering,1,-2.3493956,29.745322,7.97,5.0,0,0,Nyanza,0
-1.515196,29.663997,Air Conditioning,3,-1.586394,29.674387,8.0,4.7,0,1,Musanze,1
-1.894769,30.047097,Exhaust System,1,-1.9299242,30.0706361,4.7,4.5,0,0,Gasabo,1
-2.35123,30.671669,Oil Change,1,-2.25292,30.75713,14.48,4.6,0,0,Kirehe,0
-2.417807,29.706924,Brake System,1,-2.434371,29.719862,2.34,3.5,0,0,Nyanza,0
-2.192966,30.482937,Electrical Systems,1,-2.1601063,30.5705367,10.4,4.2,0,1,Ngoma,0
-1.891632,30.086127,Engine Repair,1,-1.885564,30.132214,5.17,4.2,0,0,Gasabo,0
-1.957647,30.123624,Electrical Systems,1,-1.968895,30.119766,1.32,3.2,0,0,Gasabo,1
-2.602897,29.678699,Oil Change,1,-2.607883,29.7040145,2.87,3.5,0,1,Huye,0
-2.557435,29.775242,Engine Repair,3,-2.6260149,29.7792983,7.64,4.3,0,0,Huye,1
-2.547386,29.754292,Tire & Wheel,1,-2.5660135,29.7426767,2.44,3.5,1,1,Huye,1
-1.741738,30.02104,Diagnostic Scanning,1,-1.675261,29.941989,11.48,3.8,0,0,Rulindo,1
-2.312856,30.675312,Tire & Wheel,1,-2.140915,30.726109,19.93,4.6,0,1,Kirehe,0
-1.438294,29.608955,Suspension & Steering,1,-1.47756,29.554737,7.44,4.6,1,0,Musanze,1
-2.432042,29.712461,Suspension & Steering,3,-2.298778,29.766193,15.98,4.9,0,1,Nyanza,0
-2.013287,29.748464,Electrical Systems,1,-2.036212,29.704586,5.5,3.3,1,1,Muhanga,1
-1.855239,30.130029,Transmission Repair,1,-1.859901,30.082937,5.26,4.6,0,0,Gasabo,1
-1.815252,30.628738,Transmission Repair,1,-1.884553,30.655415,8.26,4.4,0,0,Kayonza,1
-1.688965,30.082374,Engine Repair,1,-1.699348,29.911051,19.08,3.5,0,1,Rulindo,0
-1.975777,30.073512,Oil Change,3,-1.912442,30.019587,9.25,4.7,1,0,Nyarugenge,1
-2.067633,30.454479,Bodywork,1,-2.138973,30.570967,15.18,4.5,0,0,Ngoma,1
-2.171892,30.43595,Oil Change,3,-2.107736,30.5728,16.8,3.0,0,0,Ngoma,0
-2.142034,29.795594,Transmission Repair,3,-2.066809,29.761548,9.18,4.9,0,0,Muhanga,1
-1.933144,30.098014,Transmission Repair,1,-1.893243,30.156225,7.84,3.8,0,0,Gasabo,0
-1.99679,30.094836,Oil Change,3,-2.000494,30.05034,4.96,5.0,0,0,Kicukiro,1
-1.926457,30.466736,Brake System,1,-1.914724,30.492759,3.17,4.9,1,1,Rwamagana,0
-2.346641,29.818624,Exhaust System,3,-2.362143,29.779179,4.71,4.4,1,0,Nyanza,1
-2.382788,30.586661,Suspension & Steering,1,-2.0888385,30.6111957,32.8,4.8,0,0,Kirehe,0
-1.671357,29.278137,Electrical Systems,1,-1.601152,29.195419,12.06,4.8,0,1,Rubavu,1
-1.756329,29.991961,Air Conditioning,1,-1.670187,29.913264,12.97,4.6,1,0,Rulindo,0
-2.058843,29.829791,Engine Repair,3,-2.081402,29.759753,8.18,4.3,0,1,Muhanga,1
-1.975285,30.037541,Brake System,1,-1.94139,30.026269,3.97,3.5,1,0,Nyarugenge,0
-2.091934,29.710146,Tire & Wheel,1,-2.024746,29.727995,7.73,4.6,0,0,Muhanga,1
-1.707887,30.045204,Bodywork,1,-1.6777341,29.9624655,9.79,4.2,0,1,Rulindo,0
-1.746631,29.996405,Diagnostic Scanning,1,-1.787984,30.014737,5.03,4.4,0,0,Rulindo,0
-1.989311,30.082814,Air Conditioning,3,-1.922924,30.120445,8.48,4.2,0,1,Kicukiro,1
-1.796163,30.091469,Diagnostic Scanning,1,-1.675193,29.963215,19.6,4.7,0,0,Rulindo,0
-1.986708,30.026622,Engine Repair,3,-1.935577,30.013551,5.87,4.5,0,0,Nyarugenge,1
-2.40365,30.678409,Diagnostic Scanning,3,-2.1197497,30.6025996,32.67,4.6,0,1,Kirehe,0
-1.958712,30.408133,Tire & Wheel,1,-1.936413,30.462843,6.57,4.1,0,0,Rwamagana,1
-1.457465,29.668811,Diagnostic Scanning,1,-1.4965085,29.5769607,11.09,4.7,0,0,Musanze,0
-1.941051,30.624406,Brake System,1,-1.9558118,30.5521451,8.2,4.5,0,1,Kayonza,1
-2.035903,29.78121,Electrical Systems,3,-2.02175,29.753583,3.45,4.2,1,1,Muhanga,1
-1.90388,30.398798,Engine Repair,1,-1.937137,30.445959,6.41,4.2,0,1,Rwamagana,1
-2.202063,30.068468,Tire & Wheel,1,-1.999986,30.303203,34.43,4.8,0,0,Bugesera,0
-1.971757,30.079812,Oil Change,1,-2.026536,30.05348,6.76,3.5,0,1,Kicukiro,1
-2.227505,30.530214,Air Conditioning,1,-2.121218,30.598988,14.07,3.7,0,1,Ngoma,0
-2.053411,29.702605,Engine Repair,3,-2.045719,29.733042,3.49,4.4,1,0,Muhanga,1
-1.433885,29.670505,Exhaust System,3,-1.46848,29.714977,6.26,4.8,0,0,Musanze,1
-1.705849,30.134697,Engine Repair,1,-1.706714,29.955445,19.92,4.6,0,0,Rulindo,1
-2.540037,29.753389,Suspension & Steering,1,-2.6260704,29.7332335,9.82,4.0,0,0,Huye,1
-1.969077,30.474671,Suspension & Steering,1,-1.958316,30.483534,1.55,3.0,1,0,Rwamagana,0
-2.579755,29.680817,Suspension & Steering,1,-2.606867,29.682855,3.02,4.5,1,0,Huye,1
-1.43597,29.69152,Welding,1,-1.583312,29.698862,16.4,4.4,0,0,Musanze,1
-2.287707,29.728456,Suspension & Steering,1,-2.3352545,29.725681,5.3,4.7,0,0,Nyanza,1
-2.307484,29.710512,Electrical Systems,3,-2.342269,29.790579,9.7,4.7,0,1,Nyanza,1
-2.136746,29.829524,Exhaust System,1,-2.033184,29.707915,17.75,4.1,1,0,Muhanga,0
-2.344426,29.764034,Air Conditioning,3,-2.328829,29.808898,5.28,3.4,0,0,Nyanza,1
-1.888185,30.055675,Brake System,1,-1.848573,30.058871,4.42,4.4,0,0,Gasabo,0
-1.62672,30.115808,Exhaust System,1,-1.478628,30.067742,17.31,4.8,0,1,Gicumbi,1
-1.544941,29.661473,Welding,1,-1.441199,29.630903,12.03,4.4,0,1,Musanze,1
-2.643548,29.703318,Bodywork,1,-2.677579,29.6948,3.9,4.5,0,0,Huye,1
-2.315343,29.67376,Diagnostic Scanning,1,-2.3530856,29.7385935,8.34,3.8,0,1,Nyanza,1
-1.737115,30.138829,Bodywork,1,-1.7052764,30.0270488,12.92,3.2,0,0,Rulindo,1
-1.4901,29.612028,Exhaust System,1,-1.492985,29.647362,3.94,4.3,0,1,Musanze,1
-2.085806,29.739398,Bodywork,1,-2.04462,29.754184,4.87,4.7,0,0,Muhanga,0
-1.957068,30.039974,Engine Repair,1,-1.913225,30.051165,5.03,3.7,0,0,Nyarugenge,0
-2.573703,29.675717,Transmission Repair,1,-2.5950004,29.710385,4.52,3.8,0,1,Huye,1
-1.888182,30.049145,Diagnostic Scanning,1,-1.922132,30.152308,12.07,4.6,1,0,Gasabo,1
-2.403623,30.669495,Electrical Systems,1,-2.08757,30.789449,37.59,4.6,0,0,Kirehe,0
-2.323304,29.716745,Welding,3,-2.3265715,29.7598506,4.8,3.7,1,0,Nyanza,1
-2.403759,29.790898,Electrical Systems,1,-2.3212618,29.7362774,11.0,4.6,0,0,Nyanza,1
-1.968588,30.076976,Oil Change,1,-1.964544,30.025842,5.7,4.2,0,0,Nyarugenge,0
-1.947352,30.112277,Engine Repair,1,-1.9458032,30.1248628,1.41,4.0,0,0,Gasabo,1
-1.952516,30.017502,Engine Repair,1,-1.938687,30.045559,3.48,4.0,0,1,Nyarugenge,1
-1.640449,30.020681,Engine Repair,3,-1.52451,30.095535,15.34,4.3,0,1,Gicumbi,0
-1.991521,30.098943,Exhaust System,3,-1.980386,30.048896,5.7,4.5,0,1,Kicukiro,0
-1.579026,29.699196,Transmission Repair,1,-1.413565,29.624402,20.19,4.0,0,0,Musanze,0
-1.706642,30.142104,Air Conditioning,1,-1.6928138,29.9966577,16.24,3.5,0,1,Rulindo,0
-1.858659,30.09712,Oil Change,1,-1.883209,30.086623,2.97,4.1,0,0,Gasabo,1
-2.619977,29.732008,Brake System,3,-2.531831,29.774396,10.87,4.4,1,0,Huye,0
-1.96023,30.462434,Engine Repair,3,-1.934481,30.468296,2.94,4.7,0,0,Rwamagana,1
-2.007141,30.476198,Diagnostic Scanning,1,-1.930327,30.493522,8.76,4.8,1,0,Rwamagana,1
-1.48121,29.981109,Welding,3,-1.6330881,30.1005329,21.48,3.6,0,0,Gicumbi,0
-2.001917,30.473663,Electrical Systems,1,-2.003291,30.442471,3.47,4.8,0,0,Rwamagana,1
-1.461798,29.703685,Oil Change,1,-1.539535,29.693487,8.72,4.5,0,0,Musanze,0
-2.381303,30.718797,Electrical Systems,1,-2.13977,30.79933,28.31,2.5,0,0,Kirehe,0
-1.944764,30.422384,Oil Change,3,-1.9760812,30.4118048,3.68,4.4,0,1,Rwamagana,1
-2.439064,29.751914,Tire & Wheel,1,-2.368035,29.734528,8.13,4.0,0,1,Nyanza,1
-2.412072,29.809065,Exhaust System,1,-2.333635,29.79254,8.91,4.9,0,0,Nyanza,1
-1.675136,29.208519,Oil Change,1,-1.669532,29.2635379,6.15,3.5,1,0,Rubavu,1
-1.631615,29.962707,Brake System,1,-1.540086,30.09951,18.3,4.8,0,1,Gicumbi,1
-1.887762,30.038283,Electrical Systems,3,-1.877054,30.068252,3.54,4.0,0,0,Gasabo,1
-1.461609,29.558832,Air Conditioning,1,-1.563541,29.604942,12.44,4.4,0,1,Musanze,1
-1.680437,30.117384,Electrical Systems,1,-1.700195,29.968653,16.68,4.7,1,0,Rulindo,0
-2.166324,30.079325,Brake System,1,-2.133602,30.190176,12.84,3.2,0,0,Bugesera,1
-2.338789,29.670069,Tire & Wheel,1,-2.312439,29.792733,13.94,4.9,0,0,Nyanza,1
-2.009227,30.118289,Brake System,1,-1.988849,30.075253,5.29,4.9,0,1,Kicukiro,1
-2.406908,30.607727,Engine Repair,1,-2.409746,30.565597,4.69,4.5,0,0,Kirehe,1
-2.136843,30.579795,Exhaust System,1,-2.093617,30.574316,4.84,4.5,0,0,Ngoma,1
-1.965333,30.560057,Transmission Repair,3,-1.9090957,30.5594883,6.25,3.8,0,1,Kayonza,0
-1.701415,29.321414,Exhaust System,1,-1.6884805,29.3086917,2.02,3.4,0,1,Rubavu,0
-2.542238,29.793273,Air Conditioning,1,-2.593505,29.801585,5.77,3.5,0,0,Huye,1
-2.094063,29.789342,Suspension & Steering,1,-2.165817,29.838263,9.65,4.6,0,0,Muhanga,0
-1.932487,30.104589,Diagnostic Scanning,1,-1.878232,30.106319,6.04,4.6,0,0,Gasabo,0
-2.181785,30.554877,Suspension & Steering,1,-2.2264382,30.5916504,6.43,4.5,1,1,Ngoma,1
-2.384908,30.743578,Engine Repair,1,-2.0974577,30.7237136,32.04,4.8,1,1,Kirehe,0
-1.806236,30.030784,Diagnostic Scanning,3,-1.7732619,29.9826314,6.49,4.8,0,0,Rulindo,1
-1.552607,29.631092,Bodywork,1,-1.464388,29.592193,10.72,4.3,0,1,Musanze,1
-1.932353,30.482486,Brake System,1,-1.98367,30.483679,5.71,4.8,0,0,Rwamagana,1
-1.926498,30.045219,Electrical Systems,1,-1.903621,30.098711,6.47,4.5,0,0,Gasabo,1
-1.512807,30.068298,Electrical Systems,1,-1.53805,30.085896,3.42,4.1,0,0,Gicumbi,1
-2.00584,30.435206,Tire & Wheel,3,-1.87015,30.503717,16.9,3.7,1,0,Rwamagana,0
-1.930747,30.038219,Transmission Repair,1,-1.979535,30.094499,8.28,4.2,1,0,Gasabo,0
-1.423022,29.578167,Exhaust System,1,-1.425106,29.646919,7.65,4.7,0,0,Musanze,1
-1.556707,29.641231,Brake System,1,-1.4772009,29.593923,10.29,5.0,0,1,Musanze,1
-1.954506,30.034965,Diagnostic Scanning,3,-1.928585,30.011355,3.9,5.0,0,0,Nyarugenge,0
-1.962648,30.07817,Transmission Repair,1,-2.005345,30.134775,7.88,5.0,0,1,Kicukiro,1
-2.293561,29.709015,Diagnostic Scanning,1,-2.335159,29.717809,4.73,4.9,0,0,Nyanza,1
-2.007269,29.79969,Electrical Systems,3,-2.010429,29.72848,7.92,4.4,0,0,Muhanga,1
-1.908235,30.711458,Suspension & Steering,3,-1.893024,30.63934,8.19,3.0,1,0,Kayonza,0
-1.92839,30.125753,Electrical Systems,1,-1.966985,30.110476,4.62,4.3,0,0,Gasabo,1
-2.564697,29.711702,Electrical Systems,3,-2.561513,29.741362,3.31,4.6,0,0,Huye,0
-2.36351,30.570189,Brake System,1,-2.083767,30.774524,38.51,4.7,0,0,Kirehe,0
-2.256873,30.668933,Engine Repair,1,-2.402975,30.694705,16.5,3.4,1,0,Kirehe,0
-2.344017,29.748103,Welding,1,-2.310373,29.790214,5.99,4.1,0,0,Nyanza,1
-2.629393,29.806021,Welding,3,-2.586222,29.669027,15.96,4.7,0,0,Huye,1
-2.119234,30.481863,Exhaust System,1,-2.121504,30.586927,11.68,4.6,0,1,Ngoma,1
-1.713942,29.190296,Exhaust System,1,-1.701447,29.3186141,14.33,4.4,0,1,Rubavu,0
-2.398302,30.689176,Diagnostic Scanning,1,-2.1772278,30.7061656,24.65,4.0,0,0,Kirehe,0
-2.299359,29.708441,Electrical Systems,1,-2.306189,29.751206,4.81,4.6,0,0,Nyanza,0
-1.926149,30.380898,Oil Change,1,-1.9764461,30.4698713,11.36,4.0,0,0,Rwamagana,1
-2.084113,30.132769,Air Conditioning,1,-1.988107,30.332979,24.68,4.4,0,0,Bugesera,0
-1.995544,30.490584,Electrical Systems,3,-1.902701,30.488309,10.33,3.7,0,1,Rwamagana,0
-1.540461,29.655963,Oil Change,3,-1.559898,29.712738,6.67,4.3,0,0,Musanze,1
-1.992826,30.483093,Tire & Wheel,1,-1.911406,30.399223,12.99,3.5,0,0,Rwamagana,0
-1.952236,30.02725,Engine Repair,3,-1.8843,30.141437,14.77,4.6,0,0,Gasabo,1
-1.441964,29.602159,Tire & Wheel,1,-1.540639,29.630964,11.43,4.6,0,1,Musanze,1
-1.954621,30.142868,Air Conditioning,1,-1.963757,30.051834,10.17,4.3,0,0,Gasabo,1
-1.499862,30.100428,Air Conditioning,3,-1.47011,30.117199,3.8,4.3,0,1,Gicumbi,1
-1.844316,30.629222,Welding,1,-1.875731,30.63341,3.52,4.7,0,1,Kayonza,1
-1.883965,30.111006,Suspension & Steering,1,-1.903258,30.044603,7.69,4.3,1,0,Gasabo,1
-1.479882,30.063732,Electrical Systems,1,-1.557812,30.151185,13.02,3.5,0,0,Gicumbi,0
-1.501675,29.648194,Brake System,1,-1.5124405,29.711167,7.1,4.6,1,1,Musanze,1
-1.960258,30.470759,Bodywork,3,-1.9555509,30.4304452,4.51,4.8,0,1,Rwamagana,1
-2.428302,30.672571,Air Conditioning,1,-2.152794,30.773026,32.6,4.2,0,1,Kirehe,0
-2.058623,29.816442,Transmission Repair,1,-2.097321,29.668087,17.04,4.1,0,0,Muhanga,1
-1.972553,30.0975,Transmission Repair,1,-2.001411,30.129473,4.79,4.7,0,0,Kicukiro,1
-1.945568,30.369423,Transmission Repair,3,-1.9635535,30.4425109,8.36,4.1,0,1,Rwamagana,0
-2.076126,30.498651,Engine Repair,3,-2.101378,30.555785,6.94,4.6,0,0,Ngoma,1
-2.13982,30.41036,Suspension & Steering,1,-2.150758,30.589518,19.94,4.5,0,0,Ngoma,1
-1.892753,30.687628,Transmission Repair,1,-1.908654,30.635977,6.01,4.1,0,0,Kayonza,1
-2.231518,30.52796,Electrical Systems,1,-2.135464,30.608591,13.94,4.0,0,1,Ngoma,1
-2.312693,30.682883,Bodywork,1,-2.096563,30.6780396,24.04,3.7,1,0,Kirehe,0
-2.224632,30.14809,Transmission Repair,1,-2.134969,30.089865,11.89,3.2,0,0,Bugesera,1
-2.320994,30.582373,Engine Repair,1,-2.092794,30.76193,32.28,4.3,0,1,Kirehe,0
-2.369135,29.709883,Exhaust System,1,-2.360474,29.778666,7.7,4.4,0,1,Nyanza,1
-2.06167,29.671664,Engine Repair,1,-2.070799,29.741862,7.87,4.4,0,0,Muhanga,0
-2.342769,29.777576,Oil Change,3,-2.339031,29.725899,5.76,3.8,0,1,Nyanza,0
-2.011743,30.402512,Electrical Systems,1,-1.937093,30.45568,10.19,4.4,0,1,Rwamagana,1
-1.512596,29.578763,Suspension & Steering,1,-1.44419,29.696042,15.09,3.5,0,0,Musanze,1
-1.798619,30.008115,Brake System,1,-1.680633,29.913101,16.84,4.5,0,1,Rulindo,1
-2.309635,30.617263,Electrical Systems,1,-2.325542,30.724396,12.03,3.2,0,0,Kirehe,1
-1.660378,30.062541,Exhaust System,1,-1.473689,30.105094,21.29,4.7,0,0,Gicumbi,0
-2.19171,30.219394,Transmission Repair,1,-1.994646,30.320882,24.64,4.0,0,0,Bugesera,0
-1.74991,30.089634,Air Conditioning,1,-1.710651,29.948273,16.31,4.7,0,0,Rulindo,1
-1.942694,30.094649,Welding,1,-1.969506,30.086089,3.13,4.4,0,0,Gasabo,0
-1.98654,30.068273,Air Conditioning,1,-1.923215,30.14072,10.7,4.2,0,1,Kicukiro,0
-2.298659,29.731184,Air Conditioning,1,-2.359884,29.796949,9.99,4.2,1,0,Nyanza,1
-2.365131,30.621973,Exhaust System,1,-2.120336,30.773961,32.03,5.0,1,0,Kirehe,0
-2.203474,30.564137,Electrical Systems,1,-2.116855,30.558208,9.65,4.6,0,1,Ngoma,1
-2.016674,30.124672,Suspension & Steering,3,-2.038573,30.066287,6.93,4.2,0,1,Kicukiro,0
-2.373035,29.662463,Electrical Systems,1,-2.3351701,29.7354037,9.13,4.6,1,1,Nyanza,1
-2.419193,29.693589,Tire & Wheel,3,-2.314368,29.806016,17.08,4.5,0,1,Nyanza,1
-2.130792,30.111428,Brake System,1,-2.020537,30.289721,23.3,4.6,0,1,Bugesera,0
-2.054853,29.803165,Electrical Systems,1,-2.03467,29.764183,4.88,5.0,0,0,Muhanga,1
-1.546962,30.12377,Brake System,3,-1.472036,30.124222,8.33,4.7,0,0,Gicumbi,1
-1.492138,29.632542,Air Conditioning,1,-1.5446262,29.6984528,9.37,3.3,1,1,Musanze,0
-2.295393,29.686386,Suspension & Steering,3,-2.319002,29.745482,7.07,4.6,0,0,Nyanza,1
-1.834202,30.626609,Transmission Repair,1,-1.877753,30.667422,6.64,3.8,0,0,Kayonza,1
-2.273835,30.637143,Bodywork,1,-2.141201,30.800003,23.34,4.8,0,0,Kirehe,0
-2.346552,29.727291,Exhaust System,1,-2.3757979,29.7342049,3.34,4.4,0,1,Nyanza,1
-2.43757,29.671174,Exhaust System,1,-2.313984,29.7594,16.88,4.3,0,0,Nyanza,0
-1.636907,29.322726,Exhaust System,3,-1.702586,29.31626,7.34,3.2,0,0,Rubavu,1
-1.871785,30.579002,Air Conditioning,1,-1.9162452,30.499054,10.17,4.9,0,1,Kayonza,1
-2.023103,29.789916,Electrical Systems,3,-2.025448,29.76677,2.59,4.3,0,0,Muhanga,1
-1.713424,29.199822,Suspension & Steering,1,-1.722266,29.227514,3.23,3.7,0,0,Rubavu,1
-1.921673,30.019297,Electrical Systems,1,-1.917448,30.055478,4.05,4.5,0,0,Nyarugenge,0
-1.947633,30.059721,Exhaust System,1,-1.928322,30.041774,2.93,4.1,0,0,Kicukiro,1
-1.688624,30.07581,Exhaust System,1,-1.752756,30.102079,7.71,3.1,0,1,Rulindo,1
-2.373672,29.804618,Bodywork,3,-2.368687,29.7213173,9.27,4.9,0,0,Nyanza,1
-2.011933,30.446252,Tire & Wheel,1,-1.92045,30.504909,12.08,5.0,0,1,Rwamagana,1
-1.830992,30.659088,Welding,3,-1.9392148,30.4919969,22.13,4.3,0,1,Kayonza,0
-1.887674,30.037497,Engine Repair,1,-1.907718,30.031509,2.33,4.5,0,0,Gasabo,1
-2.23034,30.225249,Oil Change,1,-2.2361518,30.2562619,3.51,4.5,0,1,Bugesera,1
-2.222299,30.418059,Brake System,1,-2.10666,30.603289,24.27,4.3,0,1,Ngoma,0
-1.878394,30.032723,Engine Repair,3,-1.860438,30.11095,8.92,3.6,0,0,Gasabo,1
-2.270013,30.714081,Air Conditioning,1,-2.352613,30.699802,9.32,4.9,0,0,Kirehe,1
-2.546581,29.761072,Diagnostic Scanning,1,-2.665479,29.699937,14.86,4.9,0,0,Huye,0
-1.488737,30.009745,Diagnostic Scanning,1,-1.6148977,29.9932067,14.15,5.0,0,1,Gicumbi,1
-1.535918,29.691824,Exhaust System,1,-1.459239,29.587102,14.43,4.4,0,0,Musanze,1
-1.616692,29.204944,Brake System,3,-1.750809,29.307077,18.74,4.3,0,1,Rubavu,0
-1.855724,30.098529,Welding,3,-1.989042,30.16736,16.68,4.2,0,1,Gasabo,1
-2.075469,30.468536,Brake System,1,-2.140356,30.553195,11.86,3.7,1,0,Ngoma,1
-2.126085,30.188068,Electrical Systems,1,-2.018769,30.296251,16.94,4.9,1,1,Bugesera,0
-2.296489,29.76881,Air Conditioning,1,-2.318403,29.737808,4.22,4.7,0,0,Nyanza,1
-1.569178,29.579302,Brake System,1,-1.48196,29.543154,10.5,4.7,0,0,Musanze,0
-1.912508,30.092393,Electrical Systems,1,-1.925834,30.014639,8.77,4.2,1,1,Nyarugenge,1
-2.423376,30.638841,Bodywork,3,-2.149669,30.633902,30.44,4.9,0,1,Kirehe,0
-2.104481,30.415464,Suspension & Steering,1,-2.103088,30.560271,16.09,5.0,1,0,Ngoma,1
-2.320292,30.595717,Air Conditioning,1,-2.126469,30.796063,30.98,5.0,0,1,Kirehe,0
-2.222063,30.070632,Diagnostic Scanning,1,-1.983022,30.350774,40.93,4.2,0,0,Bugesera,0
-1.960398,30.134307,Suspension & Steering,1,-1.9497275,30.1370278,1.22,3.9,0,0,Gasabo,1
-2.010908,29.745198,Welding,1,-2.050482,29.718652,5.3,2.5,0,0,Muhanga,0
-2.187342,30.131681,Air Conditioning,1,-2.030583,30.292221,24.94,4.5,0,0,Bugesera,0
-1.75375,30.109404,Air Conditioning,1,-1.734972,29.928915,20.17,4.0,0,1,Rulindo,0
-1.451789,29.690135,Suspension & Steering,1,-1.536317,29.672872,9.59,4.6,1,0,Musanze,0
-1.564596,29.994689,Transmission Repair,1,-1.5725759,30.1179014,13.72,5.0,0,1,Gicumbi,1
-1.803991,30.103252,Welding,1,-1.70423,29.916495,23.53,3.3,1,1,Rulindo,0
-2.125215,30.077525,Oil Change,1,-2.021477,30.291748,26.45,4.4,0,0,Bugesera,0
-1.420716,29.709096,Welding,3,-1.550022,29.653502,15.65,4.9,0,0,Musanze,1
-1.496788,29.998714,Brake System,3,-1.500014,30.069101,7.83,4.8,0,0,Gicumbi,1
-1.930995,30.085338,Suspension & Steering,3,-1.984995,30.063951,6.46,4.3,1,0,Nyarugenge,1
-1.906352,30.424824,Oil Change,1,-1.947396,30.47514,7.22,3.8,0,0,Rwamagana,0
-2.308802,29.770513,Bodywork,1,-2.386182,29.7653216,8.62,4.4,0,0,Nyanza,1
-1.949447,30.698946,Oil Change,1,-1.960104,30.672366,3.18,3.3,0,0,Kayonza,1
-1.857416,30.653488,Electrical Systems,3,-1.90288,30.66614,5.25,4.9,0,0,Kayonza,1
-1.851274,30.631306,Bodywork,1,-1.915104,30.656634,7.64,4.5,0,1,Kayonza,1
-1.96205,30.444734,Tire & Wheel,1,-1.957273,30.424521,2.31,4.7,0,0,Rwamagana,0
-1.973565,30.100876,Welding,1,-1.990893,30.04492,6.51,3.3,0,0,Kicukiro,1
-1.463696,29.662842,Air Conditioning,1,-1.529539,29.601043,10.04,4.7,0,0,Musanze,1
-1.962494,30.115594,Bodywork,3,-1.983005,30.040579,8.64,3.5,0,1,Gasabo,1
-1.497798,29.561951,Diagnostic Scanning,1,-1.449632,29.672307,13.39,4.3,0,0,Musanze,1
-2.045354,29.75378,Suspension & Steering,3,-2.026743,29.747499,2.18,4.7,0,0,Muhanga,1
-1.95062,30.080025,Transmission Repair,1,-1.920353,30.136719,7.14,4.4,1,0,Kicukiro,0
-2.176868,30.473809,Diagnostic Scanning,1,-2.1855925,30.5575235,9.35,3.2,1,0,Ngoma,1
-2.328651,29.795283,Electrical Systems,1,-2.357959,29.761279,4.99,4.5,0,1,Nyanza,1
-1.976081,30.044297,Suspension & Steering,1,-1.966772,30.094914,5.72,4.4,0,1,Nyarugenge,1
-1.941486,30.68361,Exhaust System,1,-1.876796,30.618992,10.16,4.0,0,0,Kayonza,1
-2.14543,30.542529,Oil Change,3,-2.2207074,30.5267202,8.55,4.8,0,1,Ngoma,1
-1.962906,30.079837,Bodywork,1,-1.958037,30.15566,8.44,4.6,0,0,Kicukiro,0
-2.335462,29.747915,Diagnostic Scanning,1,-2.3204202,29.7207846,3.45,3.5,0,1,Nyanza,1
-2.222649,30.557318,Welding,1,-2.159629,30.537639,7.34,4.5,0,0,Ngoma,0
-2.154795,30.435719,Engine Repair,1,-2.078658,30.547481,15.03,4.9,0,1,Ngoma,1
-2.617221,29.716595,Diagnostic Scanning,1,-2.584311,29.690947,4.64,4.0,0,0,Huye,1
-1.901911,30.080473,Engine Repair,3,-1.883005,30.066523,2.61,3.8,0,0,Gasabo,1
-2.269944,30.739442,Exhaust System,1,-2.131506,30.744799,15.41,4.5,0,0,Kirehe,1
-2.221981,30.541361,Tire & Wheel,3,-2.2290239,30.5068113,3.92,4.7,1,1,Ngoma,1
-1.910411,30.084088,Air Conditioning,1,-1.977336,30.052682,8.22,4.1,0,1,Nyarugenge,1
-1.984823,30.366068,Air Conditioning,1,-1.927424,30.350492,6.61,4.9,0,0,Rwamagana,1
-2.28226,30.674653,Electrical Systems,1,-2.149301,30.797296,20.11,4.8,0,1,Kirehe,0
-1.974555,30.075245,Transmission Repair,3,-1.968767,30.111884,4.12,4.1,0,0,Kicukiro,1
-1.663738,29.184907,Bodywork,1,-1.6598458,29.2923767,11.95,3.6,0,0,Rubavu,1
-2.297802,30.691145,Diagnostic Scanning,1,-2.099571,30.726952,22.4,4.5,0,1,Kirehe,0
-2.623504,29.785677,Oil Change,1,-2.62783,29.812129,2.98,4.6,1,1,Huye,1
-1.789472,30.021223,Welding,3,-1.738929,29.932425,11.36,4.5,0,1,Rulindo,0
-1.85532,30.612095,Electrical Systems,1,-1.885071,30.663579,6.61,4.5,0,1,Kayonza,0
-1.639006,29.983123,Suspension & Steering,1,-1.496996,30.032022,16.7,4.3,1,0,Gicumbi,1
-2.174442,30.181477,Air Conditioning,1,-2.003533,30.345585,26.34,5.0,1,1,Bugesera,0
-1.92025,30.399342,Electrical Systems,1,-1.963995,30.488715,11.06,4.1,0,0,Rwamagana,1
-1.760151,30.02576,Oil Change,1,-1.739477,29.96785,6.83,4.1,0,1,Rulindo,0
-1.885626,30.42895,Brake System,1,-1.918311,30.422939,3.7,4.5,0,1,Rwamagana,0
-2.153275,29.711691,Bodywork,1,-2.058391,29.715995,10.56,4.6,0,1,Muhanga,0
-2.025158,29.683577,Electrical Systems,3,-2.09849,29.723024,9.26,4.7,0,0,Muhanga,0
-1.933352,30.108851,Transmission Repair,1,-1.9740332,30.1795097,9.06,4.1,0,0,Kicukiro,0
-1.868318,30.028306,Oil Change,1,-1.989182,30.149129,19.0,3.3,1,1,Gasabo,0
-2.100113,30.420989,Brake System,1,-2.063973,30.577443,17.84,3.3,0,0,Ngoma,0
-1.725332,29.999781,Suspension & Steering,1,-1.715082,29.98405,2.09,4.8,0,0,Rulindo,1
-1.870011,30.028278,Engine Repair,1,-1.907774,30.033887,4.25,4.4,0,0,Gasabo,0
-1.908305,30.425082,Suspension & Steering,1,-2.009666,30.498855,13.94,4.1,1,0,Rwamagana,1
-2.298978,29.761669,Oil Change,1,-2.296801,29.694229,7.5,3.5,0,0,Nyanza,0
-2.187398,30.424062,Bodywork,1,-2.102493,30.548914,16.78,5.0,0,0,Ngoma,1
-1.477766,29.97096,Oil Change,1,-1.566354,30.140927,21.31,4.4,0,1,Gicumbi,0
-1.536389,29.592263,Electrical Systems,1,-1.435944,29.663858,13.71,4.5,0,0,Musanze,1
-2.586758,29.781711,Bodywork,1,-2.614299,29.715006,8.02,4.0,0,1,Huye,1
-2.09624,30.118581,Suspension & Steering,1,-1.970755,30.308347,25.29,4.2,0,1,Bugesera,0
-2.156165,30.40168,Bodywork,3,-2.055901,30.571255,21.89,4.5,0,0,Ngoma,0
-2.209531,30.172299,Diagnostic Scanning,1,-2.008263,30.363847,30.89,4.5,0,0,Bugesera,0
-1.732912,29.311104,Tire & Wheel,1,-1.606438,29.254867,15.39,4.1,0,0,Rubavu,1
-2.272058,30.578269,Suspension & Steering,1,-2.081309,30.729041,27.03,4.0,1,0,Kirehe,0
-1.910603,30.034822,Diagnostic Scanning,1,-1.964428,30.037334,5.99,4.5,0,0,Nyarugenge,1
-2.635093,29.707455,Diagnostic Scanning,3,-2.6405309,29.7576454,5.61,3.0,0,1,Huye,0
-1.974734,30.073981,Exhaust System,1,-1.964833,30.168159,10.52,4.8,0,0,Kicukiro,1
-1.538879,30.117205,Exhaust System,1,-1.5581696,30.0166448,11.38,4.2,0,1,Gicumbi,1
-1.960726,30.109432,Air Conditioning,1,-2.017511,30.098988,6.42,4.2,0,1,Kicukiro,0
-1.823099,30.566709,Brake System,1,-1.886332,30.737127,20.2,4.2,1,1,Kayonza,0
-2.382446,30.580271,Tire & Wheel,3,-2.158434,30.738599,30.49,4.4,0,0,Kirehe,0
-2.196326,30.19041,Transmission Repair,1,-1.967336,30.331312,29.89,4.5,0,0,Bugesera,0
-2.200594,30.151148,Transmission Repair,1,-1.975288,30.295296,29.74,4.6,0,0,Bugesera,0
-1.986354,30.049418,Welding,3,-1.903658,30.036125,9.31,4.6,1,1,Nyarugenge,1
-2.124608,30.498289,Suspension & Steering,3,-2.161838,30.39787,11.9,4.9,0,0,Ngoma,0
-1.653111,29.229418,Oil Change,1,-1.684461,29.171736,7.3,3.4,0,1,Rubavu,0
-2.017979,30.381783,Bodywork,3,-1.97922,30.45201,8.92,4.5,0,0,Rwamagana,1
-2.20792,30.198877,Bodywork,1,-1.999283,30.319602,26.8,5.0,0,1,Bugesera,0
-1.621869,30.104559,Tire & Wheel,1,-1.535983,30.066825,10.43,3.7,0,0,Gicumbi,1
-1.710662,30.117875,Suspension & Steering,1,-1.7656219,30.0235206,12.14,3.7,0,0,Rulindo,1
-1.991444,30.05468,Air Conditioning,1,-2.01454,30.09838,5.49,4.5,0,1,Kicukiro,0
-1.930459,30.146899,Bodywork,1,-1.922176,30.051895,10.6,4.5,0,0,Kicukiro,1
-1.724636,29.300911,Transmission Repair,1,-1.7033786,29.2791912,3.38,4.3,0,1,Rubavu,1
-1.784356,30.096546,Welding,1,-1.709894,30.0166293,12.14,4.6,0,0,Rulindo,0
-1.909896,30.089708,Welding,1,-1.955698,30.036556,7.8,4.6,0,0,Gasabo,0
-2.386153,29.766735,Tire & Wheel,1,-2.331759,29.757083,6.14,3.7,0,0,Nyanza,1
-1.751409,29.996836,Diagnostic Scanning,1,-1.732134,29.978429,2.96,4.1,1,0,Rulindo,1
-1.798994,30.646987,Electrical Systems,1,-1.8820391,30.5417045,14.91,5.0,0,0,Kayonza,1
-2.142683,29.780052,Electrical Systems,3,-2.059854,29.736879,10.38,4.5,0,1,Muhanga,1
-1.939205,30.107196,Brake System,1,-2.024242,30.16127,11.2,4.3,0,0,Kicukiro,0
-2.099795,29.762908,Air Conditioning,1,-2.059469,29.753331,4.61,4.8,0,0,Muhanga,1
-2.549427,29.784638,Brake System,3,-2.539414,29.748264,4.19,4.1,0,0,Huye,1
-1.953562,30.024509,Air Conditioning,1,-1.948566,30.035806,1.37,4.8,1,0,Nyarugenge,0
-2.211843,30.410973,Oil Change,1,-2.13294,30.533329,16.18,4.5,0,0,Ngoma,1
-2.080213,29.77486,Oil Change,1,-2.040745,29.714142,8.05,5.0,0,1,Muhanga,1
-2.113433,30.231448,Oil Change,3,-2.02707,30.330188,14.58,4.5,1,1,Bugesera,1
-1.91359,30.458454,Bodywork,1,-1.980841,30.440574,7.74,3.8,0,0,Rwamagana,1
-1.709824,30.009277,Bodywork,3,-1.72,29.99,2.42,4.5,0,1,Rulindo,0
-2.661787,29.691898,Suspension & Steering,1,-2.574124,29.736207,10.92,4.4,0,1,Huye,1
-1.880738,30.138853,Air Conditioning,3,-1.975677,30.023925,16.57,4.5,0,1,Gasabo,1
-1.911682,30.086463,Engine Repair,1,-1.938701,30.024456,7.52,4.7,0,1,Nyarugenge,1
-2.271891,30.720955,Electrical Systems,1,-2.1582225,30.7300057,12.68,4.8,0,1,Kirehe,1
-1.813205,30.587303,Air Conditioning,1,-1.897214,30.600256,9.45,4.2,0,1,Kayonza,1
-2.263714,30.601289,Electrical Systems,1,-2.377399,30.569562,13.12,3.8,0,0,Kirehe,1
-2.363648,30.652077,Brake System,1,-2.094723,30.7479482,31.74,4.9,0,0,Kirehe,0
-2.436699,29.819054,Brake System,1,-2.331634,29.815177,11.69,4.8,0,1,Nyanza,1
-2.272202,30.734221,Diagnostic Scanning,1,-2.1701762,30.6360267,15.74,4.8,0,0,Kirehe,1
-1.943588,30.076104,Air Conditioning,1,-1.932702,30.096761,2.6,3.6,0,0,Gasabo,1
-1.953734,30.015448,Suspension & Steering,3,-1.920853,30.024773,3.8,3.0,0,0,Nyarugenge,0
-2.2506,30.665164,Air Conditioning,1,-2.153232,30.776675,16.45,4.6,1,1,Kirehe,0
-2.097879,29.73284,Exhaust System,1,-2.042411,29.734839,6.17,4.6,1,1,Muhanga,0
-1.537414,29.630341,Brake System,1,-1.418357,29.621555,13.27,4.2,0,0,Musanze,1
-1.986815,30.104503,Exhaust System,3,-2.02,30.08,4.59,4.6,0,1,Kicukiro,1
-2.199456,30.40498,Suspension & Steering,1,-2.140127,30.616414,24.4,4.9,0,0,Ngoma,0
-2.233119,30.42415,Exhaust System,3,-2.101619,30.544863,19.84,4.6,0,0,Ngoma,1
-2.556854,29.794153,Engine Repair,1,-2.563832,29.757016,4.2,3.7,0,1,Huye,1
-1.85568,30.632566,Welding,1,-1.9146714,30.5009587,16.03,4.2,0,1,Kayonza,0
-2.167745,30.459835,Suspension & Steering,3,-2.1995198,30.5664194,12.36,5.0,0,0,Ngoma,1
-2.273395,30.657609,Oil Change,1,-2.150069,30.797342,20.71,4.5,0,1,Kirehe,0
-2.393792,29.681835,Tire & Wheel,3,-2.3824432,29.7427562,6.88,4.9,0,1,Nyanza,1
-1.613026,29.188055,Air Conditioning,1,-1.702577,29.324661,18.16,5.0,1,1,Rubavu,1
-2.011701,30.131087,Welding,3,-2.0110135,30.1069784,2.68,3.9,0,1,Kicukiro,1
-2.145776,30.512652,Suspension & Steering,3,-2.135632,30.532364,2.46,4.7,0,1,Ngoma,1
-2.023132,30.135616,Exhaust System,3,-2.0030801,30.1531715,2.96,4.2,0,0,Kicukiro,1
-2.395459,30.575951,Electrical Systems,1,-2.303405,30.68797,16.11,4.2,0,0,Kirehe,1
-2.00834,30.373407,Transmission Repair,1,-1.944604,30.444887,10.65,4.7,0,1,Rwamagana,0
-1.45194,29.628658,Brake System,1,-1.518714,29.572024,9.73,3.6,0,0,Musanze,1
-1.928165,30.112509,Tire & Wheel,1,-1.965829,30.025031,10.59,3.5,0,0,Gasabo,1
-1.799383,30.008637,Transmission Repair,1,-1.659032,30.159836,22.93,3.3,0,1,Rulindo,0
-2.130745,30.575043,Engine Repair,1,-2.108456,30.555801,3.27,4.4,0,0,Ngoma,1
-1.967563,30.369111,Bodywork,1,-2.021638,30.398824,6.86,4.7,0,0,Rwamagana,1
-2.125098,30.425129,Bodywork,1,-2.119298,30.61001,20.55,5.0,1,1,Ngoma,0
-1.974714,30.069777,Diagnostic Scanning,1,-1.987814,30.137719,7.69,4.9,1,1,Kicukiro,0
-2.102968,30.145926,Welding,1,-2.041033,30.368233,25.65,4.3,0,0,Bugesera,0
-2.065986,30.576359,Diagnostic Scanning,1,-2.240835,30.43558,24.95,3.9,0,0,Ngoma,0
-2.61852,29.754045,Air Conditioning,1,-2.558932,29.818389,9.75,4.2,0,1,Huye,0
-1.566426,29.611225,Tire & Wheel,1,-1.571548,29.606904,0.75,4.2,0,1,Musanze,0
-2.287672,29.725854,Engine Repair,1,-2.3233737,29.7466916,4.6,3.0,0,0,Nyanza,1
-1.913226,30.414139,Oil Change,1,-1.963394,30.475904,8.84,4.3,0,1,Rwamagana,1
-1.49737,29.950083,Electrical Systems,1,-1.575158,30.138833,22.69,3.8,0,1,Gicumbi,0
-2.662168,29.721014,Engine Repair,1,-2.610102,29.677394,7.55,5.0,0,0,Huye,1
-1.525327,29.56061,Air Conditioning,1,-1.549112,29.543163,3.28,4.7,0,1,Musanze,1
-1.931859,30.054398,Welding,1,-1.992916,30.023206,7.62,2.5,0,0,Gasabo,0
-2.354432,29.678663,Welding,3,-2.407182,29.755995,10.4,4.8,0,1,Nyanza,1
-1.9355,30.101943,Welding,1,-1.867906,30.064207,8.61,4.1,0,0,Gasabo,1
-1.938385,30.064503,Exhaust System,1,-1.977862,30.11945,7.52,4.2,0,0,Gasabo,1
-2.385556,30.74224,Diagnostic Scanning,1,-2.115257,30.740685,30.06,4.4,1,0,Kirehe,0
-1.975346,30.050603,Engine Repair,1,-1.954505,30.016093,4.48,3.5,0,0,Nyarugenge,0
-2.395925,30.598208,Brake System,1,-2.163158,30.757255,31.34,4.1,0,0,Kirehe,0
-2.124769,30.510175,Brake System,3,-2.211635,30.511342,9.66,4.8,0,0,Ngoma,0
-2.055974,29.793728,Diagnostic Scanning,1,-2.051116,29.719721,8.24,4.4,0,1,Muhanga,1
-1.613052,29.297313,Bodywork,1,-1.6770044,29.2344808,9.97,4.4,0,0,Rubavu,1
-2.285152,30.699773,Engine Repair,1,-2.1393295,30.6054446,19.31,5.0,0,1,Kirehe,1
-1.967357,30.048801,Oil Change,1,-1.9710121,30.0719475,2.6,4.0,1,0,Nyarugenge,1
-1.650594,30.040256,Engine Repair,1,-1.563549,30.076514,10.48,4.4,1,1,Gicumbi,0
-2.439369,29.80904,Transmission Repair,1,-2.432293,29.661095,16.45,4.2,0,1,Nyanza,1
-1.699706,30.079896,Engine Repair,3,-1.707665,29.94422,15.11,4.1,0,1,Rulindo,1
-1.488714,29.692652,Tire & Wheel,1,-1.4791018,29.5928475,11.15,3.5,0,1,Musanze,0
-2.578667,29.754347,Electrical Systems,1,-2.546064,29.699966,7.05,4.4,0,0,Huye,0
-1.928516,30.108826,Exhaust System,3,-1.852139,30.082823,8.97,4.2,0,0,Gasabo,0
-2.003043,29.737961,Tire & Wheel,3,-2.086069,29.705837,9.9,4.5,0,1,Muhanga,1
-2.16294,30.476598,Diagnostic Scanning,3,-2.1879729,30.5216798,5.73,4.6,1,1,Ngoma,1
-2.2815,29.773085,Brake System,1,-2.354622,29.770669,8.14,4.4,0,0,Nyanza,1
-1.90313,30.637543,Tire & Wheel,3,-1.8950568,30.5443899,10.39,4.6,1,1,Kayonza,1
-1.963392,30.655007,Exhaust System,3,-1.9196782,30.4796514,20.08,3.8,0,1,Kayonza,0
-1.654309,29.211747,Diagnostic Scanning,1,-1.71029,29.310678,12.64,4.4,0,0,Rubavu,1
-2.108954,30.529503,Air Conditioning,1,-2.1599281,30.5261381,5.68,3.2,0,1,Ngoma,1
-1.857883,30.669971,Suspension & Steering,1,-1.9116798,30.470453,22.97,3.5,0,1,Kayonza,0
-1.946021,30.063607,Brake System,3,-1.98455,30.162548,11.8,3.7,1,0,Kicukiro,1
-1.572806,29.958829,Suspension & Steering,3,-1.5972034,30.0395435,9.37,3.6,0,1,Gicumbi,0
-2.186881,30.217644,Transmission Repair,1,-1.972974,30.329537,26.84,4.0,0,0,Bugesera,0
-1.914806,30.143772,Bodywork,3,-1.92702,30.086848,6.47,4.9,0,0,Gasabo,0
-1.90929,30.084799,Engine Repair,1,-1.944252,30.099889,4.23,4.6,0,0,Gasabo,0
-1.97512,30.026773,Diagnostic Scanning,1,-1.941222,30.092689,8.24,4.6,1,0,Nyarugenge,0
-1.92517,30.415407,Oil Change,1,-1.905855,30.447548,4.17,4.4,1,1,Rwamagana,1
-2.23435,30.552289,Transmission Repair,1,-2.1995519,30.560164,3.97,4.5,0,0,Ngoma,0
-1.987414,30.074999,Air Conditioning,1,-1.9439466,30.0472379,5.73,4.4,0,1,Nyarugenge,1
-2.06421,29.709628,Electrical Systems,1,-2.114597,29.7506502,7.22,3.4,0,1,Muhanga,1
-1.785136,30.075342,Suspension & Steering,1,-1.7578782,30.0235188,6.51,3.2,1,1,Rulindo,0
-1.946541,30.077363,Bodywork,1,-1.967864,30.106581,4.02,4.2,0,1,Gasabo,1
-2.088855,29.704557,Suspension & Steering,1,-2.1062047,29.7673678,7.24,4.1,0,0,Muhanga,1
-2.240813,30.16195,Exhaust System,1,-2.037198,30.3522,30.98,4.6,1,0,Bugesera,0
-2.409582,30.657398,Electrical Systems,1,-2.1179682,30.6520122,32.43,4.1,1,1,Kirehe,0
-2.367641,29.7294,Exhaust System,3,-2.3410779,29.7243697,3.01,4.5,0,1,Nyanza,1
-1.892889,30.428591,Exhaust System,1,-1.970317,30.51633,13.01,4.8,0,0,Rwamagana,0
-1.723896,29.236333,Suspension & Steering,1,-1.758815,29.302247,8.29,4.8,0,0,Rubavu,1
-1.960989,30.07549,Transmission Repair,1,-1.917992,30.022408,7.59,4.6,0,0,Gasabo,1
-1.902657,30.439228,Suspension & Steering,1,-1.980226,30.472713,9.39,4.2,0,1,Rwamagana,0
-1.707588,30.018363,Brake System,1,-1.679047,29.929425,10.38,3.7,0,1,Rulindo,1
-1.68333,30.016726,Tire & Wheel,1,-1.807423,30.003688,13.87,3.4,0,0,Rulindo,1
-2.413589,30.738761,Exhaust System,1,-2.146248,30.734747,29.73,4.5,1,0,Kirehe,0
-1.859074,30.628155,Exhaust System,1,-1.919511,30.65104,7.19,4.5,0,0,Kayonza,1
-2.090017,30.43685,Brake System,1,-2.2096315,30.5569817,18.84,3.2,0,1,Ngoma,0
-2.198597,30.24254,Air Conditioning,1,-2.1112432,30.2533986,9.79,4.9,0,1,Bugesera,1
-2.012836,29.774142,Welding,1,-2.026552,29.766897,1.72,4.5,0,1,Muhanga,0
-2.082849,29.709253,Air Conditioning,1,-2.05084,29.751328,5.88,4.6,0,0,Muhanga,0
-1.941508,30.06384,Oil Change,1,-1.960496,30.041331,3.27,4.8,0,0,Kicukiro,1
-2.327291,29.732526,Welding,1,-2.405908,29.677619,10.66,4.1,0,0,Nyanza,1
-1.902629,30.370448,Oil Change,1,-1.983084,30.469393,14.18,3.5,0,0,Rwamagana,1
-1.754026,29.184491,Suspension & Steering,1,-1.631227,29.324891,20.74,4.4,0,1,Rubavu,0
-2.346963,30.609832,Bodywork,1,-2.160808,30.753177,26.12,4.5,0,1,Kirehe,0
-2.027418,30.053539,Suspension & Steering,1,-2.01471,30.062621,1.74,4.4,0,1,Kicukiro,1
-1.463656,29.583626,Welding,1,-1.57112,29.708949,18.35,4.4,0,0,Musanze,1
-2.295014,30.58068,Air Conditioning,1,-2.133087,30.748194,25.9,3.8,0,1,Kirehe,0
-1.516049,30.003684,Electrical Systems,1,-1.483244,30.072503,8.47,4.8,0,1,Gicumbi,1
-1.746138,29.314181,Transmission Repair,1,-1.632051,29.227151,15.95,4.1,0,1,Rubavu,0
-2.350283,29.740746,Transmission Repair,1,-2.33572,29.7355002,1.72,3.7,0,0,Nyanza,1
-2.623169,29.794709,Bodywork,1,-2.526321,29.711215,14.21,3.0,0,0,Huye,0
-2.110456,30.567135,Bodywork,1,-2.083557,30.539255,4.31,4.8,0,0,Ngoma,1
-1.910718,30.025534,Bodywork,3,-1.982657,30.098962,11.43,4.3,0,0,Nyarugenge,1
-1.874478,30.121539,Tire & Wheel,1,-1.896553,30.100405,3.4,4.7,1,1,Gasabo,1
-1.980959,30.495121,Exhaust System,1,-1.918728,30.471246,7.41,4.5,0,1,Rwamagana,1
-2.407292,29.739932,Diagnostic Scanning,3,-2.343929,29.763621,7.52,4.2,0,0,Nyanza,1
-2.134107,29.785605,Diagnostic Scanning,1,-2.071635,29.759951,7.51,4.9,0,1,Muhanga,1
-1.795781,30.100896,Air Conditioning,1,-1.719245,29.969576,16.9,3.8,0,1,Rulindo,1
-2.621085,29.769319,Engine Repair,1,-2.587304,29.802546,5.27,4.6,0,0,Huye,0
-2.211781,30.552271,Air Conditioning,1,-2.076028,30.565247,15.16,3.7,0,0,Ngoma,0
-2.135569,29.780698,Bodywork,1,-2.060705,29.712313,11.27,4.2,0,0,Muhanga,0
-1.979417,30.10315,Tire & Wheel,1,-1.97118,30.1478219,5.05,4.0,1,1,Kicukiro,1
-1.731802,30.086052,Bodywork,1,-1.68188,29.981653,12.86,4.3,0,1,Rulindo,1
-1.971528,30.045281,Oil Change,1,-1.936169,30.066994,4.61,4.0,0,1,Nyarugenge,1
-2.248019,30.179515,Exhaust System,1,-1.970794,30.317855,34.45,4.5,0,0,Bugesera,0
-2.011571,30.134654,Welding,1,-2.037836,30.175237,5.37,4.4,0,1,Kicukiro,1
-1.58939,29.999965,Tire & Wheel,1,-1.504565,30.102109,14.76,4.5,0,1,Gicumbi,0
-1.917579,30.139913,Diagnostic Scanning,1,-1.913209,30.10404,4.02,4.4,0,0,Gasabo,1
-2.084882,29.789404,Diagnostic Scanning,3,-2.046188,29.738869,7.07,4.4,0,1,Muhanga,0
-2.194191,30.145485,Suspension & Steering,1,-2.038574,30.338202,27.53,4.5,0,1,Bugesera,0
-1.998871,30.459933,Welding,1,-1.9216383,30.4071585,10.4,4.8,1,0,Rwamagana,1
-2.082854,30.563007,Exhaust System,1,-2.113162,30.542908,4.04,4.7,0,0,Ngoma,1
-1.507715,29.595451,Tire & Wheel,1,-1.449955,29.67605,11.02,5.0,0,0,Musanze,1
-1.542415,30.140941,Brake System,1,-1.477436,30.069795,10.71,4.5,0,1,Gicumbi,1
-1.950721,30.456433,Exhaust System,1,-1.926049,30.515096,7.07,4.2,0,1,Rwamagana,1
-1.877295,30.135312,Engine Repair,1,-1.927737,30.032422,12.74,3.7,0,0,Gasabo,1
-2.352026,30.619249,Tire & Wheel,1,-2.130591,30.799352,31.73,4.8,1,0,Kirehe,0
-1.880021,30.619072,Bodywork,3,-1.899182,30.663178,5.34,4.3,0,0,Kayonza,1
-1.948885,30.426088,Transmission Repair,1,-1.973054,30.459491,4.58,4.4,0,0,Rwamagana,1
-1.971253,30.449517,Oil Change,1,-1.975867,30.43795,1.38,4.8,0,1,Rwamagana,0
-2.651933,29.791689,Diagnostic Scanning,3,-2.669567,29.721219,8.07,4.4,0,0,Huye,0
-2.365378,30.647864,Bodywork,3,-2.1628029,30.7134779,23.68,4.6,1,0,Kirehe,0
-2.330388,30.69637,Transmission Repair,1,-2.0887235,30.6678334,27.06,5.0,0,1,Kirehe,0
-1.919507,30.019129,Diagnostic Scanning,1,-1.910731,30.023573,1.09,3.6,0,0,Nyarugenge,1
-1.933695,30.037744,Transmission Repair,1,-1.923842,30.092907,6.23,4.7,0,1,Nyarugenge,0
-1.973642,30.038687,Brake System,1,-1.911123,30.041553,6.96,4.3,0,1,Nyarugenge,0
-1.713378,29.254051,Oil Change,1,-1.595578,29.178499,15.56,4.6,1,0,Rubavu,0
-2.302967,30.726958,Transmission Repair,1,-2.166507,30.795678,16.99,4.7,0,1,Kirehe,1
-2.10444,30.431199,Suspension & Steering,1,-2.141275,30.562129,15.11,3.8,0,0,Ngoma,1
-1.439615,29.594115,Exhaust System,1,-1.453247,29.660468,7.53,3.7,0,1,Musanze,0
-1.883326,30.38823,Brake System,1,-2.017946,30.352714,15.48,3.4,0,0,Rwamagana,0
-1.945403,30.672684,Suspension & Steering,1,-1.91043,30.668382,3.92,4.3,0,0,Kayonza,0
-1.558664,29.646179,Welding,3,-1.5480177,29.5734374,8.17,3.4,0,0,Musanze,1
-2.293383,30.712776,Exhaust System,1,-2.162149,30.793658,17.14,4.6,0,1,Kirehe,1
-1.869764,30.706462,Welding,3,-1.932975,30.627422,11.25,3.7,0,0,Kayonza,1
-2.414226,29.693229,Air Conditioning,1,-2.369062,29.754989,8.5,3.6,0,0,Nyanza,1
-2.596551,29.697255,Welding,1,-2.5932607,29.7366577,4.39,3.5,0,1,Huye,1
-1.918606,30.49471,Bodywork,1,-2.01587,30.499162,10.83,3.8,0,0,Rwamagana,0
-2.313163,30.60813,Exhaust System,1,-2.1038668,30.6046129,23.28,3.0,0,0,Kirehe,0
-1.988559,30.075684,Air Conditioning,1,-1.943096,30.095441,5.51,3.7,0,1,Nyarugenge,1
-1.480643,30.056857,Transmission Repair,1,-1.573524,30.125376,12.83,4.5,0,0,Gicumbi,0
-1.638503,30.039955,Exhaust System,1,-1.6360825,30.0634782,2.63,3.3,0,1,Gicumbi,0
-1.439515,29.660545,Diagnostic Scanning,1,-1.514693,29.7195931,10.63,4.7,0,1,Musanze,1
-1.929051,30.088338,Tire & Wheel,1,-1.917709,30.029332,6.68,4.0,0,1,Gasabo,0
-1.876057,30.034618,Welding,1,-1.880132,30.058085,2.65,4.5,0,1,Gasabo,1
-1.576397,29.568312,Welding,1,-1.4922403,29.6149901,10.7,3.2,0,1,Musanze,1
-1.576659,29.977292,Air Conditioning,1,-1.48397,30.055218,13.46,4.9,0,1,Gicumbi,0
-2.612439,29.731827,Bodywork,1,-2.5993473,29.7717266,4.66,5.0,0,0,Huye,0
-1.891668,30.44388,Suspension & Steering,1,-2.022533,30.434625,14.59,3.6,0,0,Rwamagana,1
-1.747834,30.071105,Transmission Repair,3,-1.686505,29.910002,19.16,3.0,0,0,Rulindo,0
-2.023307,29.762002,Transmission Repair,1,-2.0524786,29.7669274,3.29,4.4,1,1,Muhanga,0
-1.98051,30.141089,Brake System,3,-1.989945,30.104436,4.21,4.6,0,1,Kicukiro,1
-2.10744,30.105122,Engine Repair,3,-1.992479,30.281872,23.43,4.7,0,1,Bugesera,0
-1.97775,30.070208,Diagnostic Scanning,1,-1.930155,30.037822,6.4,4.2,0,0,Nyarugenge,1
-1.935303,30.07585,Suspension & Steering,3,-1.934638,30.05549,2.26,4.9,0,0,Nyarugenge,0
-2.628656,29.709851,Bodywork,3,-2.629267,29.770534,6.74,5.0,0,0,Huye,0
-2.21529,30.193459,Bodywork,3,-2.007679,30.328855,27.56,4.9,0,0,Bugesera,0
-2.565458,29.736085,Exhaust System,1,-2.637822,29.750566,8.21,3.3,1,0,Huye,0
-1.72833,30.104059,Engine Repair,1,-1.736079,29.900891,22.6,3.5,0,1,Rulindo,0
-2.638504,29.773438,Engine Repair,1,-2.5651058,29.752991,8.47,4.1,0,1,Huye,0
-2.382011,30.670075,Oil Change,1,-2.137646,30.720276,27.74,4.8,0,0,Kirehe,0
-1.67315,30.029924,Brake System,1,-1.676676,29.969529,6.72,4.4,0,1,Rulindo,1
-1.913683,30.084299,Suspension & Steering,1,-1.974887,30.042682,8.23,5.0,1,1,Nyarugenge,0
-2.613787,29.755009,Suspension & Steering,1,-2.552799,29.722074,7.71,4.1,0,0,Huye,0
-1.48905,29.568404,Brake System,1,-1.574075,29.67107,14.82,4.7,0,1,Musanze,1
-1.964548,30.119838,Oil Change,1,-1.950681,30.044204,8.55,3.5,0,0,Gasabo,0
-1.72051,29.235628,Tire & Wheel,1,-1.649187,29.259546,8.36,4.4,0,0,Rubavu,1
-2.563968,29.735135,Tire & Wheel,3,-2.574097,29.741306,1.32,4.8,0,1,Huye,1
-1.692412,30.145842,Exhaust System,1,-1.740994,29.978718,19.34,4.1,0,0,Rulindo,0
-1.895609,30.395637,Diagnostic Scanning,1,-1.905812,30.388022,1.42,4.8,0,1,Rwamagana,1
-2.426302,30.748399,Transmission Repair,1,-2.133765,30.801858,33.07,4.7,0,1,Kirehe,0
-1.538239,29.656367,Electrical Systems,1,-1.4842919,29.6023495,8.49,4.4,1,0,Musanze,1
-1.637907,30.119576,Air Conditioning,1,-1.571196,30.129262,7.5,4.5,0,1,Gicumbi,0
-1.808041,30.060716,Transmission Repair,1,-1.7341293,29.9987655,10.72,3.8,1,0,Rulindo,1
-2.195182,30.177277,Air Conditioning,1,-1.997065,30.347138,29.01,4.3,0,1,Bugesera,0
-1.433625,29.602318,Oil Change,1,-1.4701457,29.5838441,4.55,3.7,0,0,Musanze,1
-1.494507,30.104599,Welding,1,-1.515024,30.089976,2.8,4.3,0,1,Gicumbi,1
-1.986741,30.090423,Electrical Systems,1,-1.950218,30.015326,9.28,3.1,0,0,Nyarugenge,0
-1.937574,30.44055,Air Conditioning,1,-1.874149,30.403732,8.15,3.5,0,0,Rwamagana,1
-1.634178,29.203751,Oil Change,1,-1.740721,29.199032,11.86,4.1,1,0,Rubavu,1
-1.519579,29.979901,Engine Repair,1,-1.5674178,30.0839725,12.73,4.2,0,0,Gicumbi,0
-1.913667,30.112798,Exhaust System,1,-1.888981,30.163454,6.26,3.3,1,1,Gasabo,0
-2.640515,29.712554,Oil Change,3,-2.629684,29.808452,10.72,4.7,0,0,Huye,1
-1.654964,30.061787,Tire & Wheel,1,-1.7073679,29.9880291,10.06,5.0,0,1,Rulindo,1
-1.930475,30.621638,Diagnostic Scanning,1,-1.906535,30.574,5.93,4.1,0,1,Kayonza,0
-1.650082,30.038431,Exhaust System,1,-1.7422426,29.9926249,11.44,4.4,0,1,Rulindo,0
-1.497933,29.563377,Electrical Systems,1,-1.512564,29.682757,13.37,3.8,0,1,Musanze,1
-1.920668,30.738629,Diagnostic Scanning,1,-1.9371574,30.5584194,20.11,4.7,0,1,Kayonza,0
-2.151893,29.74179,Welding,1,-2.042113,29.725692,12.34,3.3,0,0,Muhanga,1
-1.939105,30.58213,Bodywork,1,-1.911934,30.651345,8.26,4.8,0,0,Kayonza,1
-2.148982,30.533716,Tire & Wheel,1,-2.101238,30.579155,7.33,4.6,0,0,Ngoma,0
-1.491539,29.999336,Oil Change,1,-1.5392255,30.0328946,6.48,4.5,1,0,Gicumbi,0
-1.677121,29.221414,Diagnostic Scanning,1,-1.741882,29.197044,7.69,4.6,0,0,Rubavu,1
-1.90159,30.364974,Transmission Repair,3,-1.895052,30.446266,9.06,3.9,1,0,Rwamagana,1
-2.300108,30.620396,Tire & Wheel,3,-2.089619,30.737646,26.79,4.3,0,0,Kirehe,0
-1.671841,30.028446,Brake System,1,-1.789454,30.157864,19.44,3.2,0,0,Rulindo,0
-1.567433,29.575588,Engine Repair,1,-1.51561,29.553574,6.26,4.3,1,1,Musanze,1
-2.361423,30.72373,Oil Change,1,-2.159451,30.786551,23.52,4.5,0,0,Kirehe,0
-1.66993,30.026757,Tire & Wheel,3,-1.7367955,29.98599,8.71,4.6,0,0,Rulindo,1
-1.953799,30.043219,Suspension & Steering,1,-1.987228,30.023324,4.32,3.6,0,0,Nyarugenge,1
-2.070024,30.478872,Welding,3,-2.1395317,30.5722009,12.93,4.9,0,1,Ngoma,1
-1.469547,29.642043,Tire & Wheel,3,-1.543356,29.617015,8.67,4.1,1,0,Musanze,1
-2.129016,30.561702,Brake System,1,-2.147628,30.549311,2.49,3.5,0,1,Ngoma,1
-2.114124,30.495846,Bodywork,3,-2.142509,30.599743,11.97,5.0,0,0,Ngoma,1
-2.320849,30.647962,Electrical Systems,3,-2.132435,30.782618,25.74,4.8,0,0,Kirehe,0
-1.480038,29.620971,Diagnostic Scanning,3,-1.536909,29.69116,10.04,4.2,0,1,Musanze,1
-1.654974,30.143578,Electrical Systems,3,-1.692082,29.92703,24.42,4.7,0,0,Rulindo,0
-1.628682,29.276281,Brake System,1,-1.60116,29.334203,7.13,4.8,1,1,Rubavu,1
-1.995073,30.427063,Exhaust System,3,-1.916995,30.460473,9.44,4.5,1,1,Rwamagana,1
-2.118831,29.670559,Electrical Systems,1,-1.991386,29.785113,19.05,3.5,0,1,Muhanga,0
-1.943615,30.10137,Diagnostic Scanning,1,-2.007479,30.135344,8.04,4.7,1,0,Kicukiro,1
-1.769336,30.100876,Engine Repair,3,-1.695584,29.910778,22.66,4.5,0,0,Rulindo,0
-1.451464,29.709923,Bodywork,1,-1.58236,29.68931,14.73,4.4,0,0,Musanze,0
-2.384147,29.699104,Electrical Systems,3,-2.353485,29.738571,5.55,4.8,0,1,Nyanza,0
-2.020665,30.089405,Exhaust System,3,-1.952586,30.076629,7.7,3.4,0,0,Kicukiro,1
-2.437212,29.678303,Transmission Repair,1,-2.355971,29.750604,12.09,4.5,0,0,Nyanza,1
-2.211225,30.531789,Engine Repair,1,-2.1462743,30.5269696,7.24,4.3,0,0,Ngoma,1
-1.563103,29.688559,Diagnostic Scanning,1,-1.468593,29.708486,10.74,4.2,0,0,Musanze,1
-1.792626,29.991617,Diagnostic Scanning,3,-1.7065252,30.017794,10.01,4.0,1,1,Rulindo,1
-2.111263,30.446191,Brake System,3,-2.1827878,30.5906203,17.91,4.5,0,1,Ngoma,1
-1.742141,29.337647,Tire & Wheel,1,-1.653705,29.289394,11.2,4.7,1,0,Rubavu,1
-1.559938,29.615908,Diagnostic Scanning,1,-1.473464,29.613203,9.62,3.3,0,0,Musanze,1
-1.540818,29.592715,Electrical Systems,3,-1.45804,29.636512,10.41,4.7,1,1,Musanze,0
-2.03064,29.713734,Brake System,3,-2.1170034,29.7387972,10.0,3.5,0,1,Muhanga,1
-1.511534,29.552006,Brake System,1,-1.5007223,29.6325193,9.03,4.6,0,1,Musanze,0
-1.488042,30.078363,Exhaust System,1,-1.500192,30.074014,1.43,4.9,0,1,Gicumbi,1
-2.127746,29.781991,Electrical Systems,1,-2.027463,29.763204,11.34,4.2,0,1,Muhanga,0
-1.962275,30.056046,Exhaust System,1,-1.947327,30.119926,7.29,4.9,0,0,Kicukiro,1
-1.554117,30.108493,Oil Change,1,-1.481699,30.122933,8.21,4.6,0,0,Gicumbi,0
-1.617417,29.97441,Suspension & Steering,1,-1.559386,30.14878,20.43,4.7,0,0,Gicumbi,0
-2.558856,29.724045,Brake System,3,-2.537892,29.680814,5.34,4.7,0,1,Huye,1
-1.665262,30.113651,Welding,1,-1.5435,30.08075,14.02,4.5,0,0,Gicumbi,1
-2.368974,30.683082,Oil Change,3,-2.1428659,30.6666807,25.21,4.9,0,0,Kirehe,0
-2.412008,30.582959,Tire & Wheel,3,-2.1585115,30.6145179,28.4,3.5,0,1,Kirehe,0
-2.54167,29.713594,Suspension & Steering,1,-2.599058,29.681193,7.33,4.3,0,0,Huye,0
-2.311081,30.748062,Oil Change,1,-2.106415,30.767466,22.86,4.7,0,0,Kirehe,0
-2.355985,29.743347,Bodywork,3,-2.323079,29.746532,3.68,4.2,0,0,Nyanza,0
-1.92477,30.096974,Tire & Wheel,1,-1.961169,30.062801,5.55,3.3,0,0,Gasabo,1
-2.098152,30.476361,Exhaust System,1,-2.089099,30.547538,7.97,4.5,0,1,Ngoma,1
-2.623458,29.793694,Oil Change,1,-2.5903625,29.72665,8.31,3.2,0,1,Huye,1
-1.444066,29.590812,Tire & Wheel,1,-1.514697,29.646815,10.02,3.6,0,0,Musanze,1
-2.126874,30.221244,Exhaust System,1,-2.029295,30.283191,12.85,4.6,0,0,Bugesera,1
-2.129235,29.805163,Exhaust System,3,-2.0617212,29.7798206,8.02,4.4,0,0,Muhanga,1
-1.596498,30.014136,Suspension & Steering,1,-1.506344,30.079152,12.36,3.5,0,0,Gicumbi,0
-2.182983,30.19661,Diagnostic Scanning,3,-2.036125,30.315547,21.01,4.6,0,0,Bugesera,0
-1.945304,30.638424,Air Conditioning,1,-1.871038,30.620874,8.49,4.5,0,0,Kayonza,0
-1.965672,30.079881,Engine Repair,1,-1.870843,30.098963,10.76,4.5,0,0,Gasabo,1
-2.311104,30.729788,Brake System,1,-2.118347,30.747266,21.52,4.5,0,0,Kirehe,0
-2.281593,30.610084,Engine Repair,1,-2.121697,30.726067,21.96,4.1,0,0,Kirehe,0
-2.199438,30.248426,Bodywork,1,-1.976564,30.354485,27.44,5.0,0,1,Bugesera,0
-2.158409,30.155098,Oil Change,3,-2.005017,30.295368,23.11,4.7,0,0,Bugesera,0
-1.579787,29.961758,Engine Repair,1,-1.583627,30.107935,16.25,4.0,0,1,Gicumbi,0
-1.50637,30.04125,Suspension & Steering,1,-1.572607,30.146241,13.8,4.4,1,1,Gicumbi,1
-1.76529,30.044867,Transmission Repair,1,-1.706541,29.910013,16.35,4.7,1,1,Rulindo,1
-2.568949,29.747934,Air Conditioning,1,-2.564364,29.78369,4.0,3.1,0,0,Huye,0
-1.971272,30.06484,Electrical Systems,1,-1.909212,30.024892,8.21,4.8,0,0,Nyarugenge,0
-1.645521,30.041697,Electrical Systems,3,-1.525187,30.065534,13.64,4.7,0,1,Gicumbi,1
-2.360935,29.686688,Exhaust System,1,-2.334405,29.751545,7.79,4.3,0,1,Nyanza,1
-1.713044,30.015175,Exhaust System,1,-1.721946,29.945595,7.8,4.7,0,1,Rulindo,1
-2.415244,29.797016,Bodywork,3,-2.356728,29.722279,10.55,4.5,0,0,Nyanza,1
-1.479147,29.650284,Bodywork,1,-1.4986077,29.6187092,4.12,3.9,0,0,Musanze,1
-1.625733,29.298383,Transmission Repair,3,-1.718294,29.182112,16.52,4.5,1,0,Rubavu,1
-1.894974,30.078935,Brake System,1,-1.97777,30.031037,10.63,4.5,0,1,Gasabo,1
-1.990643,30.087903,Welding,1,-1.9874396,30.1650302,8.58,4.7,0,0,Kicukiro,1
-1.559311,29.617833,Transmission Repair,1,-1.469333,29.648314,10.56,3.5,1,1,Musanze,1
-2.3599,30.576223,Oil Change,1,-2.1681196,30.6346622,22.29,4.6,0,0,Kirehe,0
-2.104657,30.50403,Transmission Repair,1,-2.2095761,30.5596316,13.2,4.5,0,0,Ngoma,1
-1.451013,29.63683,Brake System,3,-1.577543,29.568175,16.01,4.6,0,0,Musanze,1
-1.452629,29.565726,Tire & Wheel,3,-1.526357,29.666765,13.91,3.7,0,0,Musanze,1
-1.883219,30.362065,Suspension & Steering,3,-1.916742,30.468308,12.38,4.4,0,1,Rwamagana,1
-2.559048,29.716465,Exhaust System,1,-2.633699,29.729766,8.43,4.1,0,0,Huye,0
-1.970143,30.086212,Diagnostic Scanning,1,-1.928481,30.117377,5.78,4.8,0,0,Kicukiro,1
-1.758646,29.195178,Welding,1,-1.727751,29.335812,16.0,4.2,0,0,Rubavu,1
-1.650318,30.072178,Transmission Repair,3,-1.59027,30.121282,8.62,4.5,0,0,Gicumbi,0
-1.915344,30.108031,Suspension & Steering,1,-1.906315,30.16229,6.11,4.2,0,0,Gasabo,1
-2.266635,30.114197,Transmission Repair,1,-2.23764,30.230909,13.36,3.7,0,0,Bugesera,1
-2.294404,29.730134,Tire & Wheel,1,-2.340451,29.791401,8.52,4.8,0,0,Nyanza,1
-2.008592,30.471822,Transmission Repair,1,-1.9645553,30.4363693,6.28,4.5,0,1,Rwamagana,1
-2.612088,29.70407,Bodywork,1,-2.526264,29.80189,14.46,4.0,0,1,Huye,1
-2.663844,29.752752,Engine Repair,1,-2.599174,29.74985,7.2,3.3,0,0,Huye,1
-2.30798,30.627105,Tire & Wheel,3,-2.130415,30.720293,22.29,4.4,0,0,Kirehe,0
-2.12428,30.549772,Oil Change,1,-2.1983062,30.4906778,10.53,3.4,0,0,Ngoma,1
-1.948025,30.089191,Bodywork,1,-2.017953,30.078291,7.87,4.4,0,1,Kicukiro,0
-1.907269,30.664938,Tire & Wheel,3,-1.894376,30.671815,1.62,4.5,0,0,Kayonza,0
-1.603662,29.262622,Transmission Repair,1,-1.632547,29.229686,4.87,4.3,0,0,Rubavu,1
-1.518372,29.613189,Oil Change,3,-1.561225,29.576285,6.29,4.4,1,0,Musanze,1
-1.906116,30.690123,Engine Repair,1,-1.919551,30.606405,9.42,4.5,0,0,Kayonza,1
-2.379094,29.721463,Suspension & Steering,1,-2.341606,29.797022,9.37,4.7,0,0,Nyanza,1
-2.150265,29.774857,Tire & Wheel,1,-2.088652,29.746526,7.54,4.6,0,0,Muhanga,1
-1.949602,30.051242,Transmission Repair,3,-1.995336,30.043414,5.16,4.7,0,0,Nyarugenge,1
-1.954174,30.134626,Oil Change,1,-2.024349,30.044357,12.71,4.2,0,1,Kicukiro,1
-2.100032,29.722326,Tire & Wheel,1,-2.063858,29.757516,5.61,4.8,0,0,Muhanga,1
-2.066911,29.771088,Tire & Wheel,1,-2.088208,29.734074,4.75,4.5,0,0,Muhanga,0
-2.071116,29.793631,Transmission Repair,3,-2.053836,29.717948,8.63,4.1,0,0,Muhanga,0
-1.945543,30.027648,Air Conditioning,1,-1.979207,30.01791,3.9,4.2,0,0,Nyarugenge,1
-2.09484,29.776239,Electrical Systems,1,-2.1108899,29.7425791,4.14,3.9,0,0,Muhanga,0
-1.992041,30.138497,Tire & Wheel,1,-1.991544,30.119416,2.12,4.5,0,0,Kicukiro,0
-1.877261,30.088155,Suspension & Steering,1,-1.871313,30.039825,5.41,4.5,0,0,Gasabo,1
-2.353614,30.711853,Bodywork,1,-2.09099,30.821609,31.65,4.5,0,1,Kirehe,0
-1.636413,30.007158,Brake System,1,-1.507191,30.139034,20.53,3.6,0,1,Gicumbi,0
-2.655185,29.740253,Electrical Systems,3,-2.6200357,29.7233032,4.34,4.5,1,1,Huye,0
-1.974619,30.065735,Brake System,1,-1.923024,30.075357,5.84,4.5,0,0,Nyarugenge,1
-2.217769,30.574436,Tire & Wheel,1,-2.1584638,30.4981984,10.74,4.4,0,1,Ngoma,1
-2.138352,30.24729,Diagnostic Scanning,3,-2.2322911,30.2246704,10.74,4.4,0,0,Bugesera,1
-1.965992,30.093925,Diagnostic Scanning,1,-1.90538,30.060672,7.69,3.7,0,1,Gasabo,1
-2.350667,29.662396,Oil Change,3,-2.331279,29.790275,14.37,4.7,0,0,Nyanza,1
-1.968003,30.124469,Welding,1,-1.996815,30.153782,4.57,4.6,0,0,Kicukiro,0
-1.950851,30.446576,Welding,1,-1.880371,30.439633,7.87,3.7,0,0,Rwamagana,1
-2.254724,30.64213,Exhaust System,3,-2.1374114,30.6964787,14.37,4.1,0,1,Kirehe,0
-2.013767,30.055592,Oil Change,1,-1.977281,30.159786,12.27,4.0,0,0,Kicukiro,1
-1.851994,30.132495,Oil Change,1,-1.991203,30.12233,15.52,4.3,0,0,Gasabo,0
-2.303621,30.748308,Oil Change,1,-2.322867,30.596022,17.05,4.9,0,0,Kirehe,0
-2.38572,29.756195,Tire & Wheel,1,-2.3016,29.729562,9.81,4.0,0,1,Nyanza,1
-2.147237,29.705469,Electrical Systems,1,-2.074922,29.710999,8.06,4.0,0,0,Muhanga,1
-2.641745,29.80349,Welding,3,-2.679018,29.725009,9.65,4.1,0,0,Huye,1
-2.280704,29.71935,Engine Repair,1,-2.361568,29.737824,9.22,4.2,1,0,Nyanza,0
-2.612912,29.689531,Welding,3,-2.666979,29.789568,12.63,4.2,0,0,Huye,1
-2.62283,29.702672,Welding,1,-2.535935,29.670222,10.31,3.6,1,0,Huye,0
-2.405597,29.677975,Electrical Systems,1,-2.3772376,29.729508,6.54,4.6,0,1,Nyanza,0
-1.98956,30.486806,Diagnostic Scanning,1,-1.964392,30.467176,3.55,4.2,1,1,Rwamagana,0
-1.911544,30.655121,Tire & Wheel,1,-1.861881,30.591767,8.95,4.7,0,1,Kayonza,0
-1.970368,30.432465,Oil Change,1,-1.96789,30.454263,2.44,4.0,0,0,Rwamagana,1
-2.123257,30.501426,Brake System,1,-2.097607,30.489678,3.14,3.4,0,1,Ngoma,1
-1.701045,30.080761,Welding,1,-1.6978792,29.9251879,17.29,4.0,0,0,Rulindo,0
-1.994986,30.072644,Transmission Repair,1,-1.970606,30.177079,11.92,4.8,0,1,Kicukiro,1
-2.149988,30.404689,Brake System,1,-2.102634,30.594407,21.73,3.8,0,0,Ngoma,0
-2.575098,29.68522,Tire & Wheel,1,-2.6316323,29.7321552,8.17,4.7,0,1,Huye,1
-2.661195,29.761305,Diagnostic Scanning,1,-2.605013,29.706766,8.7,4.6,1,1,Huye,1
-2.311708,29.80997,Exhaust System,3,-2.3880955,29.7689533,9.64,3.9,0,0,Nyanza,1
-1.656874,30.058095,Exhaust System,3,-1.678607,29.92827,14.63,4.4,0,0,Rulindo,1
-1.969139,30.112819,Diagnostic Scanning,1,-1.975355,30.105068,1.1,3.9,0,0,Kicukiro,1
-1.940212,30.040742,Suspension & Steering,1,-1.993978,30.047694,6.03,3.3,1,0,Nyarugenge,1
-2.392199,30.597795,Welding,1,-2.313126,30.580767,8.99,4.0,0,0,Kirehe,1
-2.140176,29.818205,Oil Change,3,-2.022081,29.748163,15.26,4.0,0,0,Muhanga,0
-1.483703,29.701596,Brake System,1,-1.505,29.628,8.52,4.1,0,1,Musanze,0
-1.961196,30.057168,Transmission Repair,3,-1.960858,30.053088,0.45,4.5,0,0,Nyarugenge,1
-2.206566,30.15553,Bodywork,1,-1.975035,30.285148,29.5,4.0,0,0,Bugesera,0
-2.309264,29.779257,Engine Repair,1,-2.351008,29.73913,6.44,4.5,0,1,Nyanza,1
-1.422026,29.609252,Exhaust System,1,-1.519752,29.588605,11.11,4.9,0,1,Musanze,1
-2.565407,29.75439,Oil Change,1,-2.589612,29.754122,2.69,4.5,1,1,Huye,0
-2.04162,29.789957,Tire & Wheel,1,-2.063704,29.763784,3.81,4.8,0,0,Muhanga,0
-1.895996,30.408905,Tire & Wheel,1,-1.94584,30.350898,8.5,3.3,0,0,Rwamagana,1
-1.967577,30.062565,Suspension & Steering,1,-1.978827,30.038805,2.92,4.2,0,0,Nyarugenge,1
-2.039812,29.79656,Air Conditioning,1,-2.073835,29.717999,9.51,4.2,0,1,Muhanga,1
-1.678605,29.233416,Bodywork,3,-1.764263,29.270492,10.38,3.5,0,0,Rubavu,1
-2.236193,30.112103,Diagnostic Scanning,3,-1.983308,30.315495,36.08,4.6,0,0,Bugesera,0
-1.932924,30.141971,Air Conditioning,1,-1.943688,30.081022,6.88,3.8,0,1,Gasabo,1
-1.621704,30.094614,Exhaust System,1,-1.519114,30.063009,11.94,4.2,0,0,Gicumbi,0
-1.960313,30.114396,Air Conditioning,1,-2.001879,30.147461,5.9,4.8,0,1,Kicukiro,1
-2.112785,30.562998,Electrical Systems,3,-2.135002,30.5433,3.3,4.2,1,0,Ngoma,0
-1.961858,30.057499,Oil Change,1,-1.918797,30.1189,8.34,5.0,0,1,Gasabo,1
-1.466685,29.629052,Diagnostic Scanning,1,-1.426443,29.612081,4.86,5.0,0,0,Musanze,1
-2.586479,29.723568,Exhaust System,1,-2.661642,29.74004,8.56,4.0,0,0,Huye,1
-1.686177,30.105766,Welding,1,-1.703507,29.912532,21.56,4.7,0,1,Rulindo,0
-1.841244,30.720264,Bodywork,1,-1.888845,30.609268,13.42,4.8,0,1,Kayonza,1
-1.898553,30.141049,Exhaust System,1,-1.8914497,30.1310264,1.37,4.8,0,1,Gasabo,1
-1.658887,29.294708,Electrical Systems,3,-1.724038,29.323294,7.91,4.6,0,0,Rubavu,0
-2.1541,30.451878,Electrical Systems,1,-2.130221,30.534462,9.55,4.2,0,1,Ngoma,0
-1.52164,29.69546,Bodywork,1,-1.538462,29.717457,3.08,4.7,1,0,Musanze,1
-1.522913,29.578113,Welding,1,-1.483017,29.668743,11.01,4.4,0,0,Musanze,1
-1.964561,30.373426,Brake System,3,-1.916811,30.459828,10.97,4.8,1,0,Rwamagana,1
-1.944813,30.058028,Air Conditioning,1,-1.991765,30.095065,6.65,4.8,0,1,Nyarugenge,1
-1.936331,30.43943,Suspension & Steering,1,-1.93901,30.406017,3.73,3.9,0,0,Rwamagana,0
-1.686222,30.047851,Bodywork,1,-1.72831,29.96558,10.27,4.0,0,1,Rulindo,0
-2.079756,30.172244,Bodywork,3,-2.1881271,30.2109977,12.8,4.5,0,1,Bugesera,1
-2.235115,30.547728,Suspension & Steering,3,-2.07324,30.612343,19.38,4.8,0,1,Ngoma,1
-2.314234,29.772826,Engine Repair,1,-2.3792404,29.7554241,7.48,4.2,0,1,Nyanza,0
-1.933119,30.146558,Oil Change,1,-2.028108,30.169913,10.88,3.8,0,1,Kicukiro,1
-1.51671,30.013371,Suspension & Steering,1,-1.5620726,30.0478654,6.34,4.2,0,1,Gicumbi,1
-1.894496,30.09673,Air Conditioning,1,-1.978642,30.131917,10.14,4.1,0,0,Gasabo,0
-1.668964,29.961553,Diagnostic Scanning,1,-1.661329,30.036445,8.37,4.4,0,0,Gicumbi,1
-2.017206,30.075765,Transmission Repair,3,-1.945121,30.089258,8.15,4.2,0,1,Kicukiro,0
-1.876646,30.703441,Tire & Wheel,1,-1.899275,30.643347,7.14,4.6,0,1,Kayonza,1
-1.946169,30.123494,Bodywork,1,-1.987224,30.159424,6.06,4.1,0,0,Kicukiro,1
-1.866337,30.114046,Brake System,1,-1.9152228,30.1222375,5.51,5.0,1,1,Gasabo,0
-2.321096,29.804252,Exhaust System,1,-2.293246,29.739975,7.78,4.5,0,1,Nyanza,1
-1.725428,30.132426,Oil Change,3,-1.747456,29.917468,24.02,3.5,0,1,Rulindo,0
-1.953643,30.079926,Air Conditioning,3,-1.923698,30.063874,3.78,4.7,1,1,Nyarugenge,1
-1.969845,30.088395,Air Conditioning,3,-1.852409,30.06552,13.3,4.2,0,1,Gasabo,1
-1.798222,30.146247,Diagnostic Scanning,1,-1.672121,29.911118,29.66,4.0,0,0,Rulindo,0
-1.883822,30.054206,Electrical Systems,1,-1.9292875,30.1407071,10.86,4.8,0,1,Gasabo,1
-1.933245,30.088154,Brake System,3,-1.987925,30.087691,6.08,4.1,0,0,Kicukiro,1
-1.80569,30.07854,Transmission Repair,3,-1.780005,30.149309,8.37,4.4,0,0,Rulindo,1
-1.472658,30.145955,Exhaust System,1,-1.483901,30.123882,2.75,4.4,0,0,Gicumbi,1
-2.343113,30.588082,Diagnostic Scanning,1,-2.0709986,30.6390739,30.78,4.3,0,1,Kirehe,0
-1.496452,29.645952,Welding,1,-1.490279,29.661841,1.89,4.3,0,0,Musanze,0
-2.342062,29.803951,Welding,3,-2.3203235,29.7255979,9.03,4.0,0,0,Nyanza,1
-2.019866,30.392051,Engine Repair,1,-1.9614699,30.4759184,11.36,4.0,0,1,Rwamagana,1
-1.790178,30.016576,Exhaust System,1,-1.766527,29.9286763,10.12,4.0,0,1,Rulindo,0
-1.544817,29.970539,Transmission Repair,1,-1.506197,30.08269,13.19,3.5,0,0,Gicumbi,1
-1.863557,30.136191,Exhaust System,1,-1.98137,30.093576,13.93,4.8,1,0,Gasabo,1
-1.704372,30.021583,Suspension & Steering,1,-1.688724,29.961592,6.89,4.6,0,0,Rulindo,1
-1.542876,29.703913,Bodywork,3,-1.43328,29.63778,14.23,3.7,1,0,Musanze,1
-1.854519,30.07083,Engine Repair,1,-1.8836231,30.0685274,3.25,4.9,0,1,Gasabo,1
-1.978999,30.079169,Air Conditioning,3,-1.9626138,30.1742355,10.72,4.6,0,0,Kicukiro,0
-1.653254,30.025395,Bodywork,3,-1.690039,29.93293,11.06,5.0,0,0,Rulindo,1
-2.184126,30.085013,Diagnostic Scanning,1,-2.2148912,30.2306651,16.54,4.5,0,1,Bugesera,0
-1.748748,30.127077,Exhaust System,3,-1.704767,29.90949,24.67,4.5,0,1,Rulindo,0
-2.346556,29.725062,Suspension & Steering,3,-2.30412,29.658379,8.78,3.5,0,0,Nyanza,1
-1.996125,30.361727,Engine Repair,1,-1.939079,30.483431,14.94,3.4,0,1,Rwamagana,1
-2.257634,30.135354,Welding,3,-2.1216792,30.2025184,16.86,4.8,0,1,Bugesera,1
-2.107958,30.203937,Transmission Repair,1,-1.981685,30.323003,19.29,4.5,0,0,Bugesera,0
-1.691678,29.293248,Transmission Repair,1,-1.7624,29.257803,8.8,4.2,0,0,Rubavu,1
-2.120238,30.439068,Welding,3,-2.102253,30.552284,12.74,4.6,0,0,Ngoma,1
-1.675227,29.307465,Engine Repair,1,-1.6975271,29.2922915,3.0,4.6,0,0,Rubavu,1
-2.156874,30.440993,Electrical Systems,3,-2.2145784,30.5151348,10.44,4.5,0,1,Ngoma,1
-1.791507,30.142942,Engine Repair,1,-1.702022,29.950495,23.59,4.1,0,1,Rulindo,0
-1.925276,30.082111,Brake System,1,-1.9679124,30.0459954,6.21,4.7,0,0,Nyarugenge,1
-2.202529,30.513865,Engine Repair,1,-2.156745,30.530511,5.42,4.6,1,0,Ngoma,1
-1.63892,29.29931,Suspension & Steering,1,-1.644232,29.22527,8.25,3.3,0,0,Rubavu,1
-1.994643,30.405937,Electrical Systems,1,-1.9284981,30.449186,8.79,4.4,0,0,Rwamagana,1
-1.952822,30.440329,Diagnostic Scanning,1,-1.95589,30.451554,1.29,4.0,0,1,Rwamagana,0
-1.516193,30.08523,Bodywork,3,-1.555405,30.12014,5.84,4.1,0,0,Gicumbi,0
-1.922572,30.646198,Air Conditioning,3,-1.9573543,30.488807,17.91,4.9,0,1,Kayonza,0
-2.006507,30.051025,Diagnostic Scanning,1,-1.9805038,30.1332882,9.59,4.7,1,0,Kicukiro,0
-1.972475,30.395856,Suspension & Steering,1,-1.948999,30.449089,6.47,4.9,1,1,Rwamagana,0
-2.228786,30.448694,Bodywork,1,-2.102605,30.564696,19.05,4.7,0,0,Ngoma,1
-1.964628,30.10197,Suspension & Steering,3,-1.961045,30.066959,3.91,4.3,1,0,Gasabo,0
-1.526003,29.573574,Tire & Wheel,3,-1.514062,29.636141,7.08,3.5,1,0,Musanze,0
-2.067574,30.505191,Diagnostic Scanning,1,-2.096135,30.543273,5.29,4.6,0,0,Ngoma,1
-2.354984,29.789045,Diagnostic Scanning,3,-2.341318,29.803655,2.22,3.8,0,1,Nyanza,1
-1.666579,30.051234,Oil Change,1,-1.691091,29.972114,9.21,4.5,0,0,Rulindo,1
-1.942414,30.103223,Welding,1,-1.884851,30.077483,7.01,4.4,0,0,Gasabo,1
-1.746135,29.991085,Diagnostic Scanning,1,-1.714659,29.9267254,7.96,4.9,0,0,Rulindo,1
-2.021049,29.716534,Welding,1,-2.038609,29.724301,2.13,4.4,0,0,Muhanga,1
-1.650359,30.04074,Exhaust System,1,-1.724529,29.98191,10.52,4.5,0,1,Rulindo,1
-1.816773,30.614827,Exhaust System,1,-1.913386,30.639685,11.09,3.0,0,0,Kayonza,1
-2.367914,29.766494,Bodywork,3,-2.351642,29.736049,3.84,4.8,1,0,Nyanza,1
-2.610871,29.713317,Oil Change,1,-2.635543,29.741983,4.2,3.6,0,1,Huye,0
-2.308181,30.594474,Exhaust System,1,-2.098236,30.814437,33.8,3.8,0,1,Kirehe,0
-2.111952,30.42812,Oil Change,1,-2.1997905,30.5729833,18.83,4.1,0,0,Ngoma,0
-2.354037,30.698319,Welding,1,-2.1551684,30.6004016,24.64,4.0,0,1,Kirehe,0
-2.656717,29.789279,Tire & Wheel,1,-2.616633,29.698401,11.03,4.9,0,1,Huye,0
-1.644164,29.234287,Brake System,1,-1.7264498,29.292242,11.19,3.9,0,0,Rubavu,1
-2.043472,29.766143,Transmission Repair,1,-2.025624,29.706258,6.94,4.6,1,0,Muhanga,1
-2.329473,30.702247,Air Conditioning,3,-2.422762,30.656578,11.55,3.6,0,1,Kirehe,1
-1.667432,29.309395,Suspension & Steering,1,-1.631283,29.305889,4.04,4.5,0,0,Rubavu,1
-1.640916,29.316929,Brake System,3,-1.761476,29.32163,13.42,4.7,0,0,Rubavu,1
-1.935245,30.589783,Diagnostic Scanning,1,-1.903655,30.653141,7.87,5.0,1,0,Kayonza,1
-2.15273,30.149859,Suspension & Steering,3,-2.249016,30.060923,14.57,4.4,0,0,Bugesera,1
-2.312313,29.809074,Electrical Systems,1,-2.318603,29.773588,4.0,4.4,0,1,Nyanza,1
-1.586517,30.093587,Brake System,1,-1.562534,30.062857,4.33,4.8,0,1,Gicumbi,0
-1.905854,30.027617,Bodywork,3,-1.906154,30.125551,10.88,4.3,0,0,Gasabo,1
-1.7294,30.077254,Diagnostic Scanning,1,-1.7557895,29.9697019,12.31,3.2,0,1,Rulindo,1
-1.965052,30.08584,Exhaust System,1,-2.036433,30.073775,8.05,4.6,1,0,Kicukiro,1
-2.268854,30.083097,Engine Repair,1,-1.962737,30.333859,43.99,4.7,0,1,Bugesera,0
-1.485533,30.015019,Engine Repair,3,-1.491203,30.085729,7.89,3.5,0,0,Gicumbi,1
-2.383406,30.648555,Engine Repair,3,-2.140304,30.825949,33.45,4.6,0,0,Kirehe,0
-2.102908,29.680767,Tire & Wheel,1,-2.085611,29.702036,3.05,3.8,0,0,Muhanga,1
-1.957776,30.035847,Transmission Repair,1,-1.968046,30.10021,7.24,4.9,1,1,Nyarugenge,1
-2.413927,29.765414,Transmission Repair,1,-2.3570491,29.7259858,7.69,3.8,0,0,Nyanza,1
-2.355739,29.703338,Air Conditioning,3,-2.298214,29.744192,7.84,4.8,1,0,Nyanza,1
-1.501167,29.677356,Welding,1,-1.574674,29.696926,8.46,5.0,0,0,Musanze,1
-1.478803,29.976134,Tire & Wheel,1,-1.575792,30.109657,18.35,4.5,0,0,Gicumbi,0
-1.921328,30.456957,Exhaust System,1,-1.924551,30.465177,0.98,4.2,0,0,Rwamagana,0
-1.960056,30.042513,Air Conditioning,1,-1.920475,30.097336,7.52,3.8,0,1,Nyarugenge,0
-2.073559,30.181301,Air Conditioning,1,-2.172932,30.091778,14.87,4.3,0,1,Bugesera,1
-1.515627,29.637003,Tire & Wheel,3,-1.479828,29.590264,6.55,3.5,0,0,Musanze,0
-2.398743,30.682205,Air Conditioning,1,-2.306788,30.577504,15.49,4.3,0,0,Kirehe,1
-2.598003,29.78019,Bodywork,3,-2.624415,29.747423,4.68,4.4,0,0,Huye,0
-2.06377,29.800443,Bodywork,3,-2.075507,29.749728,5.78,4.9,1,0,Muhanga,1
-2.149078,29.780542,Brake System,1,-2.051463,29.702026,13.93,4.2,0,0,Muhanga,1
-1.535974,29.581304,Air Conditioning,1,-1.444109,29.555889,10.6,4.0,0,1,Musanze,1
-2.125784,29.701703,Electrical Systems,1,-2.012814,29.688416,12.65,4.0,0,0,Muhanga,0
-1.642875,30.081857,Oil Change,3,-1.506285,30.085797,15.19,3.3,0,0,Gicumbi,1
-2.248984,30.065378,Diagnostic Scanning,1,-2.2337593,30.2226282,17.55,4.0,0,1,Bugesera,1
-1.935465,30.737959,Diagnostic Scanning,1,-1.8910384,30.488387,28.17,4.5,0,1,Kayonza,0
-1.761521,30.02553,Engine Repair,3,-1.709959,29.987365,7.13,4.7,0,0,Rulindo,1
-2.100184,29.766936,Bodywork,1,-2.01472,29.736311,10.09,3.8,0,0,Muhanga,0
-1.927444,30.044166,Electrical Systems,1,-1.924079,30.052925,1.04,4.3,0,0,Nyarugenge,0
-1.951435,30.08272,Electrical Systems,1,-1.977603,30.075833,3.01,4.7,0,0,Nyarugenge,1
-1.940334,30.400585,Suspension & Steering,1,-1.944179,30.421506,2.36,4.4,0,1,Rwamagana,0
-2.555191,29.735162,Tire & Wheel,3,-2.557386,29.726393,1.0,4.5,0,1,Huye,1
-2.072561,30.235819,Air Conditioning,3,-2.259195,30.239647,20.76,3.6,0,1,Bugesera,0
-2.559854,29.754133,Welding,1,-2.593482,29.751059,3.75,3.8,0,0,Huye,1
-2.143734,30.492509,Engine Repair,1,-2.186442,30.5187681,5.57,4.1,0,0,Ngoma,1
-1.934478,30.435279,Diagnostic Scanning,1,-1.937592,30.506455,7.92,4.6,0,0,Rwamagana,1
-2.152182,29.741728,Air Conditioning,1,-2.0769161,29.7300814,8.47,4.6,0,1,Muhanga,1
-2.111887,30.409172,Exhaust System,1,-2.1062,30.588305,19.92,4.1,0,0,Ngoma,0
-2.546241,29.785733,Electrical Systems,3,-2.639583,29.701522,13.97,4.5,0,0,Huye,1
-2.425967,30.671237,Electrical Systems,1,-2.139363,30.822661,36.04,4.8,0,0,Kirehe,0
-2.259082,30.124076,Oil Change,1,-2.1954491,30.1179218,7.11,4.9,0,0,Bugesera,1
-1.613934,29.237247,Brake System,1,-1.723772,29.215819,12.44,4.4,0,0,Rubavu,1
-2.275196,30.735305,Engine Repair,3,-2.16696,30.802491,14.16,4.5,0,0,Kirehe,1
-2.196903,30.527775,Diagnostic Scanning,1,-2.089182,30.501068,12.34,3.2,0,0,Ngoma,1
-1.833768,30.630635,Diagnostic Scanning,1,-1.956918,30.4971487,20.19,4.9,0,0,Kayonza,0
-1.712055,30.108364,Brake System,3,-1.686485,29.90061,23.27,5.0,0,1,Rulindo,0
-2.325015,29.673739,Welding,3,-2.366064,29.801512,14.91,4.1,0,0,Nyanza,1
-2.216109,30.567846,Engine Repair,1,-2.1672744,30.5922146,6.07,4.0,0,0,Ngoma,0
-2.075562,30.543534,Bodywork,1,-2.150263,30.570352,8.82,4.7,1,0,Ngoma,1
-1.939602,30.386212,Oil Change,1,-1.878994,30.401461,6.95,3.1,0,1,Rwamagana,0
-2.363691,30.618076,Exhaust System,1,-2.1770709,30.622815,20.76,4.5,0,0,Kirehe,0
-2.416888,29.763389,Bodywork,3,-2.342017,29.781984,8.58,4.8,0,1,Nyanza,1
-1.911288,30.069964,Air Conditioning,1,-1.955,30.062,4.94,4.5,0,1,Nyarugenge,0
-1.917372,30.066446,Engine Repair,1,-1.939148,30.086784,3.31,3.6,0,0,Nyarugenge,0
-1.578738,30.081938,Welding,1,-1.573944,30.019012,7.01,4.3,0,0,Gicumbi,1
-1.912745,30.088759,Oil Change,3,-1.896552,30.023435,7.48,4.5,0,0,Gasabo,1
-2.087608,29.681615,Brake System,1,-2.038632,29.744585,8.87,4.1,0,1,Muhanga,1
-2.017359,30.089457,Tire & Wheel,1,-1.966689,30.159722,9.63,3.5,0,0,Kicukiro,1
-2.378108,29.704807,Diagnostic Scanning,3,-2.427433,29.730488,6.18,4.6,1,0,Nyanza,1
-2.318758,30.62605,Air Conditioning,1,-2.115338,30.760621,27.11,4.9,0,1,Kirehe,0
-2.412398,29.799099,Brake System,1,-2.433975,29.796919,2.41,3.9,0,0,Nyanza,1
-1.736627,30.042323,Transmission Repair,3,-1.709385,29.973361,8.24,4.2,0,1,Rulindo,1
-2.231453,30.406633,Bodywork,1,-2.074021,30.601502,27.84,3.7,0,1,Ngoma,0
-1.802556,30.691528,Electrical Systems,1,-1.8855772,30.4960793,23.6,4.0,0,1,Kayonza,0
-2.384117,29.814887,Electrical Systems,3,-2.340737,29.737737,9.84,4.6,0,0,Nyanza,0
-1.936785,30.076162,Brake System,1,-1.946112,30.064303,1.68,4.3,1,0,Gasabo,1
-2.227691,30.237128,Electrical Systems,1,-2.2548124,30.1861128,6.42,4.5,0,1,Bugesera,1
-1.474725,29.612248,Air Conditioning,1,-1.476281,29.547222,7.23,4.6,0,0,Musanze,1
-2.295723,29.762781,Suspension & Steering,1,-2.290658,29.734987,3.14,4.4,0,0,Nyanza,1
-1.643571,30.130383,Engine Repair,3,-1.500887,30.053448,18.02,4.7,0,1,Gicumbi,1
-2.141573,30.45131,Electrical Systems,1,-2.105822,30.592881,16.23,4.5,0,0,Ngoma,0
-2.15129,29.720252,Engine Repair,1,-2.024974,29.750288,14.44,4.5,0,1,Muhanga,1
-2.162634,30.127963,Exhaust System,1,-2.030093,30.280461,22.46,4.4,0,0,Bugesera,0
-1.537709,29.570813,Diagnostic Scanning,3,-1.518727,29.646953,8.72,3.8,0,1,Musanze,0
-1.574103,29.575223,Air Conditioning,3,-1.583964,29.682629,11.99,4.6,0,0,Musanze,0
-1.97246,30.098896,Bodywork,1,-1.933271,30.121478,5.03,4.8,0,1,Kicukiro,1
-2.378508,29.773347,Brake System,1,-2.3675067,29.7538833,2.48,4.1,0,1,Nyanza,1
-2.214774,30.19118,Diagnostic Scanning,1,-2.110956,30.238508,12.69,3.6,1,0,Bugesera,1
-1.912512,30.117411,Oil Change,1,-1.844205,30.095442,7.98,4.2,0,1,Gasabo,0
-1.67826,30.019473,Engine Repair,3,-1.685523,29.911371,12.04,3.3,0,1,Rulindo,1
-1.982682,30.028555,Oil Change,1,-1.90791,30.042308,8.45,4.6,1,0,Nyarugenge,0
-1.80551,30.726581,Bodywork,1,-1.917126,30.631883,16.27,4.4,0,1,Kayonza,0
-2.112285,29.804455,Electrical Systems,1,-2.049295,29.704285,13.15,4.6,0,1,Muhanga,1
-1.678353,30.077738,Suspension & Steering,1,-1.718278,29.981139,11.62,4.2,0,0,Rulindo,0
-1.736657,29.192675,Suspension & Steering,3,-1.732866,29.206607,1.6,4.0,0,0,Rubavu,1
-1.511872,29.606083,Electrical Systems,1,-1.463339,29.598729,5.46,3.3,0,1,Musanze,1
-1.598739,30.025787,Engine Repair,1,-1.477907,30.065341,14.14,4.5,0,1,Gicumbi,1
-2.429967,29.67905,Air Conditioning,1,-2.343381,29.730148,11.18,4.0,1,1,Nyanza,0
-1.51207,30.059882,Welding,1,-1.529023,30.120909,7.04,4.0,0,0,Gicumbi,0
-2.665176,29.701393,Tire & Wheel,1,-2.641327,29.810849,12.44,3.1,1,0,Huye,1
-2.11827,29.672274,Tire & Wheel,3,-2.122125,29.700868,3.21,4.8,0,0,Muhanga,1
-2.122336,30.231087,Engine Repair,1,-2.199041,30.191884,9.58,3.4,0,0,Bugesera,1
-1.808318,30.630185,Brake System,1,-1.870836,30.667798,8.11,4.6,0,1,Kayonza,1
-1.470028,30.103868,Oil Change,1,-1.6322369,30.0025946,21.26,4.8,1,1,Gicumbi,0
-1.873277,30.605859,Electrical Systems,1,-1.923783,30.634146,6.44,4.2,0,0,Kayonza,1
-1.727542,30.076733,Transmission Repair,1,-1.6849386,29.9766436,12.09,5.0,0,1,Rulindo,1
-1.988906,30.091752,Air Conditioning,3,-1.918174,30.064656,8.42,3.3,0,0,Nyarugenge,1
-2.152168,30.102294,Welding,1,-2.02989,30.292491,25.13,5.0,0,1,Bugesera,0
-2.317602,29.777962,Diagnostic Scanning,3,-2.299941,29.738562,4.8,4.3,0,0,Nyanza,1
-1.551001,30.081639,Diagnostic Scanning,1,-1.675506,29.998416,16.65,4.8,0,1,Gicumbi,1
-1.446309,29.582975,Diagnostic Scanning,1,-1.413002,29.622871,5.78,3.3,0,1,Musanze,0
-2.366163,29.675444,Tire & Wheel,1,-2.365388,29.791392,12.88,4.5,0,0,Nyanza,1
-2.005213,30.387693,Diagnostic Scanning,1,-1.980514,30.367409,3.55,3.2,1,0,Rwamagana,0
-1.880647,30.694775,Diagnostic Scanning,1,-1.916876,30.4924456,22.84,3.5,1,0,Kayonza,0
-1.975062,30.094412,Welding,3,-1.908955,30.028609,10.37,4.5,0,0,Nyarugenge,0
-1.936087,30.490052,Exhaust System,1,-1.9432024,30.404,9.6,4.4,0,0,Rwamagana,0
-2.090149,30.51662,Welding,1,-2.122906,30.605335,10.51,3.8,0,0,Ngoma,1
-2.138527,29.671546,Exhaust System,1,-2.085942,29.712214,7.39,4.2,0,0,Muhanga,0
-1.917902,30.035742,Bodywork,1,-1.862974,30.025728,6.21,4.2,0,0,Gasabo,1
-1.625251,30.133269,Brake System,1,-1.5859628,30.0170509,13.64,4.0,0,1,Gicumbi,0
-1.896792,30.474652,Suspension & Steering,1,-1.911341,30.478562,1.68,4.4,0,0,Rwamagana,0
-1.951511,30.030804,Bodywork,1,-1.883318,30.031636,7.58,4.4,0,0,Gasabo,1
-2.578456,29.759916,Transmission Repair,1,-2.5706777,29.7644072,1.0,4.4,0,0,Huye,1
-1.50437,29.628264,Welding,1,-1.574665,29.621333,7.85,4.3,0,0,Musanze,1
-1.941209,30.0627,Bodywork,1,-1.903778,30.148524,10.41,3.1,0,0,Gasabo,0
-2.063491,29.822931,Brake System,1,-2.1121302,29.7577501,9.04,4.8,1,0,Muhanga,1
-1.723842,30.106986,Welding,1,-1.742966,29.969003,15.48,4.5,0,1,Rulindo,0
-2.421839,29.7645,Exhaust System,1,-2.356658,29.757676,7.29,4.5,0,0,Nyanza,0
-1.952504,30.44014,Oil Change,1,-1.962741,30.495741,6.28,4.7,0,1,Rwamagana,1
-2.076881,30.571501,Oil Change,3,-2.073088,30.466976,11.62,3.4,0,1,Ngoma,1
-2.019513,30.389791,Electrical Systems,1,-1.935,30.395,9.42,4.8,0,1,Rwamagana,1
-2.099365,30.507654,Welding,3,-2.1807242,30.5792385,12.05,3.0,0,1,Ngoma,1
-1.551627,29.680235,Brake System,1,-1.4941857,29.5814545,12.7,4.2,0,1,Musanze,0
-1.953131,30.045985,Suspension & Steering,1,-1.9422023,30.063908,2.33,4.6,0,1,Nyarugenge,0
-2.336152,30.656426,Engine Repair,3,-2.103289,30.773255,28.96,4.6,0,0,Kirehe,0
-1.960562,30.487167,Transmission Repair,3,-1.9236226,30.4357522,7.04,3.8,0,1,Rwamagana,0
-1.569421,30.133277,Tire & Wheel,3,-1.523162,30.087591,7.23,3.8,0,0,Gicumbi,0
-1.928495,30.038487,Exhaust System,1,-1.96982,30.09939,8.18,4.1,1,0,Nyarugenge,0
-1.87515,30.056719,Air Conditioning,3,-1.929791,30.165654,13.55,4.6,0,0,Gasabo,1
-2.211069,30.403898,Oil Change,1,-2.128976,30.486594,12.95,4.3,0,0,Ngoma,1
-1.65847,30.149996,Brake System,1,-1.7492566,29.9242659,27.04,4.7,0,0,Rulindo,0
-2.142699,29.813831,Suspension & Steering,3,-2.022971,29.765898,14.34,4.6,0,0,Muhanga,1
-2.320996,29.713159,Engine Repair,1,-2.3332743,29.7373562,3.02,3.9,0,1,Nyanza,1
-2.334119,29.663848,Transmission Repair,3,-2.3318227,29.7752319,12.38,4.5,0,1,Nyanza,1
-2.149723,30.531831,Engine Repair,1,-2.079421,30.623453,12.84,4.8,0,0,Ngoma,0
-2.643648,29.732131,Tire & Wheel,1,-2.606711,29.683813,6.76,5.0,0,0,Huye,0
-2.04231,29.824313,Transmission Repair,1,-2.0761768,29.795275,4.96,4.1,1,1,Muhanga,1
-1.81731,30.671873,Welding,3,-1.922097,30.631006,12.51,4.4,1,0,Kayonza,0
-2.585554,29.746325,Brake System,1,-2.595496,29.787305,4.68,4.0,1,1,Huye,0
-1.985251,30.070864,Welding,1,-1.967652,30.039677,3.98,4.2,0,1,Nyarugenge,1
-2.598253,29.791854,Transmission Repair,1,-2.617302,29.759651,4.16,3.5,0,1,Huye,0
-1.47241,29.608026,Electrical Systems,1,-1.460389,29.717216,12.21,4.4,0,0,Musanze,0
-1.658168,30.02036,Suspension & Steering,1,-1.542326,30.133309,17.99,3.8,0,0,Gicumbi,0
-1.983789,30.066687,Bodywork,1,-1.972939,30.064429,1.23,3.2,0,0,Kicukiro,0
-2.198562,30.540492,Oil Change,1,-2.2034963,30.504705,4.01,4.1,0,1,Ngoma,1
-1.877445,30.070953,Engine Repair,3,-1.851087,30.04883,3.83,3.8,1,0,Gasabo,1
-1.981127,30.02197,Air Conditioning,3,-1.998311,30.043584,3.07,3.4,1,1,Nyarugenge,0
-2.16957,30.408198,Engine Repair,3,-2.1916455,30.5069354,11.24,5.0,0,1,Ngoma,1
-2.286155,29.741201,Electrical Systems,1,-2.38531,29.7305307,11.09,4.3,0,1,Nyanza,0
-1.90483,30.378097,Bodywork,1,-1.9535804,30.4080351,6.36,3.5,0,0,Rwamagana,1
-1.914276,30.045684,Tire & Wheel,1,-1.979877,30.035646,7.38,3.7,0,0,Nyarugenge,1
-1.965159,30.147613,Oil Change,1,-1.922827,30.081531,8.72,4.1,0,1,Kicukiro,1
-1.933358,30.088834,Bodywork,1,-1.901978,30.099754,3.69,4.6,0,1,Gasabo,0
-2.012351,30.375732,Welding,3,-1.92334,30.465359,14.04,4.2,0,1,Rwamagana,1
-1.896211,30.453979,Diagnostic Scanning,1,-1.9497393,30.4369989,6.24,4.8,0,1,Rwamagana,0
-1.610334,29.994232,Engine Repair,1,-1.48953,30.054227,15.0,4.4,0,1,Gicumbi,1
-1.612875,29.227862,Diagnostic Scanning,1,-1.735549,29.24355,13.75,4.0,0,0,Rubavu,1
-2.372119,30.723763,Engine Repair,3,-2.1799113,30.6025788,25.26,5.0,1,0,Kirehe,0
-1.892035,30.401042,Brake System,1,-1.95667,30.442403,8.53,4.4,0,0,Rwamagana,0
-1.74075,29.2504,Diagnostic Scanning,1,-1.706593,29.178989,8.8,3.9,1,0,Rubavu,1
-2.080904,30.406594,Oil Change,3,-2.1320201,30.5753448,19.59,5.0,0,1,Ngoma,1
-2.143224,30.241236,Bodywork,1,-2.2497223,30.0921723,20.36,4.6,0,1,Bugesera,0
-2.055979,29.821988,Welding,3,-2.08245,29.753551,8.15,4.0,0,0,Muhanga,1
-2.416381,30.63467,Tire & Wheel,1,-2.1,30.66,35.29,3.9,0,1,Kirehe,0
-2.073763,30.240545,Air Conditioning,1,-2.110767,30.191072,6.87,4.8,0,1,Bugesera,1
-1.966634,30.027176,Engine Repair,1,-1.977228,30.052111,3.01,4.7,0,0,Gasabo,1
-1.768634,30.125509,Oil Change,1,-1.7417125,29.9976944,14.52,4.6,0,0,Rulindo,1
-1.950742,30.119878,Electrical Systems,3,-1.905569,30.098435,5.56,4.6,0,1,Gasabo,1
-1.902069,30.58623,Oil Change,1,-1.876319,30.644096,7.04,4.7,0,1,Kayonza,0
-1.930231,30.111799,Brake System,1,-1.9677624,30.0957666,4.54,4.9,0,1,Kicukiro,1
-2.195774,30.241146,Transmission Repair,3,-2.028198,30.328538,21.01,4.0,0,0,Bugesera,0
-1.448609,29.67979,Welding,3,-1.5117483,29.6310072,8.87,3.6,1,1,Musanze,1
-2.092409,30.119856,Bodywork,1,-2.045008,30.291661,19.81,4.5,0,0,Bugesera,0
-2.047407,29.734712,Air Conditioning,1,-2.053618,29.7734921,4.36,3.1,0,1,Muhanga,1
-2.280296,29.817524,Suspension & Steering,1,-2.312261,29.809705,3.66,4.2,0,1,Nyanza,1
-2.077981,29.761818,Brake System,1,-2.0925653,29.7621764,1.62,3.7,1,0,Muhanga,0
-1.422298,29.674577,Bodywork,1,-1.415706,29.64228,3.66,4.1,0,1,Musanze,1
-2.010874,30.40517,Bodywork,1,-1.949707,30.428049,7.26,4.5,0,0,Rwamagana,0
-2.037064,29.788757,Welding,1,-2.054039,29.754851,4.21,4.0,0,0,Muhanga,0
-2.333132,29.726442,Welding,3,-2.3934121,29.7471567,7.09,4.6,0,1,Nyanza,1
-1.824392,30.61288,Electrical Systems,1,-1.874105,30.616117,5.54,3.5,1,0,Kayonza,0
-2.133034,30.205242,Brake System,3,-2.017621,30.316734,17.84,4.4,1,1,Bugesera,1
-1.528818,29.668702,Brake System,1,-1.572493,29.702531,6.14,4.8,0,0,Musanze,1
-2.422962,29.68209,Suspension & Steering,1,-2.297156,29.74262,15.52,4.6,0,0,Nyanza,0
-2.420059,30.740586,Tire & Wheel,1,-2.120333,30.740527,33.33,4.8,0,0,Kirehe,0
-1.435697,29.557829,Welding,1,-1.43758,29.71717,17.71,4.5,1,1,Musanze,1
-2.338403,30.696353,Diagnostic Scanning,1,-2.10384,30.828133,29.91,4.0,1,1,Kirehe,0
-1.438091,29.642316,Transmission Repair,1,-1.4885635,29.5988522,7.41,4.5,0,0,Musanze,1
-1.969691,30.084631,Diagnostic Scanning,1,-1.970569,30.034365,5.59,4.1,0,0,Gasabo,1
-1.914061,30.06081,Air Conditioning,1,-1.936493,30.020663,5.11,4.4,0,1,Nyarugenge,1
-2.026908,30.141498,Diagnostic Scanning,1,-2.0375525,30.0797372,6.96,3.9,0,1,Kicukiro,1
-2.387655,29.772764,Transmission Repair,1,-2.365388,29.791392,3.23,4.5,0,0,Nyanza,1
-2.399379,29.670204,Air Conditioning,3,-2.31559,29.756186,13.34,4.4,1,0,Nyanza,1
-1.5184,29.600741,Engine Repair,1,-1.451785,29.606885,7.44,4.8,0,1,Musanze,0
-1.448835,29.585591,Engine Repair,1,-1.432254,29.619902,4.24,4.7,1,1,Musanze,1
-2.144918,30.40731,Oil Change,1,-2.13234,30.606471,22.17,4.3,0,1,Ngoma,0
-1.517648,30.10868,Brake System,1,-1.5401113,29.9992722,12.42,4.9,0,0,Gicumbi,1
-2.114719,30.088478,Welding,1,-2.026208,30.301062,25.59,4.2,0,1,Bugesera,0
-2.610821,29.808808,Brake System,1,-2.54218,29.780854,8.24,4.8,0,1,Huye,1
-1.539186,30.13704,Engine Repair,1,-1.560672,30.08588,6.17,4.2,1,0,Gicumbi,1
-1.73786,30.113457,Exhaust System,1,-1.7485232,30.0221635,10.22,4.6,0,0,Rulindo,0
-2.363786,30.683852,Bodywork,1,-2.082635,30.758312,32.34,4.7,0,1,Kirehe,0
-1.471614,29.984775,Oil Change,3,-1.539767,30.094202,14.33,4.2,0,0,Gicumbi,1
-2.290344,29.724251,Brake System,1,-2.3230424,29.7697072,6.22,5.0,0,1,Nyanza,1
-2.144852,30.447766,Electrical Systems,1,-2.108761,30.610667,18.54,4.9,0,0,Ngoma,0
-2.077269,30.242297,Electrical Systems,1,-1.999032,30.343962,14.26,4.5,0,0,Bugesera,1
-1.85037,30.105376,Suspension & Steering,1,-1.856658,30.016452,9.91,3.7,0,0,Gasabo,0
-1.73773,30.126117,Tire & Wheel,1,-1.730901,29.983498,15.87,4.2,0,0,Rulindo,0
-2.103119,30.159457,Exhaust System,3,-2.194837,30.089932,12.79,4.0,0,1,Bugesera,1
-1.84882,30.627328,Engine Repair,1,-1.892703,30.671345,6.91,5.0,0,0,Kayonza,1
-1.754925,29.247806,Bodywork,1,-1.6737114,29.3300738,12.85,4.0,0,1,Rubavu,0
-2.374663,29.695967,Engine Repair,1,-2.3667556,29.7415894,5.14,4.1,0,1,Nyanza,1
-2.324855,30.627199,Oil Change,1,-2.1274455,30.6238693,21.95,3.5,1,1,Kirehe,0
-1.87037,30.038366,Engine Repair,1,-1.970301,30.085996,12.31,4.3,0,0,Gasabo,1
-1.997594,30.433954,Electrical Systems,3,-1.915999,30.496349,11.42,4.8,0,1,Rwamagana,1
-1.945796,30.066384,Tire & Wheel,3,-1.9428657,30.0475731,2.12,5.0,0,0,Nyarugenge,1
-1.979053,30.068095,Transmission Repair,1,-2.030902,30.133434,9.27,4.4,1,0,Kicukiro,1
-2.177397,30.134606,Tire & Wheel,3,-2.2747922,30.2234607,14.65,3.2,0,1,Bugesera,1
-2.161732,30.540281,Exhaust System,1,-2.150898,30.564871,2.99,4.0,0,0,Ngoma,1
-1.741841,30.027723,Tire & Wheel,3,-1.6794641,29.9504001,11.04,4.7,0,0,Rulindo,0
-1.986377,30.058194,Diagnostic Scanning,3,-1.992282,30.067153,1.19,4.6,1,0,Nyarugenge,1
-2.027059,29.793058,Bodywork,1,-2.0564394,29.7305851,7.67,4.3,0,1,Muhanga,0
-2.010388,30.136348,Welding,1,-2.01633,30.144791,1.15,4.6,0,1,Kicukiro,1
-1.750915,29.243876,Bodywork,3,-1.63857,29.275237,12.97,4.1,0,1,Rubavu,1
-2.191365,30.083575,Bodywork,1,-1.987179,30.365211,38.66,4.6,0,0,Bugesera,0
-1.767448,30.086005,Welding,3,-1.709771,29.978139,13.6,4.0,1,1,Rulindo,1
-1.47521,29.620106,Brake System,1,-1.487536,29.627332,1.59,4.7,0,0,Musanze,1
-1.963249,30.034274,Air Conditioning,3,-1.96058,30.070782,4.07,4.1,0,1,Nyarugenge,1
-2.376532,29.778157,Oil Change,1,-2.365414,29.789332,1.75,4.1,0,0,Nyanza,1
-1.581929,29.968373,Diagnostic Scanning,1,-1.525156,30.103054,16.25,4.8,0,0,Gicumbi,0
-1.49877,29.623255,Transmission Repair,1,-1.584829,29.576277,10.9,4.6,0,0,Musanze,1
-1.872051,30.134302,Transmission Repair,1,-1.909753,30.090909,6.39,3.5,1,1,Gasabo,1
-2.346755,29.746632,Exhaust System,1,-2.321999,29.795789,6.12,4.3,0,0,Nyanza,0
-2.123969,30.451809,Oil Change,1,-2.119246,30.59503,15.92,3.0,0,0,Ngoma,0
-2.022904,29.712755,Bodywork,1,-2.035751,29.711666,1.43,4.4,0,0,Muhanga,1
-1.665549,30.125797,Air Conditioning,1,-1.702448,29.954767,19.45,4.7,0,0,Rulindo,1
-1.89274,30.376861,Exhaust System,3,-1.961524,30.452252,11.34,4.8,0,1,Rwamagana,1
-1.987761,30.042829,Electrical Systems,3,-1.968745,30.063447,3.12,4.3,0,0,Nyarugenge,1
-2.620798,29.801889,Electrical Systems,3,-2.613418,29.72183,8.93,4.5,0,0,Huye,1
-1.719246,29.224994,Oil Change,1,-1.685941,29.234724,3.86,4.0,0,0,Rubavu,1
-2.439382,29.776409,Electrical Systems,1,-2.341606,29.797022,11.11,4.7,0,0,Nyanza,1
-2.379605,29.81644,Brake System,1,-2.303399,29.727823,12.99,4.7,0,0,Nyanza,1
-1.571646,29.56482,Air Conditioning,1,-1.491597,29.630023,11.48,4.6,0,0,Musanze,1
-2.145893,29.82242,Engine Repair,3,-2.0555711,29.7216672,15.04,2.5,0,1,Muhanga,0
-2.610135,29.698068,Air Conditioning,1,-2.577811,29.733389,5.32,4.1,0,1,Huye,1
-1.670218,30.022249,Transmission Repair,1,-1.712222,29.977832,6.8,4.7,0,0,Rulindo,1
-1.457868,29.597145,Air Conditioning,1,-1.545628,29.641863,10.95,4.0,0,1,Musanze,1
-1.499214,29.585678,Welding,3,-1.5395405,29.6923969,12.68,4.9,0,1,Musanze,0
-2.285578,29.770902,Exhaust System,1,-2.3283685,29.7661888,4.79,4.4,0,0,Nyanza,1
-1.868406,30.089872,Suspension & Steering,3,-1.951675,30.157463,11.92,4.7,1,1,Gasabo,0
-1.695939,30.070091,Exhaust System,1,-1.737056,29.9244778,16.82,4.2,0,0,Rulindo,1
-2.411704,29.725989,Exhaust System,1,-2.318403,29.737808,10.46,4.7,0,1,Nyanza,0
-2.322347,29.698915,Suspension & Steering,3,-2.324643,29.767608,7.64,4.0,0,1,Nyanza,0
-1.494801,30.02591,Engine Repair,3,-1.622801,30.03516,14.27,3.6,0,0,Gicumbi,1
-2.642683,29.782584,Air Conditioning,3,-2.6399176,29.777019,0.69,3.2,1,1,Huye,0
-2.383334,29.737344,Oil Change,1,-2.369062,29.754989,2.52,3.6,0,0,Nyanza,0
-1.887669,30.118724,Exhaust System,1,-1.920195,30.096968,4.35,5.0,1,0,Gasabo,0
-1.908903,30.730114,Bodywork,3,-1.883091,30.679947,6.27,4.7,0,0,Kayonza,0
-2.40607,30.675982,Air Conditioning,3,-2.391673,30.655796,2.76,3.7,0,1,Kirehe,1
-1.885831,30.055082,Oil Change,1,-1.875679,30.159221,11.63,4.6,0,1,Gasabo,1
-1.975426,30.437572,Tire & Wheel,1,-1.968045,30.458205,2.44,3.8,0,0,Rwamagana,0
-1.704508,30.145649,Engine Repair,1,-1.723416,29.974988,19.08,4.2,0,1,Rulindo,0
-2.123321,30.504047,Air Conditioning,3,-2.1784111,30.586949,11.06,3.0,0,1,Ngoma,0
-1.975542,30.395429,Oil Change,1,-1.976634,30.427951,3.62,4.0,0,0,Rwamagana,1
-2.126904,29.796444,Air Conditioning,1,-2.027885,29.754533,11.95,4.4,0,1,Muhanga,1
-1.786546,30.118696,Transmission Repair,3,-1.731282,29.931515,21.69,4.6,0,0,Rulindo,0
-1.933284,30.118599,Engine Repair,1,-1.920086,30.051174,7.64,4.6,0,0,Kicukiro,1
-2.145581,29.780908,Engine Repair,1,-2.0568779,29.7623096,10.08,4.3,0,0,Muhanga,1
-1.525993,29.591718,Brake System,1,-1.548394,29.555566,4.73,4.8,0,0,Musanze,1
-1.694998,30.108618,Welding,3,-1.764718,29.976857,16.57,4.4,0,1,Rulindo,1
-1.669804,30.033012,Bodywork,3,-1.753586,29.9250952,15.19,4.7,1,1,Rulindo,1
-2.417424,30.677976,Air Conditioning,3,-2.138255,30.822274,34.94,4.6,0,1,Kirehe,0
-1.535734,29.63115,Transmission Repair,1,-1.553169,29.639458,2.15,4.5,0,1,Musanze,1
-2.114182,29.704399,Exhaust System,1,-2.1442,29.745584,5.66,4.0,0,0,Muhanga,0
-2.14154,30.551157,Brake System,1,-2.111462,30.569532,3.92,4.8,0,1,Ngoma,1
-2.153752,30.156689,Engine Repair,1,-2.238209,30.185612,9.93,4.7,0,0,Bugesera,0
-2.313269,29.691499,Oil Change,1,-2.3762604,29.7322567,8.34,4.7,0,0,Nyanza,0
-1.541243,29.684654,Suspension & Steering,3,-1.449081,29.565626,16.74,3.2,0,0,Musanze,0
-2.06194,29.676227,Diagnostic Scanning,3,-2.083374,29.723216,5.74,4.8,0,0,Muhanga,0
-1.947094,30.649992,Diagnostic Scanning,1,-1.953708,30.605533,5.0,4.7,0,0,Kayonza,1
-1.98359,30.051729,Air Conditioning,1,-1.962782,30.149461,11.1,4.0,0,1,Kicukiro,1
-2.206831,30.505978,Engine Repair,3,-2.131049,30.606277,13.97,4.1,0,0,Ngoma,1
-1.963983,30.5678,Tire & Wheel,1,-1.911254,30.670461,12.83,4.3,1,0,Kayonza,1
-2.633417,29.68169,Electrical Systems,1,-2.657436,29.712897,4.38,4.4,0,0,Huye,1
-2.652682,29.760751,Bodywork,1,-2.5869,29.66993,12.46,4.5,1,0,Huye,1
-1.927822,30.092641,Brake System,3,-1.998521,30.085043,7.91,4.3,0,1,Nyarugenge,0
-1.968131,30.017353,Suspension & Steering,1,-1.963228,30.08198,7.2,3.7,0,0,Nyarugenge,0
-1.963647,30.071678,Brake System,1,-1.901207,30.070546,6.94,3.3,0,0,Nyarugenge,0
-2.61964,29.711725,Engine Repair,3,-2.597842,29.671998,5.03,3.5,0,1,Huye,1
-1.544905,29.662981,Brake System,1,-1.546449,29.578521,9.39,4.8,0,0,Musanze,1
-2.143611,30.563939,Bodywork,1,-2.086102,30.599442,7.51,4.2,0,0,Ngoma,1
-2.005561,30.380956,Engine Repair,1,-1.940585,30.479986,13.16,4.4,0,1,Rwamagana,1
-1.964412,30.108408,Bodywork,1,-1.9684762,30.1567487,5.39,3.5,0,0,Kicukiro,0
-1.961115,30.140011,Bodywork,1,-1.914677,30.11013,6.14,4.6,0,1,Gasabo,1
-1.905385,30.672253,Exhaust System,1,-1.9589438,30.5028972,19.74,4.0,0,0,Kayonza,0
-2.537677,29.762776,Exhaust System,3,-2.639084,29.754957,11.31,4.4,0,1,Huye,0
-1.947489,30.099257,Brake System,1,-1.959993,30.10457,1.51,4.9,0,0,Gasabo,1
-1.947112,30.100902,Brake System,1,-2.00634,30.124148,7.07,3.7,0,0,Kicukiro,1
-1.851829,30.041918,Welding,1,-1.9282645,30.1024819,10.84,4.9,1,0,Gasabo,0
-1.744251,30.12974,Suspension & Steering,1,-1.69461,29.953896,20.31,4.7,0,0,Rulindo,0
-1.882747,30.483879,Bodywork,3,-1.93958,30.458748,6.91,4.5,0,0,Rwamagana,1
-2.420828,30.737358,Diagnostic Scanning,1,-2.126126,30.801018,33.52,4.8,0,0,Kirehe,0
-1.852709,30.63097,Transmission Repair,1,-1.881048,30.602544,4.46,4.5,0,1,Kayonza,1
-2.029813,29.762147,Engine Repair,1,-2.090743,29.666008,12.65,4.0,1,0,Muhanga,1
-1.631246,29.986997,Tire & Wheel,1,-1.578644,30.068968,10.83,4.6,0,1,Gicumbi,1
-2.08954,29.67076,Bodywork,3,-2.125151,29.838493,19.05,3.8,0,1,Muhanga,0
-2.112631,29.759168,Brake System,1,-2.05643,29.704373,8.73,4.0,1,0,Muhanga,0
-2.255999,30.094129,Welding,1,-2.2045962,30.0903284,5.73,4.9,0,1,Bugesera,1
-1.531094,29.584356,Diagnostic Scanning,3,-1.495371,29.605495,4.62,3.3,0,1,Musanze,1
-2.637961,29.700075,Exhaust System,3,-2.633822,29.761908,6.88,4.2,0,1,Huye,0
-2.133169,29.728033,Welding,1,-2.072908,29.759964,7.58,4.7,0,1,Muhanga,1
-2.329938,29.742187,Tire & Wheel,1,-2.324805,29.727986,1.68,4.1,0,1,Nyanza,1
-1.719855,29.329234,Tire & Wheel,1,-1.609466,29.187264,19.99,3.8,1,0,Rubavu,0
-2.165502,30.451654,Transmission Repair,1,-2.2020158,30.5602556,12.73,5.0,0,1,Ngoma,1
-1.852048,30.67051,Oil Change,1,-1.909314,30.617894,8.65,4.4,1,0,Kayonza,0
-1.810388,30.570537,Bodywork,3,-1.914713,30.660012,15.28,3.5,0,0,Kayonza,0
-2.117984,30.464799,Suspension & Steering,1,-2.138071,30.581098,13.11,4.5,0,1,Ngoma,1
-2.193857,30.418865,Bodywork,1,-2.2051496,30.57386,17.27,4.0,0,1,Ngoma,0
-2.417294,29.70151,Air Conditioning,1,-2.334266,29.782953,12.93,4.5,0,0,Nyanza,1
-1.649423,29.293624,Air Conditioning,1,-1.640821,29.285047,1.35,4.4,1,0,Rubavu,1
-2.556022,29.74144,Oil Change,1,-2.648631,29.692797,11.63,4.3,0,0,Huye,1
-1.901216,30.37222,Engine Repair,1,-1.952826,30.487237,14.01,4.7,0,0,Rwamagana,1
-1.930821,30.381003,Engine Repair,1,-1.876178,30.363831,6.37,4.8,0,0,Rwamagana,0
-1.56501,29.952822,Transmission Repair,3,-1.5357783,30.0934791,15.97,4.5,0,1,Gicumbi,1
-1.894066,30.477444,Welding,1,-1.924055,30.517431,5.56,4.3,0,0,Rwamagana,1
-1.656664,30.134495,Welding,3,-1.744025,29.918244,25.92,4.0,0,0,Rulindo,0
-2.19033,30.239237,Tire & Wheel,1,-1.997542,30.362077,25.41,4.6,1,1,Bugesera,0
-1.484612,30.144567,Suspension & Steering,1,-1.547426,30.129861,7.17,4.7,0,0,Gicumbi,0
-1.945761,30.138394,Oil Change,1,-1.962239,30.080311,6.71,4.5,0,1,Gasabo,1
-1.856343,30.104936,Brake System,1,-1.858782,30.033765,7.91,4.6,0,0,Gasabo,1
-1.941435,30.492178,Exhaust System,1,-1.941603,30.429997,6.91,3.8,0,1,Rwamagana,0
-2.656849,29.790955,Transmission Repair,1,-2.541386,29.721896,14.96,4.5,0,0,Huye,0
-2.385743,29.681652,Brake System,1,-2.427433,29.730488,7.14,4.6,1,0,Nyanza,1
-2.363338,29.697159,Diagnostic Scanning,1,-2.357988,29.768922,8.0,4.5,0,1,Nyanza,0
-2.591695,29.795682,Tire & Wheel,1,-2.657384,29.720221,11.12,4.4,0,0,Huye,1
-1.919949,30.564676,Transmission Repair,3,-1.882425,30.63853,9.21,4.7,0,0,Kayonza,1
-1.529524,30.059098,Bodywork,1,-1.494299,30.126818,8.49,5.0,0,1,Gicumbi,1
-1.449545,29.684413,Transmission Repair,3,-1.511838,29.716518,7.79,3.3,0,0,Musanze,1
-2.285452,29.775154,Electrical Systems,1,-2.366898,29.790955,9.22,4.1,0,1,Nyanza,0
-1.925237,30.410599,Suspension & Steering,1,-1.9384766,30.4254266,2.21,4.7,0,1,Rwamagana,1
-2.19663,30.537506,Oil Change,1,-2.21486,30.582505,5.4,3.6,0,0,Ngoma,1
-2.570618,29.716343,Bodywork,3,-2.548272,29.80732,10.41,4.4,0,1,Huye,1
-2.010471,30.076363,Engine Repair,1,-1.930397,30.104985,9.45,3.0,0,0,Kicukiro,1
-2.288415,29.726109,Welding,1,-2.308451,29.7823,6.63,4.4,0,0,Nyanza,0
-1.951805,30.414182,Bodywork,3,-1.9582084,30.4484662,3.88,3.4,0,0,Rwamagana,0
-2.108685,30.573181,Electrical Systems,1,-2.095419,30.627095,6.17,4.5,0,0,Ngoma,0
-1.863594,30.62567,Engine Repair,3,-1.890708,30.642807,3.57,4.4,0,0,Kayonza,1
-2.328366,30.627479,Exhaust System,1,-2.112872,30.817842,31.96,4.0,0,0,Kirehe,0
-1.496781,30.035889,Brake System,3,-1.512391,30.089675,6.23,3.3,1,0,Gicumbi,0
-1.910949,30.03502,Oil Change,1,-1.894998,30.040156,1.86,3.3,0,0,Gasabo,0
-2.235933,30.142124,Diagnostic Scanning,1,-2.030706,30.3277,30.76,4.9,1,1,Bugesera,0
-1.902363,30.42409,Brake System,1,-1.955693,30.494187,9.79,4.7,0,0,Rwamagana,1
-1.77651,30.104437,Tire & Wheel,1,-1.749837,29.968033,15.45,4.0,0,0,Rulindo,1
-2.53308,29.746946,Bodywork,1,-2.560755,29.688698,7.16,4.5,0,1,Huye,1
-2.191355,30.210267,Bodywork,1,-2.024159,30.303574,21.29,4.4,0,0,Bugesera,0
-1.939113,30.120306,Engine Repair,1,-1.922161,30.071818,5.71,3.7,0,0,Kicukiro,1
-1.485816,29.642342,Electrical Systems,1,-1.571129,29.554019,13.65,4.8,0,0,Musanze,1
-1.999537,30.120963,Oil Change,1,-1.985903,30.12917,1.77,3.7,0,0,Kicukiro,1
-2.579516,29.702625,Electrical Systems,1,-2.541577,29.787741,10.35,4.5,0,0,Huye,1
-2.352943,29.78095,Diagnostic Scanning,1,-2.291741,29.771133,6.89,4.5,0,0,Nyanza,1
-2.01434,30.06275,Electrical Systems,1,-1.965678,30.11851,8.23,3.0,0,1,Kicukiro,1
-2.612188,29.687586,Transmission Repair,1,-2.5648956,29.7433178,8.12,4.8,0,1,Huye,1
-2.092111,29.755378,Diagnostic Scanning,1,-2.029917,29.716809,8.14,4.3,0,0,Muhanga,1
-1.723666,29.25186,Diagnostic Scanning,3,-1.726479,29.273393,2.41,4.6,0,0,Rubavu,1
-2.36181,29.661412,Exhaust System,1,-2.29617,29.754619,12.67,3.5,0,0,Nyanza,1
-2.401196,29.816553,Air Conditioning,1,-2.299941,29.738562,14.21,4.3,0,0,Nyanza,1
-2.202111,30.510748,Welding,3,-2.086127,30.542234,13.36,4.6,0,0,Ngoma,0
-2.659233,29.750842,Electrical Systems,1,-2.659014,29.779739,3.21,4.6,0,0,Huye,1
-1.679014,30.140332,Oil Change,1,-1.680633,30.106341,3.78,4.7,1,0,Rulindo,0
-2.412322,29.734034,Engine Repair,3,-2.3493956,29.745322,7.11,5.0,0,1,Nyanza,1
-1.602172,29.96302,Exhaust System,1,-1.507147,30.142722,22.6,3.3,0,0,Gicumbi,0
-1.982963,30.498631,Welding,3,-1.926837,30.507665,6.32,4.1,0,1,Rwamagana,1
-2.275386,30.583941,Engine Repair,3,-2.409558,30.587555,14.92,3.5,0,0,Kirehe,0
-2.164201,30.150424,Suspension & Steering,1,-2.1016496,30.1701143,7.29,4.2,1,0,Bugesera,1
-2.394171,30.602343,Welding,1,-2.090238,30.773608,38.78,4.0,0,0,Kirehe,0
-1.520257,30.095144,Air Conditioning,3,-1.5331666,30.0483153,5.4,4.2,1,1,Gicumbi,0
-1.965297,30.606793,Diagnostic Scanning,1,-1.882537,30.623152,9.38,4.0,0,0,Kayonza,1
-1.502021,30.070172,Welding,1,-1.6440069,29.9860036,18.35,4.9,0,1,Gicumbi,0
-1.978572,30.396424,Suspension & Steering,1,-1.949714,30.487023,10.57,3.7,0,0,Rwamagana,0
-1.79962,30.690996,Exhaust System,1,-1.897889,30.636805,12.48,4.6,0,1,Kayonza,1
-1.659967,30.083179,Electrical Systems,1,-1.720423,30.132599,8.68,4.2,0,0,Rulindo,1
-1.973329,30.4156,Bodywork,1,-1.9698501,30.4686989,5.91,3.0,0,1,Rwamagana,1
-2.194745,30.175749,Engine Repair,1,-2.047304,30.36977,27.08,3.8,0,0,Bugesera,0
-1.46632,29.58126,Electrical Systems,1,-1.484739,29.706241,14.04,4.6,0,0,Musanze,1
-2.383012,29.7271,Bodywork,3,-2.353485,29.738571,3.52,4.8,0,1,Nyanza,1
-2.572208,29.75523,Bodywork,1,-2.607992,29.691172,8.15,4.9,0,1,Huye,0
-2.313046,30.732509,Air Conditioning,1,-2.136728,30.815158,21.65,4.3,0,1,Kirehe,0
-1.925977,30.080941,Exhaust System,1,-1.986937,30.01393,10.07,4.5,0,0,Nyarugenge,1
-1.919672,30.091458,Diagnostic Scanning,3,-1.887374,30.102607,3.8,3.9,0,0,Gasabo,1
-1.964697,30.117375,Air Conditioning,3,-1.843822,30.065236,14.64,4.0,1,1,Gasabo,1
-1.764785,30.031487,Exhaust System,1,-1.7314551,29.9298184,11.89,4.4,0,1,Rulindo,1
-1.714659,29.234082,Transmission Repair,1,-1.610293,29.250814,11.75,4.6,0,1,Rubavu,1
-1.48663,29.590914,Oil Change,1,-1.573713,29.555292,10.46,4.8,0,0,Musanze,1
-2.009358,30.132636,Transmission Repair,1,-1.99374,30.044209,9.98,4.7,0,0,Kicukiro,1
-1.497948,29.63329,Oil Change,1,-1.424116,29.571685,10.69,3.4,1,0,Musanze,1
-1.866655,30.719417,Brake System,1,-1.907843,30.5001825,24.79,3.2,1,0,Kayonza,0
-1.932637,30.137135,Diagnostic Scanning,1,-2.023648,30.098134,11.01,4.6,0,1,Kicukiro,1
-1.931347,30.603413,Diagnostic Scanning,1,-1.9545135,30.5082065,10.89,4.6,0,1,Kayonza,1
-2.359527,30.669539,Welding,1,-2.125592,30.780321,28.78,3.0,0,1,Kirehe,0
-2.122798,29.705575,Brake System,3,-2.079973,29.711467,4.81,4.1,0,0,Muhanga,1
-1.472476,29.6601,Transmission Repair,1,-1.449186,29.716974,6.83,4.5,0,0,Musanze,0
-2.064299,30.436435,Exhaust System,3,-2.2137579,30.5760158,22.73,5.0,0,0,Ngoma,0
-1.477065,30.088002,Electrical Systems,1,-1.574159,30.136903,12.09,4.6,0,0,Gicumbi,1
-2.32339,30.667136,Tire & Wheel,1,-2.1529743,30.75379,21.26,4.0,0,1,Kirehe,0
-1.862795,30.100061,Diagnostic Scanning,1,-1.864319,30.046895,5.91,3.3,0,0,Gasabo,1
-2.068533,29.75632,Bodywork,1,-2.0987845,29.7496098,3.45,3.2,0,0,Muhanga,0
-1.619067,30.101064,Transmission Repair,1,-1.512491,30.104422,11.86,4.2,1,0,Gicumbi,1
-1.949235,30.017715,Oil Change,1,-1.905318,30.017509,4.88,4.1,0,0,Nyarugenge,1
-2.539995,29.722345,Exhaust System,1,-2.642834,29.733849,11.51,4.7,0,0,Huye,1
-1.587353,30.074792,Engine Repair,1,-1.537247,30.060622,5.79,4.8,0,0,Gicumbi,1
-1.849677,30.71301,Transmission Repair,1,-1.889604,30.6547,7.86,4.3,0,1,Kayonza,1
-2.409485,30.736427,Bodywork,1,-2.135506,30.766639,30.65,5.0,1,0,Kirehe,0
-2.336553,30.682454,Brake System,3,-2.081391,30.791962,30.87,4.7,1,0,Kirehe,0
-2.227437,30.149589,Engine Repair,1,-2.0032,30.29383,29.64,4.7,0,1,Bugesera,0
-1.966044,30.736563,Air Conditioning,3,-1.9045863,30.5095426,26.14,4.5,0,1,Kayonza,0
-1.923354,30.666759,Welding,1,-1.904333,30.620383,5.57,4.4,0,1,Kayonza,1
-2.380701,29.723642,Exhaust System,1,-2.3786544,29.7293614,0.67,4.4,1,0,Nyanza,1
-2.386393,29.761984,Brake System,1,-2.3344856,29.7497566,5.93,4.6,0,1,Nyanza,1
-2.609991,29.806266,Suspension & Steering,1,-2.580553,29.720131,10.11,4.2,0,0,Huye,0
-1.653152,29.277142,Air Conditioning,3,-1.6584334,29.2211646,6.25,4.6,0,1,Rubavu,1
-1.96245,30.127232,Electrical Systems,1,-1.894416,30.134183,7.6,4.3,0,0,Gasabo,1
-1.488163,29.616306,Diagnostic Scanning,1,-1.561309,29.671478,10.19,4.2,0,0,Musanze,1
-2.626519,29.779706,Diagnostic Scanning,1,-2.640509,29.777573,1.57,4.0,0,1,Huye,1
-1.963763,30.08867,Welding,1,-1.975831,30.099703,1.82,4.4,0,0,Nyarugenge,1
-1.787991,30.101695,Exhaust System,1,-1.6738028,30.0329442,14.82,4.9,0,0,Rulindo,1
-1.783944,30.141898,Bodywork,1,-1.692574,29.900753,28.66,4.2,0,0,Rulindo,0
-1.928445,30.597587,Transmission Repair,1,-1.885931,30.625577,5.66,4.3,1,0,Kayonza,1
-2.29218,29.757257,Brake System,1,-2.366264,29.741363,8.42,4.5,0,1,Nyanza,1
-2.142364,29.818063,Air Conditioning,1,-2.069392,29.743974,11.56,4.8,1,1,Muhanga,1
-1.977995,30.116842,Suspension & Steering,1,-2.031586,30.145312,6.75,3.3,0,0,Kicukiro,1
-1.570538,29.703276,Bodywork,1,-1.5223618,29.6156498,11.12,4.4,0,0,Musanze,1
-2.250972,30.635618,Transmission Repair,3,-2.330091,30.583117,10.56,3.4,0,1,Kirehe,1
-1.939809,30.587843,Engine Repair,1,-1.890216,30.624369,6.85,4.5,0,1,Kayonza,1
-2.22684,30.470428,Oil Change,1,-2.1474077,30.5346407,11.35,5.0,0,1,Ngoma,0
-1.922641,30.041607,Air Conditioning,1,-1.900268,30.078215,4.77,4.7,0,1,Gasabo,1
-2.298505,30.720005,Electrical Systems,1,-2.411728,30.709096,12.65,3.2,0,1,Kirehe,0
-2.127921,29.792696,Electrical Systems,1,-2.027293,29.737217,12.78,3.5,0,1,Muhanga,0
-1.77008,30.111518,Bodywork,1,-1.735,29.98,15.13,4.1,0,1,Rulindo,1
-2.101326,29.683359,Bodywork,1,-2.040958,29.703793,7.09,4.0,0,0,Muhanga,0
-1.923799,30.090172,Exhaust System,1,-1.991625,30.033968,9.79,4.3,0,0,Nyarugenge,1
-2.256383,30.73814,Exhaust System,1,-2.135333,30.813729,15.87,4.3,0,1,Kirehe,1
-2.39497,30.701618,Suspension & Steering,1,-2.140042,30.727747,28.49,4.5,1,1,Kirehe,0
-1.501997,29.575114,Electrical Systems,1,-1.5392812,29.6861331,13.02,3.5,0,0,Musanze,0
-1.475044,30.095227,Brake System,1,-1.567718,30.126607,10.88,4.6,0,1,Gicumbi,1
-1.967994,30.419148,Suspension & Steering,1,-1.9619288,30.4257261,0.99,3.4,0,1,Rwamagana,0
-1.955247,30.14257,Welding,1,-1.963778,30.124164,2.25,4.9,0,0,Kicukiro,1
-2.1755,30.178642,Air Conditioning,1,-2.1951711,30.1152598,7.37,4.1,0,0,Bugesera,1
-1.517065,29.630669,Diagnostic Scanning,1,-1.571133,29.561409,9.77,4.7,0,0,Musanze,1
-1.553172,29.614176,Bodywork,1,-1.551228,29.646543,3.6,4.2,0,0,Musanze,1
-2.087012,30.129872,Air Conditioning,1,-2.00901,30.336697,24.57,4.4,0,1,Bugesera,0
-1.915999,30.492878,Diagnostic Scanning,3,-1.9406976,30.4371934,6.77,3.8,0,1,Rwamagana,1
-1.68654,29.181377,Brake System,1,-1.653905,29.29434,13.07,4.6,0,0,Rubavu,1
-2.165289,30.521256,Suspension & Steering,1,-2.142785,30.551562,4.2,4.5,0,1,Ngoma,1
-1.98112,30.360337,Air Conditioning,1,-1.954837,30.434207,8.71,4.0,0,0,Rwamagana,0
-1.959521,30.089311,Electrical Systems,3,-2.0342417,30.1213667,9.04,4.5,0,1,Kicukiro,1
-1.774932,30.064241,Suspension & Steering,1,-1.670617,29.907607,20.92,4.4,1,1,Rulindo,0
-1.560891,29.66068,Tire & Wheel,1,-1.56605,29.703792,4.83,4.7,1,1,Musanze,0
-1.963266,30.087074,Exhaust System,1,-1.927899,30.110818,4.74,3.3,0,0,Kicukiro,1
-2.268953,30.626909,Engine Repair,1,-2.10023,30.740849,22.63,4.0,0,1,Kirehe,0
-2.263782,30.121661,Oil Change,3,-2.035637,30.285396,31.22,4.3,0,0,Bugesera,0
-1.67244,29.326999,Diagnostic Scanning,1,-1.745535,29.218379,14.55,3.0,0,0,Rubavu,0
-1.440746,29.598933,Exhaust System,3,-1.537924,29.603749,10.82,4.7,0,0,Musanze,1
-2.026346,30.104416,Exhaust System,1,-1.979536,30.160585,8.13,4.7,0,1,Kicukiro,0
-2.011128,30.491405,Air Conditioning,1,-1.961654,30.420608,9.6,4.4,0,1,Rwamagana,1
-1.972865,30.070949,Engine Repair,1,-1.962444,30.067684,1.21,4.0,1,0,Nyarugenge,1
-2.349117,29.788217,Transmission Repair,1,-2.307042,29.80867,5.2,4.0,0,0,Nyanza,1
-1.631646,30.077969,Oil Change,1,-1.516163,30.090951,12.92,4.1,0,0,Gicumbi,1
-2.427155,29.753534,Brake System,1,-2.3417403,29.7460446,9.53,4.7,0,0,Nyanza,0
-1.70041,30.122487,Transmission Repair,1,-1.6814426,29.962713,17.88,3.7,0,1,Rulindo,0
-2.142476,29.734043,Diagnostic Scanning,1,-2.106281,29.7441537,4.18,3.7,0,1,Muhanga,0
-1.997082,30.439313,Bodywork,1,-1.947821,30.457174,5.83,4.6,1,1,Rwamagana,1
-1.889379,30.067575,Electrical Systems,3,-1.885147,30.110686,4.81,4.7,0,0,Gasabo,1
-1.949147,30.06516,Diagnostic Scanning,3,-1.930164,30.053971,2.45,5.0,0,1,Nyarugenge,0
-1.73746,29.183706,Transmission Repair,3,-1.6982959,29.3114994,14.86,4.1,1,1,Rubavu,1
-1.917686,30.085611,Bodywork,3,-1.950563,30.011071,9.05,4.1,0,0,Nyarugenge,1
-1.450785,29.581938,Suspension & Steering,1,-1.449058,29.546164,3.98,5.0,0,0,Musanze,0
-1.950388,30.117467,Suspension & Steering,3,-1.957944,30.149795,3.69,4.5,0,0,Kicukiro,1
-2.409206,30.731197,Engine Repair,1,-2.33789,30.623831,14.32,3.2,1,0,Kirehe,1
-1.635641,30.130202,Oil Change,1,-1.6286654,30.0800029,5.63,4.1,0,1,Gicumbi,1
-1.882769,30.627121,Diagnostic Scanning,1,-1.9400994,30.4867944,16.85,4.9,0,0,Kayonza,1
-1.652976,30.009141,Exhaust System,1,-1.72404,29.96053,9.57,4.9,0,0,Rulindo,0
-1.458888,29.603492,Air Conditioning,1,-1.5385245,29.7067247,14.49,3.2,0,0,Musanze,1
-2.185613,30.169751,Air Conditioning,1,-2.20759,30.152542,3.1,3.7,0,0,Bugesera,0
-1.991165,30.416738,Exhaust System,1,-1.9591458,30.4758218,7.47,4.8,0,1,Rwamagana,0
-1.943884,30.072853,Exhaust System,1,-1.992225,30.073111,5.38,3.3,0,1,Nyarugenge,1
-1.676175,30.055462,Engine Repair,3,-1.727611,29.903238,17.86,4.3,0,0,Rulindo,1
-1.910397,30.092962,Diagnostic Scanning,1,-1.897101,30.149347,6.44,4.8,0,1,Gasabo,1
-2.004835,30.403769,Tire & Wheel,1,-1.97733,30.490856,10.15,4.4,0,1,Rwamagana,1
-2.170547,30.575204,Welding,3,-2.1551058,30.5097954,7.47,4.7,0,1,Ngoma,1
-2.346763,29.728701,Bodywork,1,-2.339569,29.756771,3.22,4.3,0,0,Nyanza,0
-1.963092,30.093495,Transmission Repair,1,-2.030984,30.04499,9.28,4.5,0,0,Kicukiro,1
-2.180458,30.20028,Brake System,1,-2.2380992,30.2325356,7.34,3.7,0,1,Bugesera,0
-1.946794,30.058786,Diagnostic Scanning,1,-1.945557,30.088834,3.34,4.8,1,0,Nyarugenge,1
-2.11865,30.256529,Electrical Systems,1,-2.039622,30.288025,9.46,4.2,1,0,Bugesera,1
-1.979621,30.066945,Brake System,1,-1.953993,30.101447,4.78,4.3,0,1,Kicukiro,1
-1.715878,30.123488,Engine Repair,3,-1.678833,29.904657,24.67,4.9,1,0,Rulindo,0
-1.44795,29.580235,Suspension & Steering,1,-1.430285,29.691642,12.54,4.2,0,1,Musanze,1
-1.465988,29.690825,Bodywork,1,-1.547135,29.567688,16.39,4.9,0,0,Musanze,1
-1.88771,30.085019,Suspension & Steering,1,-1.875063,30.155194,7.92,4.2,0,0,Gasabo,1
-2.058084,29.717101,Transmission Repair,3,-2.0863801,29.7374337,3.87,4.2,0,1,Muhanga,1
-2.091011,30.569766,Electrical Systems,1,-2.137315,30.59158,5.69,4.3,0,0,Ngoma,1
-1.672908,30.043426,Suspension & Steering,3,-1.668639,30.044621,0.49,3.6,0,1,Rulindo,1
-1.745035,29.224822,Engine Repair,1,-1.6907378,29.2618814,7.31,3.8,1,1,Rubavu,1
-1.851953,30.734005,Suspension & Steering,1,-1.87667,30.665435,8.1,4.3,0,1,Kayonza,1
-2.385171,29.748236,Welding,1,-2.326438,29.736741,6.65,4.1,0,0,Nyanza,1
-2.006601,30.146409,Welding,1,-1.987516,30.172546,3.6,3.8,0,0,Kicukiro,1
-1.715216,29.991264,Suspension & Steering,1,-1.7715599,29.9279208,9.42,4.5,0,0,Rulindo,1
-1.668845,30.093245,Welding,1,-1.702912,30.102168,3.92,3.9,0,0,Rulindo,1
-1.953693,30.128402,Oil Change,1,-2.033792,30.132138,8.92,3.7,0,1,Kicukiro,1
-2.28625,30.738756,Diagnostic Scanning,1,-2.156942,30.820915,17.03,4.8,0,0,Kirehe,1
-2.412453,29.782262,Air Conditioning,1,-2.346419,29.74224,8.58,4.7,0,0,Nyanza,0
-1.974991,30.417786,Electrical Systems,1,-1.9698527,30.4480389,3.41,4.4,0,0,Rwamagana,1
-2.097256,30.064411,Diagnostic Scanning,3,-2.229431,30.070434,14.71,4.6,0,1,Bugesera,0
-2.331192,29.677666,Electrical Systems,1,-2.3459989,29.7345162,6.53,3.0,0,0,Nyanza,1
-1.827394,30.729542,Diagnostic Scanning,1,-1.889207,30.607764,15.18,4.3,1,0,Kayonza,1
-1.735528,29.335856,Electrical Systems,1,-1.652836,29.262875,12.26,4.6,1,0,Rubavu,1
-1.728343,29.19263,Brake System,1,-1.7242704,29.2617534,7.7,4.6,0,1,Rubavu,1
-1.66718,30.094916,Suspension & Steering,1,-1.718916,29.946803,17.44,4.4,1,1,Rulindo,1
-1.870742,30.725462,Engine Repair,1,-1.879139,30.642865,9.23,4.1,0,1,Kayonza,0
-2.577824,29.788116,Air Conditioning,1,-2.612176,29.670901,13.57,4.5,0,1,Huye,1
-2.578546,29.740515,Air Conditioning,3,-2.57,29.75,1.42,4.3,0,1,Huye,1
-1.679499,29.263597,Air Conditioning,1,-1.675339,29.240254,2.64,4.6,0,1,Rubavu,0
-1.969484,30.422737,Welding,3,-1.9739602,30.4693982,5.21,4.2,1,1,Rwamagana,0
-2.355028,30.574601,Tire & Wheel,1,-2.158946,30.787299,32.15,4.8,1,1,Kirehe,0
-2.189057,30.441714,Suspension & Steering,1,-2.108456,30.555801,15.53,4.4,0,0,Ngoma,1
-2.607099,29.709243,Transmission Repair,1,-2.531363,29.673745,9.3,4.6,0,0,Huye,1
-1.906501,30.36269,Engine Repair,1,-1.966788,30.437243,10.66,4.8,0,1,Rwamagana,1
-1.447687,29.638104,Diagnostic Scanning,3,-1.5111504,29.6577138,7.39,4.6,0,1,Musanze,1
-1.911689,30.477345,Suspension & Steering,1,-1.918955,30.427265,5.62,5.0,0,0,Rwamagana,1
-2.011121,30.471893,Suspension & Steering,3,-1.971176,30.451581,4.98,4.6,0,1,Rwamagana,1
-2.128247,30.101405,Air Conditioning,3,-2.04065,30.356736,30.0,4.6,0,0,Bugesera,0
-1.745328,30.132018,Diagnostic Scanning,1,-1.691082,29.906457,25.79,4.4,0,1,Rulindo,0
-1.941591,30.05714,Diagnostic Scanning,3,-1.9855244,30.0442917,5.09,4.2,0,0,Nyarugenge,1
-1.938567,30.105666,Oil Change,1,-1.96721,30.09739,3.32,3.5,0,1,Kicukiro,1
-1.579025,29.552926,Tire & Wheel,1,-1.571653,29.571637,2.24,3.0,0,0,Musanze,1
-1.950568,30.096849,Brake System,1,-1.917847,30.16816,8.72,4.7,0,0,Gasabo,1
-2.117405,30.450286,Engine Repair,1,-2.1336404,30.5253754,8.54,3.2,0,1,Ngoma,1
-1.541559,29.70141,Diagnostic Scanning,3,-1.573811,29.670936,4.93,4.3,0,1,Musanze,1
-1.497966,30.007609,Air Conditioning,3,-1.6789001,30.0259863,20.22,4.5,1,1,Gicumbi,0
-2.079899,29.823604,Electrical Systems,1,-2.105227,29.7460998,9.06,4.0,0,0,Muhanga,1
-1.964836,30.438712,Electrical Systems,1,-1.952115,30.491107,5.99,4.7,0,0,Rwamagana,1
-1.997206,30.437068,Engine Repair,1,-1.930505,30.470272,8.28,4.8,0,0,Rwamagana,1
-1.957319,30.0991,Air Conditioning,1,-1.852505,30.13824,12.44,4.9,1,1,Gasabo,0
-1.425178,29.616465,Welding,1,-1.4736077,29.5926151,6.0,3.8,0,0,Musanze,1
-2.41821,29.79344,Air Conditioning,1,-2.391271,29.665203,14.56,4.8,1,0,Nyanza,1
-1.844925,30.694786,Transmission Repair,1,-1.89528,30.621065,9.92,4.7,0,0,Kayonza,1
-1.767646,30.092729,Exhaust System,1,-1.690235,29.923328,20.7,4.4,0,0,Rulindo,0
-1.630622,30.136456,Air Conditioning,3,-1.575824,30.020383,14.27,3.3,0,0,Gicumbi,1
-2.321722,29.696908,Electrical Systems,1,-2.303575,29.768334,8.19,4.3,0,1,Nyanza,1
-1.658173,30.00795,Diagnostic Scanning,1,-1.6857531,29.9876841,3.81,4.4,0,1,Rulindo,1
-1.718869,29.209221,Oil Change,3,-1.738809,29.331463,13.77,4.6,0,1,Rubavu,0
-1.529738,29.705869,Transmission Repair,1,-1.499,29.635,8.59,4.5,0,1,Musanze,1
-1.908457,30.650775,Engine Repair,1,-1.891855,30.657928,2.01,3.0,0,1,Kayonza,1
-2.330806,30.703846,Tire & Wheel,1,-2.093101,30.808601,28.88,4.7,0,0,Kirehe,0
-2.334138,29.75737,Tire & Wheel,1,-2.3410779,29.7243697,3.75,4.5,0,1,Nyanza,1
-1.82615,30.687834,Diagnostic Scanning,1,-1.872988,30.646044,6.98,5.0,0,1,Kayonza,0
-2.097481,30.426208,Engine Repair,1,-2.1374886,30.5873617,18.45,4.0,0,0,Ngoma,0
-2.122596,30.119993,Tire & Wheel,3,-2.008911,30.342586,27.78,4.5,0,0,Bugesera,0
-2.020068,29.718754,Bodywork,1,-2.0854723,29.7526479,8.19,4.8,0,0,Muhanga,1
-1.671265,30.029523,Air Conditioning,1,-1.675137,29.97611,5.95,4.2,0,1,Rulindo,1
-1.89521,30.626226,Transmission Repair,3,-1.875657,30.6261,2.17,5.0,0,0,Kayonza,0
-1.956267,30.457203,Diagnostic Scanning,1,-1.977169,30.456288,2.33,4.1,0,1,Rwamagana,0
-2.097073,30.513023,Engine Repair,1,-2.156745,30.530511,6.91,4.6,1,0,Ngoma,1
-2.285549,30.642037,Tire & Wheel,1,-2.090438,30.763299,25.54,3.0,1,1,Kirehe,0
-1.60787,29.263932,Diagnostic Scanning,3,-1.60604,29.324128,6.69,4.2,0,1,Rubavu,1
-2.398398,29.759477,Suspension & Steering,1,-2.380854,29.676704,9.4,3.9,0,0,Nyanza,1
-2.211773,30.505132,Exhaust System,1,-2.211993,30.484388,2.31,3.4,0,0,Ngoma,1
-2.333811,30.570337,Suspension & Steering,3,-2.088594,30.778235,35.74,3.8,0,0,Kirehe,0
-2.277284,30.635147,Transmission Repair,3,-2.090287,30.755509,24.72,4.5,0,1,Kirehe,0
-1.739933,30.067788,Diagnostic Scanning,1,-1.7022143,30.0030023,8.33,3.5,0,1,Rulindo,1
-2.338016,29.74393,Diagnostic Scanning,1,-2.361568,29.737824,2.71,4.2,1,0,Nyanza,1
-1.942849,30.095651,Engine Repair,1,-1.968778,30.0791331,3.42,5.0,0,0,Kicukiro,1
-1.956142,30.699109,Welding,1,-1.901886,30.61276,11.34,4.3,0,0,Kayonza,0
-1.892067,30.07623,Welding,1,-1.925009,30.151762,9.16,4.4,0,0,Gasabo,1
-1.95716,30.057907,Engine Repair,1,-1.955859,30.097526,4.41,4.0,0,1,Nyarugenge,1
-1.934125,30.143547,Welding,3,-1.93168,30.065031,8.73,4.8,0,0,Gasabo,1
-1.704049,30.057029,Brake System,1,-1.73726,29.923148,15.33,3.0,0,0,Rulindo,0
-1.880575,30.056235,Exhaust System,3,-1.968578,30.108133,11.36,3.8,0,1,Gasabo,1
-1.554021,29.574722,Suspension & Steering,1,-1.5049791,29.6191614,7.36,4.0,0,0,Musanze,0
-1.930007,30.369773,Brake System,1,-1.954533,30.486787,13.29,4.7,1,0,Rwamagana,1
-1.949292,30.674092,Brake System,1,-1.873165,30.621036,10.32,3.0,0,0,Kayonza,1
-1.93512,30.029243,Air Conditioning,3,-1.941842,30.051022,2.53,4.0,0,1,Nyarugenge,1
-1.918278,30.491054,Suspension & Steering,1,-1.884964,30.445493,6.27,3.6,0,0,Rwamagana,1
-1.778619,30.098727,Electrical Systems,1,-1.734947,29.945518,17.71,4.4,0,1,Rulindo,1
-1.601384,29.959858,Air Conditioning,3,-1.558771,30.089659,15.19,4.1,0,1,Gicumbi,0
-1.893218,30.41756,Engine Repair,1,-1.9292987,30.4326943,4.35,3.0,0,0,Rwamagana,1
-1.86624,30.086039,Tire & Wheel,1,-1.9086074,30.112342,5.54,4.7,0,1,Gasabo,0
-1.969061,30.674679,Electrical Systems,3,-1.887983,30.600284,12.23,3.3,1,1,Kayonza,1
-1.56275,29.6266,Exhaust System,1,-1.538983,29.648443,3.59,4.3,1,1,Musanze,0
-1.517219,29.635932,Exhaust System,1,-1.4886587,29.5739287,7.59,4.0,0,1,Musanze,0
-1.757686,29.225533,Suspension & Steering,3,-1.725843,29.336576,12.84,4.7,0,0,Rubavu,0
-1.65852,30.013879,Exhaust System,1,-1.543058,30.090099,15.38,5.0,0,0,Gicumbi,1
-2.182144,30.468289,Oil Change,3,-2.105691,30.625793,19.46,4.2,0,0,Ngoma,0
-2.635316,29.734438,Oil Change,1,-2.663351,29.692446,5.61,4.3,1,0,Huye,1
-1.706822,30.041572,Electrical Systems,1,-1.738616,29.932633,12.61,4.5,0,0,Rulindo,0
-1.653252,30.009148,Suspension & Steering,1,-1.69156,29.934103,9.37,5.0,0,0,Rulindo,0
-2.104989,29.703276,Bodywork,3,-2.001867,29.774057,13.9,4.3,0,1,Muhanga,1
-2.601263,29.748936,Transmission Repair,1,-2.631091,29.719346,4.67,4.7,1,0,Huye,1
-2.610409,29.708158,Electrical Systems,1,-2.6007659,29.7048056,1.14,3.5,0,0,Huye,1
-1.91063,30.088894,Electrical Systems,1,-1.92713,30.097287,2.06,4.7,0,0,Nyarugenge,1
-2.009374,30.451917,Engine Repair,3,-1.975444,30.487345,5.45,4.2,0,1,Rwamagana,0
-2.32979,29.755514,Oil Change,1,-2.337078,29.75036,0.99,5.0,0,1,Nyanza,0
-1.86329,30.033039,Brake System,3,-1.890718,30.145747,12.89,3.2,0,0,Gasabo,1
-1.472901,29.986457,Brake System,3,-1.521824,30.0176847,6.45,5.0,0,0,Gicumbi,1
-2.419627,29.776636,Welding,3,-2.432293,29.661095,12.91,4.2,0,1,Nyanza,1
-1.925882,30.468667,Air Conditioning,1,-1.930159,30.473966,0.76,3.7,1,1,Rwamagana,0
-1.699005,30.011723,Engine Repair,1,-1.742538,29.937971,9.52,4.7,0,0,Rulindo,1
-2.3157,29.798483,Electrical Systems,1,-2.343224,29.721223,9.11,3.8,0,0,Nyanza,1
-2.400602,29.680389,Electrical Systems,1,-2.3708504,29.7341561,6.83,4.6,0,1,Nyanza,1
-1.538952,29.555109,Exhaust System,3,-1.54736,29.574052,2.3,3.7,0,0,Musanze,1
-1.447966,29.630959,Engine Repair,1,-1.548261,29.688914,12.88,4.8,1,0,Musanze,0
-2.158171,29.675652,Electrical Systems,1,-2.0894966,29.7534923,11.54,4.5,0,0,Muhanga,1
-1.874885,30.083765,Exhaust System,1,-1.91208,30.041463,6.26,3.0,0,0,Gasabo,0
-2.198299,30.093061,Brake System,1,-2.237346,30.204091,13.08,4.8,0,0,Bugesera,0
-1.949681,30.609735,Engine Repair,1,-1.9397081,30.4856069,13.84,3.6,0,1,Kayonza,1
-2.126399,29.724987,Oil Change,1,-2.080555,29.719092,5.14,4.9,0,1,Muhanga,1
-1.733531,30.057205,Tire & Wheel,1,-1.72697,29.984115,8.16,3.5,0,0,Rulindo,0
-1.963004,30.566383,Welding,3,-1.861233,30.572504,11.34,3.5,0,0,Kayonza,1
-2.620975,29.770632,Brake System,1,-2.652061,29.73057,5.63,4.3,1,0,Huye,1
-1.828344,30.688821,Air Conditioning,1,-1.969854,30.676021,15.8,3.7,0,1,Kayonza,0
-2.439369,29.66428,Exhaust System,1,-2.3332743,29.7373562,14.32,3.9,0,1,Nyanza,0
-1.98551,30.057507,Welding,1,-1.994586,30.056361,1.02,4.7,0,0,Nyarugenge,1
-2.43366,29.788423,Air Conditioning,1,-2.3203235,29.7255979,14.41,4.0,0,1,Nyanza,0
-2.108968,30.535126,Electrical Systems,1,-2.144912,30.55134,4.38,4.6,0,0,Ngoma,1
-2.078918,29.818058,Brake System,1,-2.053346,29.761817,6.87,4.1,1,1,Muhanga,1
-2.198157,30.085173,Tire & Wheel,1,-2.013227,30.28546,30.3,4.8,1,0,Bugesera,0
-1.993676,30.072335,Exhaust System,1,-1.9447993,30.1109681,6.93,5.0,0,1,Kicukiro,1
-1.992161,30.098045,Air Conditioning,3,-2.011454,30.158036,7.0,4.8,0,0,Kicukiro,1
-1.878417,30.057883,Tire & Wheel,1,-1.991896,30.082829,12.92,4.3,0,1,Gasabo,1
-1.996484,30.128496,Transmission Repair,3,-2.016096,30.125968,2.2,3.5,0,0,Kicukiro,0
-1.966046,30.05085,Exhaust System,1,-2.015488,30.109612,8.54,4.5,0,1,Kicukiro,0
-1.949581,30.111937,Air Conditioning,1,-1.929571,30.094311,2.96,4.6,0,1,Gasabo,1
-2.156532,30.140297,Diagnostic Scanning,1,-2.034558,30.360101,27.94,4.6,0,1,Bugesera,0
-1.944341,30.127874,Bodywork,1,-1.927556,30.097153,3.89,4.8,1,1,Kicukiro,0
-1.904554,30.111723,Suspension & Steering,3,-1.862009,30.015958,11.65,4.8,0,1,Gasabo,1
-2.559536,29.786067,Air Conditioning,1,-2.6475152,29.7344864,11.34,4.7,0,1,Huye,1
-2.000779,30.393324,Tire & Wheel,1,-1.9453271,30.4263221,7.17,4.4,0,1,Rwamagana,1
-1.553427,29.612806,Transmission Repair,1,-1.5181566,29.6170029,3.95,5.0,0,1,Musanze,1
-1.946836,30.096465,Air Conditioning,1,-1.9740875,30.1687656,8.59,3.7,1,1,Gasabo,1
-1.93761,30.104862,Brake System,1,-1.854727,30.031502,12.3,3.3,0,0,Gasabo,1
-2.168262,30.475863,Engine Repair,1,-2.063973,30.577443,16.18,3.3,0,0,Ngoma,0
-1.602478,29.270411,Brake System,1,-1.702983,29.258618,11.25,4.9,0,1,Rubavu,1
-2.658931,29.684406,Electrical Systems,3,-2.6128016,29.7463828,8.59,3.0,0,1,Huye,1
-2.051322,29.790395,Welding,1,-2.062214,29.735211,6.25,4.7,0,1,Muhanga,1
-1.925393,30.385146,Oil Change,1,-1.968805,30.453933,9.04,4.6,0,1,Rwamagana,1
-2.110384,30.233273,Electrical Systems,1,-2.002388,30.346087,17.36,4.6,0,1,Bugesera,0
-1.622533,30.069192,Exhaust System,1,-1.532792,30.108327,10.89,4.4,0,0,Gicumbi,1
-1.478345,30.000441,Bodywork,1,-1.6517733,30.0280135,19.53,3.8,1,0,Gicumbi,0
-1.463738,29.586978,Engine Repair,3,-1.4755583,29.6564732,7.84,4.9,0,1,Musanze,1
-1.474518,29.602548,Exhaust System,1,-1.552121,29.68212,12.36,5.0,0,1,Musanze,1
-1.448987,29.691659,Bodywork,3,-1.5310981,29.6189618,12.19,5.0,0,0,Musanze,0
-1.973688,30.464208,Tire & Wheel,3,-1.925841,30.467301,5.33,3.7,0,1,Rwamagana,1
-1.974051,30.109263,Tire & Wheel,3,-1.97552,30.114411,0.59,4.6,0,0,Kicukiro,1
-1.935963,30.378992,Exhaust System,1,-1.951345,30.498481,13.39,4.2,0,0,Rwamagana,1
-1.957292,30.029214,Diagnostic Scanning,1,-1.980207,30.044479,3.06,4.0,0,0,Nyarugenge,1
-1.73955,29.213999,Exhaust System,1,-1.6536119,29.2769835,11.85,4.4,1,1,Rubavu,1
-1.91053,30.436977,Diagnostic Scanning,1,-1.934162,30.45846,3.55,3.3,0,0,Rwamagana,1
-2.112295,30.241894,Air Conditioning,1,-2.180122,30.242445,7.54,3.9,0,0,Bugesera,1
-1.811523,30.708143,Air Conditioning,1,-1.9200161,30.4761753,28.46,4.1,1,1,Kayonza,0
-2.134448,30.573266,Oil Change,1,-2.107736,30.5728,2.97,3.0,0,0,Ngoma,1
-1.608185,29.230118,Brake System,1,-1.726833,29.253934,13.46,4.8,0,0,Rubavu,1
-2.111505,30.21516,Diagnostic Scanning,1,-1.985837,30.287384,16.11,4.5,0,0,Bugesera,1
-2.016595,29.73147,Welding,1,-2.067156,29.797322,9.23,4.2,0,1,Muhanga,1
-2.337592,29.778049,Electrical Systems,1,-2.3932124,29.7698043,6.25,3.2,0,1,Nyanza,1
-2.299242,29.800135,Transmission Repair,1,-2.405908,29.677619,18.05,4.1,0,0,Nyanza,1
-1.797759,30.592153,Bodywork,1,-1.910875,30.668776,15.19,4.9,0,1,Kayonza,0
-1.886952,30.368987,Oil Change,3,-1.949574,30.483707,14.53,4.7,0,0,Rwamagana,1
-2.223765,30.50224,Air Conditioning,1,-2.095177,30.546983,15.14,4.2,0,0,Ngoma,1
-2.377582,29.673058,Exhaust System,1,-2.342811,29.782274,12.74,4.5,0,0,Nyanza,1
-1.838384,30.591353,Electrical Systems,1,-1.916341,30.660267,11.57,4.2,0,0,Kayonza,1
-2.115001,30.432229,Exhaust System,3,-2.1942084,30.5238229,13.46,4.9,0,1,Ngoma,1
-2.403475,30.677834,Transmission Repair,3,-2.0531202,30.6475669,39.1,4.4,0,0,Kirehe,0
-1.455393,29.645503,Suspension & Steering,1,-1.514976,29.71135,9.87,4.6,1,0,Musanze,0
-1.899023,30.120679,Transmission Repair,3,-1.940904,30.042213,9.89,4.6,0,0,Gasabo,1
-1.883287,30.414734,Exhaust System,1,-1.913847,30.496723,9.72,3.5,0,0,Rwamagana,1
-2.215629,30.507546,Tire & Wheel,1,-2.2113129,30.5876495,8.91,4.6,0,1,Ngoma,1
-1.97529,30.068424,Welding,1,-2.012233,30.13027,8.01,4.1,0,0,Kicukiro,1
-1.65692,30.030515,Diagnostic Scanning,3,-1.687789,29.923326,12.4,4.7,0,0,Rulindo,1
-2.126899,29.704227,Bodywork,1,-2.06846,29.763192,9.23,4.0,1,0,Muhanga,1
-1.816419,30.667273,Tire & Wheel,1,-1.9125683,30.5361478,18.07,3.7,1,1,Kayonza,0
-1.749191,29.255677,Electrical Systems,1,-1.718437,29.293321,5.4,4.5,0,0,Rubavu,1
-1.96313,30.416493,Brake System,1,-1.881339,30.35278,11.53,4.9,1,1,Rwamagana,1
-1.929231,30.436924,Air Conditioning,1,-2.011359,30.442701,9.15,4.9,1,1,Rwamagana,1
-1.577396,29.67384,Welding,1,-1.489975,29.614626,11.74,4.5,0,0,Musanze,1
-1.756375,29.228686,Suspension & Steering,1,-1.738505,29.262957,4.3,4.7,0,1,Rubavu,1
-1.960959,30.0672,Exhaust System,1,-1.937784,30.170262,11.74,4.5,0,0,Kicukiro,1
-2.361474,29.775505,Brake System,1,-2.3675067,29.7538833,2.49,4.1,0,1,Nyanza,1
-1.658509,29.183948,Bodywork,3,-1.643992,29.318237,15.01,4.2,0,0,Rubavu,0
-1.950024,30.027237,Tire & Wheel,1,-1.991787,30.066975,6.41,4.3,0,0,Nyarugenge,1
-1.862268,30.699846,Transmission Repair,1,-1.834142,30.742757,5.7,4.4,0,0,Kayonza,1
-1.662788,30.106718,Bodywork,3,-1.679346,29.940083,18.61,4.9,0,0,Gicumbi,1
-1.879762,30.054367,Exhaust System,1,-1.845454,30.143295,10.59,4.2,1,0,Gasabo,1
-1.591281,29.97395,Engine Repair,1,-1.492285,30.093663,17.27,4.2,0,1,Gicumbi,1
-2.375498,30.627499,Oil Change,1,-2.080915,30.6497518,32.85,4.3,0,1,Kirehe,0
-2.131994,29.700194,Suspension & Steering,1,-2.1144314,29.7683858,7.82,3.7,0,0,Muhanga,1
-2.034577,29.725116,Bodywork,1,-2.021183,29.728757,1.54,4.0,0,1,Muhanga,0
-2.288377,29.698228,Air Conditioning,1,-2.356728,29.722279,8.06,4.5,0,0,Nyanza,1
-1.679836,30.060862,Transmission Repair,3,-1.740646,29.965867,12.54,4.7,0,1,Rulindo,1
-2.223075,30.133707,Electrical Systems,3,-2.1114942,30.1724192,13.13,4.9,0,0,Bugesera,1
-1.895523,30.073673,Bodywork,1,-1.992925,30.139968,13.1,4.8,0,1,Gasabo,1
-1.510991,29.592231,Electrical Systems,1,-1.533141,29.697174,11.92,4.8,1,0,Musanze,0
-2.124887,29.808804,Engine Repair,3,-2.0572229,29.7786404,8.24,4.1,0,1,Muhanga,1
-1.460421,29.615645,Air Conditioning,1,-1.445607,29.672939,6.58,4.1,0,1,Musanze,1
-2.268601,30.128898,Bodywork,1,-2.00148,30.358624,39.16,4.5,0,1,Bugesera,0
-1.954776,30.052584,Welding,1,-1.96809,30.108016,6.34,3.2,0,1,Nyarugenge,1
-1.425951,29.6108,Air Conditioning,1,-1.532882,29.659815,13.08,4.2,0,1,Musanze,1
-1.99494,30.111052,Oil Change,1,-1.986755,30.093722,2.13,4.7,0,0,Kicukiro,1
-2.650211,29.804616,Transmission Repair,1,-2.5538519,29.7661326,11.54,4.5,0,1,Huye,1
-1.508094,30.1417,Suspension & Steering,1,-1.507177,30.100052,4.63,4.6,1,0,Gicumbi,1
-1.757151,29.249962,Engine Repair,1,-1.766642,29.330354,9.0,4.0,0,0,Rubavu,0
-2.26195,30.594899,Diagnostic Scanning,1,-2.0513456,30.6227063,23.62,4.3,0,1,Kirehe,0
-1.961726,30.116802,Oil Change,1,-1.932909,30.153557,5.19,3.5,0,0,Gasabo,1
-2.288533,30.695168,Oil Change,1,-2.140235,30.781643,19.09,4.6,0,0,Kirehe,1
-2.109808,30.480753,Diagnostic Scanning,1,-2.070046,30.531666,7.18,4.8,0,1,Ngoma,0
-2.211579,30.453123,Diagnostic Scanning,1,-2.15,30.52,10.1,4.8,0,1,Ngoma,0
-2.370663,30.744555,Tire & Wheel,1,-2.121357,30.82657,29.18,4.0,1,1,Kirehe,0
-2.154546,30.466987,Transmission Repair,3,-2.1807242,30.5792385,12.81,3.0,0,1,Ngoma,1
-2.335913,29.66039,Welding,1,-2.336319,29.807691,16.37,3.0,0,0,Nyanza,0
-1.968153,30.074377,Welding,3,-1.942607,30.045384,4.3,4.5,0,0,Kicukiro,1
-1.921111,30.438034,Diagnostic Scanning,1,-1.927468,30.503422,7.3,3.3,0,0,Rwamagana,1
-2.381015,29.686786,Tire & Wheel,1,-2.351642,29.736049,6.37,4.8,1,0,Nyanza,1
-2.182514,30.564327,Oil Change,1,-2.102493,30.548914,9.06,5.0,0,0,Ngoma,1
-1.976565,30.136596,Diagnostic Scanning,3,-1.976707,30.163559,3.0,4.5,0,0,Kicukiro,0
-2.554159,29.677915,Suspension & Steering,1,-2.5703888,29.7501082,8.22,5.0,0,0,Huye,1
-1.610376,29.965635,Welding,1,-1.666824,30.116172,17.87,3.9,0,0,Gicumbi,0
-2.012982,29.784699,Welding,1,-2.07,29.755,7.15,4.2,0,1,Muhanga,1
-2.339982,29.745199,Brake System,1,-2.341318,29.803655,6.5,3.8,0,1,Nyanza,1
-1.966131,30.132658,Electrical Systems,1,-1.937169,30.079859,6.69,3.3,0,1,Kicukiro,1
-1.714498,30.109773,Transmission Repair,1,-1.693356,29.937343,19.31,4.3,0,0,Rulindo,0
-1.474648,29.956379,Tire & Wheel,1,-1.6535186,29.9981459,20.42,4.9,0,0,Gicumbi,0
-2.615879,29.793487,Diagnostic Scanning,1,-2.566807,29.733691,8.6,3.8,0,0,Huye,1
-2.650213,29.72116,Air Conditioning,3,-2.58715,29.767138,8.67,4.5,0,0,Huye,0
-2.610053,29.800675,Transmission Repair,1,-2.567378,29.688429,13.34,4.4,0,0,Huye,0
-2.156464,30.575136,Transmission Repair,3,-2.093952,30.53948,8.0,4.3,0,0,Ngoma,1
-2.057235,29.809785,Bodywork,1,-2.028435,29.7672,5.71,3.7,0,0,Muhanga,0
-1.951545,30.36416,Exhaust System,3,-1.969437,30.434808,8.1,4.6,0,0,Rwamagana,1
-1.808579,30.102873,Oil Change,1,-1.711165,29.951954,19.97,5.0,0,1,Rulindo,1
-1.904263,30.108521,Welding,1,-1.954733,30.113612,5.64,4.3,1,0,Gasabo,1
-1.987421,30.050899,Bodywork,1,-1.903823,30.073868,9.64,4.7,0,0,Nyarugenge,1
-2.297643,29.707877,Air Conditioning,3,-2.312439,29.792733,9.57,4.9,0,1,Nyanza,1
-1.604125,29.315127,Air Conditioning,1,-1.716741,29.238875,15.12,3.8,0,1,Rubavu,1
-1.922969,30.110333,Air Conditioning,1,-1.921541,30.101507,0.99,5.0,0,0,Gasabo,1
-1.506761,30.01066,Suspension & Steering,1,-1.5727023,30.0029033,7.38,3.8,0,0,Gicumbi,0
-1.892793,30.42797,Diagnostic Scanning,3,-1.920815,30.448885,3.89,4.6,0,0,Rwamagana,1
-2.299891,30.664322,Diagnostic Scanning,1,-2.1214865,30.6412531,20.0,5.0,0,1,Kirehe,1
-1.870762,30.027787,Exhaust System,1,-1.955613,30.142159,15.83,4.7,0,0,Gasabo,1
-1.983669,30.041917,Brake System,1,-1.962459,30.041168,2.36,4.3,0,0,Nyarugenge,0
-1.516276,29.692002,Electrical Systems,1,-1.501325,29.563233,14.41,4.5,0,1,Musanze,1
-2.086011,29.716216,Diagnostic Scanning,1,-2.056987,29.753528,5.25,4.3,0,0,Muhanga,0
-2.139079,30.464887,Suspension & Steering,1,-2.129571,30.559657,10.58,4.8,0,0,Ngoma,0
-1.752895,29.197749,Tire & Wheel,1,-1.637171,29.234332,13.5,4.7,0,0,Rubavu,1
-1.521626,29.647173,Welding,3,-1.438668,29.585549,11.49,4.3,0,1,Musanze,1
-2.390786,29.670484,Engine Repair,1,-2.328283,29.741444,10.51,4.9,1,1,Nyanza,1
-1.989132,30.149227,Bodywork,1,-1.978663,30.085441,7.18,4.7,0,0,Kicukiro,1
-1.964982,30.372487,Air Conditioning,3,-1.955841,30.422757,5.68,4.0,0,1,Rwamagana,1
-2.086072,30.217339,Diagnostic Scanning,1,-2.018551,30.359123,17.45,4.4,0,1,Bugesera,1
-2.026205,29.818517,Bodywork,1,-2.0842098,29.7649392,8.78,4.3,0,0,Muhanga,1
-2.250914,30.575991,Air Conditioning,1,-2.126686,30.818167,30.25,3.8,0,1,Kirehe,0
-1.869819,30.127841,Oil Change,1,-1.842618,30.095906,4.66,4.7,1,0,Gasabo,1
-1.733493,30.116041,Suspension & Steering,3,-1.7174391,29.9758633,15.68,3.6,0,1,Rulindo,1
-2.394886,30.678563,Brake System,3,-2.157008,30.767861,28.25,4.3,0,1,Kirehe,0
-2.382617,29.755388,Suspension & Steering,1,-2.352986,29.807267,6.64,4.5,0,0,Nyanza,1
-1.704469,29.214598,Bodywork,1,-1.731419,29.332927,13.49,3.0,0,0,Rubavu,1
-1.974964,30.452954,Bodywork,1,-1.927793,30.400086,7.88,3.9,0,0,Rwamagana,1
-1.930695,30.025123,Transmission Repair,1,-1.952027,30.091533,7.75,4.1,0,0,Nyarugenge,1
-2.555408,29.766341,Oil Change,1,-2.554593,29.694079,8.03,3.8,0,0,Huye,1
-1.526304,29.624674,Exhaust System,3,-1.581257,29.708355,11.13,3.5,1,0,Musanze,1
-1.597877,29.973483,Diagnostic Scanning,3,-1.553697,30.080175,12.84,4.1,0,0,Gicumbi,0
-2.425579,30.586754,Brake System,1,-2.1201805,30.7317575,37.59,4.4,0,0,Kirehe,0
-2.117392,29.801195,Bodywork,1,-2.0843002,29.751386,6.65,4.7,0,1,Muhanga,0
-1.98755,30.116216,Tire & Wheel,1,-1.953804,30.117822,3.76,4.9,0,1,Kicukiro,1
-1.975849,30.063151,Diagnostic Scanning,3,-2.030648,30.062925,6.09,4.1,0,1,Kicukiro,1
-1.988847,30.443993,Exhaust System,1,-1.9767245,30.4414521,1.38,4.7,0,1,Rwamagana,1
-2.36614,29.722014,Air Conditioning,1,-2.3587971,29.7306409,1.26,3.8,0,0,Nyanza,0
-1.654781,30.040271,Exhaust System,3,-1.712222,29.977832,9.43,4.7,0,1,Rulindo,1
-1.676769,29.256859,Suspension & Steering,1,-1.6830294,29.3460763,9.94,4.9,0,1,Rubavu,1
-1.693154,30.106651,Suspension & Steering,1,-1.71525,29.930445,19.74,4.6,0,1,Rulindo,1
-2.641787,29.732873,Tire & Wheel,3,-2.6381653,29.7306497,0.47,4.9,1,1,Huye,1
-1.991847,30.148426,Brake System,1,-2.018834,30.095918,6.56,4.9,0,0,Kicukiro,1
-2.174338,30.48958,Oil Change,1,-2.142785,30.551562,7.73,4.5,0,1,Ngoma,1
-1.955307,30.082651,Transmission Repair,3,-1.92857,30.042079,5.4,3.5,0,0,Nyarugenge,0
-1.785156,30.080826,Diagnostic Scanning,1,-1.674344,29.945282,19.46,3.8,0,0,Rulindo,0
-1.623805,29.277472,Bodywork,1,-1.630176,29.249687,3.17,4.6,0,1,Rubavu,1
-1.913198,30.084773,Suspension & Steering,1,-1.920373,30.070996,1.73,4.5,0,1,Nyarugenge,1
-1.944009,30.145848,Bodywork,1,-1.9887028,30.0733206,9.47,3.4,1,0,Kicukiro,0
-2.193705,30.509838,Diagnostic Scanning,1,-2.1551058,30.5097954,4.29,4.7,0,1,Ngoma,0
-1.540087,29.968729,Air Conditioning,1,-1.5759914,30.026948,7.6,4.0,0,1,Gicumbi,1
-1.69253,30.057171,Bodywork,1,-1.6989102,29.927501,14.43,4.4,1,0,Rulindo,0
-1.575862,29.661271,Suspension & Steering,1,-1.446793,29.670975,14.39,4.4,0,1,Musanze,1
-2.600561,29.757535,Diagnostic Scanning,1,-2.561719,29.792967,5.84,4.5,1,0,Huye,1
-2.649585,29.73096,Engine Repair,1,-2.5874684,29.7513313,7.27,3.6,0,1,Huye,1
-2.081204,30.105559,Bodywork,1,-2.271079,30.066966,21.54,4.4,0,0,Bugesera,0
-1.802025,30.104896,Engine Repair,1,-1.675017,29.912207,25.65,4.7,1,0,Rulindo,0
-1.986619,30.423212,Engine Repair,1,-2.003626,30.38318,4.83,4.5,0,0,Rwamagana,0
-1.949689,30.622205,Brake System,1,-1.9311764,30.5076157,12.9,4.5,0,0,Kayonza,1
-2.176978,30.493979,Oil Change,1,-2.2175371,30.5624491,8.84,4.4,0,0,Ngoma,1
-1.504797,29.696308,Welding,3,-1.576184,29.607064,12.7,4.1,0,1,Musanze,1
-1.506151,29.567207,Tire & Wheel,3,-1.4990764,29.6114122,4.98,3.4,0,0,Musanze,1
-1.896647,30.618566,Engine Repair,1,-1.9238707,30.4814888,15.53,4.2,0,0,Kayonza,1
-1.814151,30.682156,Bodywork,3,-1.895238,30.66827,9.15,4.1,0,0,Kayonza,1
-2.081403,29.733563,Brake System,3,-2.057672,29.75763,3.76,4.3,0,0,Muhanga,1
-1.896537,30.039953,Exhaust System,1,-1.885372,30.074022,3.98,4.5,0,0,Gasabo,0
-1.933626,30.045542,Exhaust System,1,-1.893565,30.068349,5.13,4.5,0,1,Gasabo,1
-2.308122,30.574458,Engine Repair,1,-2.1361404,30.6484254,20.81,4.2,1,1,Kirehe,0
-2.267531,30.749558,Exhaust System,1,-2.1592002,30.6493049,16.41,4.3,0,0,Kirehe,1
-2.361986,29.739259,Transmission Repair,1,-2.305586,29.754479,6.5,4.6,0,0,Nyanza,1
-2.026381,30.092702,Electrical Systems,3,-2.025718,30.126342,3.74,4.8,0,1,Kicukiro,1
-2.020017,30.090093,Oil Change,1,-1.97502,30.159693,9.21,4.3,0,0,Kicukiro,1
-2.104346,30.577308,Brake System,1,-2.108014,30.579689,0.49,4.2,0,0,Ngoma,1
-1.52079,30.071622,Electrical Systems,3,-1.483187,30.126097,7.36,3.0,0,0,Gicumbi,0
-2.054545,29.744251,Bodywork,1,-2.02534,29.736659,3.36,4.6,1,0,Muhanga,1
-2.377342,30.663632,Oil Change,1,-2.163058,30.743958,25.44,4.9,1,1,Kirehe,0
-1.911599,30.042536,Tire & Wheel,1,-1.840326,30.044738,7.93,4.2,0,0,Gasabo,1
-2.156921,30.109057,Electrical Systems,1,-2.1767877,30.1022561,2.33,3.0,0,1,Bugesera,1
-1.980097,30.066253,Tire & Wheel,1,-2.013518,30.141845,9.19,3.2,0,1,Kicukiro,1
-2.006019,29.741511,Air Conditioning,1,-2.059005,29.698799,7.57,3.0,0,1,Muhanga,1
-2.015912,30.478056,Transmission Repair,1,-1.937206,30.499683,9.08,4.6,0,1,Rwamagana,1
-1.939933,30.048312,Welding,1,-1.956974,30.023725,3.33,4.5,0,0,Nyarugenge,1
-2.320778,29.811276,Welding,1,-2.3661422,29.7297075,10.37,4.5,0,0,Nyanza,1
-2.171454,30.424278,Electrical Systems,1,-2.137315,30.59158,18.97,4.3,0,0,Ngoma,1
-2.669109,29.774154,Brake System,1,-2.672309,29.762915,1.3,4.3,0,1,Huye,1
-1.422977,29.708851,Tire & Wheel,1,-1.498055,29.643089,11.1,5.0,0,0,Musanze,1
-2.013782,30.147771,Brake System,3,-2.009217,30.106177,4.65,4.3,0,0,Kicukiro,1
-1.52755,29.603379,Brake System,1,-1.52,29.65,5.25,4.2,0,1,Musanze,0
-2.421171,30.718639,Diagnostic Scanning,1,-2.155833,30.808653,31.15,4.2,0,0,Kirehe,0
-1.880378,30.46851,Air Conditioning,1,-1.933599,30.486729,6.25,4.3,0,0,Rwamagana,0
-2.169744,30.411866,Electrical Systems,1,-2.159741,30.59559,20.44,4.8,0,1,Ngoma,0
-2.559027,29.753602,Brake System,1,-2.567868,29.711866,4.74,4.8,0,0,Huye,1
-2.018404,30.080512,Tire & Wheel,3,-1.92281,30.055585,10.98,4.1,0,0,Kicukiro,1
-2.619508,29.765659,Brake System,1,-2.594233,29.762536,2.83,4.3,0,0,Huye,0
-1.854678,30.060449,Transmission Repair,1,-1.962642,30.075794,12.13,4.8,1,0,Gasabo,1
-2.341145,30.575213,Transmission Repair,3,-2.121645,30.732109,29.99,4.9,0,0,Kirehe,0
-1.9926,30.109381,Brake System,1,-1.95009,30.108125,4.73,3.5,1,0,Kicukiro,1
-1.954082,30.411027,Suspension & Steering,1,-1.928624,30.503279,10.64,4.2,0,0,Rwamagana,1
-1.903994,30.393835,Exhaust System,1,-1.916757,30.490177,10.8,4.1,0,0,Rwamagana,0
-2.201425,30.200985,Engine Repair,3,-1.9739,30.354454,30.51,4.7,1,1,Bugesera,0
-2.281429,30.60768,Oil Change,1,-2.162631,30.778407,23.12,4.8,0,0,Kirehe,0
-1.872932,30.722002,Bodywork,1,-1.9218558,30.4926325,26.06,5.0,0,1,Kayonza,0
-2.162621,30.577268,Transmission Repair,3,-2.1643344,30.5219989,6.14,4.5,0,1,Ngoma,1
-1.980956,30.071448,Air Conditioning,1,-1.987158,30.015068,6.3,4.4,0,0,Nyarugenge,1
-1.785873,30.104313,Electrical Systems,1,-1.691082,29.906457,24.39,4.4,0,1,Rulindo,0
-1.954237,30.479405,Exhaust System,1,-1.937717,30.500333,2.96,3.7,0,0,Rwamagana,1
-2.272953,30.581589,Electrical Systems,3,-2.105642,30.801238,30.69,4.4,0,1,Kirehe,0
-2.038903,29.817444,Transmission Repair,1,-2.005744,29.803038,4.02,4.9,1,0,Muhanga,1
-2.06386,29.677201,Air Conditioning,1,-2.054213,29.713563,4.18,4.3,1,1,Muhanga,1
-1.815914,30.568353,Air Conditioning,1,-1.8772449,30.5011204,10.12,4.7,0,0,Kayonza,1
-2.291862,29.811959,Transmission Repair,1,-2.3429178,29.7479444,9.1,4.1,0,1,Nyanza,0
-1.421296,29.626224,Suspension & Steering,1,-1.545981,29.596462,14.25,4.6,0,1,Musanze,1
-1.681929,29.19637,Engine Repair,3,-1.599704,29.284927,13.43,4.2,0,0,Rubavu,1
-1.670394,30.079686,Bodywork,1,-1.670284,29.970668,12.12,4.8,0,1,Rulindo,1
-1.797275,30.054839,Air Conditioning,1,-1.735999,29.933679,15.09,4.7,0,1,Rulindo,1
-2.021409,29.782545,Suspension & Steering,1,-2.130995,29.82236,12.96,4.1,0,0,Muhanga,0
-1.734415,29.242769,Exhaust System,1,-1.75527,29.194692,5.82,4.5,1,0,Rubavu,1
-2.005807,30.490766,Air Conditioning,1,-1.939819,30.366363,15.65,3.5,1,1,Rwamagana,1
-2.656725,29.780328,Oil Change,1,-2.58176,29.693652,12.73,3.8,0,0,Huye,1
-1.701055,29.219179,Bodywork,1,-1.708058,29.343398,13.83,3.7,1,0,Rubavu,0
-2.267326,30.15308,Bodywork,1,-1.984607,30.287999,34.83,5.0,0,1,Bugesera,0
-2.551867,29.799928,Brake System,3,-2.656969,29.795883,11.7,4.8,0,1,Huye,1
-2.05721,29.706292,Welding,1,-2.1057016,29.7758881,9.43,4.5,0,0,Muhanga,0
-1.670366,29.220644,Air Conditioning,1,-1.72772,29.341925,14.91,4.5,1,1,Rubavu,0
-2.412524,29.810597,Oil Change,1,-2.336148,29.757552,10.34,4.8,0,0,Nyanza,1
-1.86357,30.06543,Exhaust System,1,-1.884797,30.144108,9.06,4.3,0,0,Gasabo,1
-1.744719,29.298458,Oil Change,3,-1.767137,29.180057,13.39,4.6,1,0,Rubavu,0
-1.936105,30.041277,Brake System,3,-1.9255121,30.0832504,4.81,3.9,0,0,Gasabo,0
-2.155435,30.495425,Exhaust System,1,-2.11065,30.556816,8.45,4.9,0,0,Ngoma,1
-1.977947,30.055945,Brake System,1,-2.005143,30.066828,3.26,4.0,0,0,Kicukiro,1
-1.969883,30.112386,Electrical Systems,1,-1.9684811,30.0971284,1.7,4.8,0,1,Kicukiro,1
-1.964339,30.070413,Bodywork,3,-1.915,30.108,6.9,4.4,0,1,Gasabo,1
-2.138664,30.225655,Air Conditioning,1,-2.00305,30.289843,16.68,4.2,0,1,Bugesera,0
-1.956341,30.058861,Exhaust System,1,-1.9389508,30.0610553,1.95,4.8,0,1,Nyarugenge,1
-1.607591,29.960765,Electrical Systems,1,-1.550825,30.140341,20.93,4.3,1,1,Gicumbi,0
-2.269155,30.227225,Diagnostic Scanning,1,-2.2187012,30.2242976,5.62,4.5,0,0,Bugesera,0
-2.126554,30.503869,Air Conditioning,1,-2.1866904,30.5519566,8.56,4.2,0,1,Ngoma,1
-1.958029,30.081679,Bodywork,1,-1.968018,30.083577,1.13,4.4,0,1,Nyarugenge,1
-2.027726,30.127669,Suspension & Steering,1,-2.028563,30.15797,3.37,4.4,0,0,Kicukiro,1
-1.67888,29.235523,Engine Repair,3,-1.741504,29.257489,7.38,5.0,0,0,Rubavu,1
-2.573951,29.713482,Brake System,1,-2.679853,29.732075,11.96,4.6,0,0,Huye,0
-1.602714,29.283793,Exhaust System,1,-1.685423,29.205665,12.65,4.0,1,1,Rubavu,1
-2.256024,30.115864,Air Conditioning,1,-2.008116,30.347448,37.71,4.7,0,1,Bugesera,0
-2.159545,30.513513,Exhaust System,1,-2.150623,30.54322,3.45,4.1,0,0,Ngoma,0
-1.928957,30.036005,Diagnostic Scanning,1,-1.963771,30.052856,4.3,4.2,0,0,Nyarugenge,1
-1.467655,29.680656,Diagnostic Scanning,3,-1.480695,29.611743,7.8,4.4,1,1,Musanze,1
-2.101248,30.559931,Bodywork,3,-2.140834,30.555148,4.43,4.0,1,0,Ngoma,1
-1.954848,30.685494,Brake System,1,-1.79084,30.695921,18.27,3.6,0,1,Kayonza,0
-2.136743,30.439117,Welding,1,-2.155783,30.586724,16.54,4.7,0,0,Ngoma,1
-2.280199,29.687948,Electrical Systems,1,-2.446257,29.760738,20.16,4.1,0,0,Nyanza,0
-1.55247,29.624322,Brake System,1,-1.431854,29.687079,15.12,4.9,0,0,Musanze,1
-2.37298,29.738599,Welding,1,-2.339095,29.777584,5.74,4.0,0,1,Nyanza,1
-1.683468,29.26234,Diagnostic Scanning,1,-1.637666,29.326167,8.73,4.5,0,1,Rubavu,1
-2.298131,29.790841,Electrical Systems,1,-2.3322851,29.750236,5.9,4.8,0,1,Nyanza,1
-2.01819,30.44813,Air Conditioning,1,-1.9412267,30.4686206,8.86,4.5,1,1,Rwamagana,0
-2.087927,30.499513,Oil Change,1,-2.2148454,30.5695578,16.12,5.0,0,0,Ngoma,1
-2.56621,29.763735,Transmission Repair,3,-2.666084,29.722949,11.99,3.6,0,0,Huye,1
-1.944797,30.084067,Diagnostic Scanning,1,-1.9309062,30.0712851,2.1,4.5,0,1,Nyarugenge,0
-2.333128,29.766361,Oil Change,1,-2.298214,29.744192,4.6,4.8,1,0,Nyanza,0
-1.474048,29.634026,Suspension & Steering,1,-1.557996,29.694628,11.51,4.8,0,0,Musanze,0
-2.046464,29.767679,Bodywork,1,-2.0980497,29.7513069,6.02,4.6,0,0,Muhanga,1
-1.501603,29.570266,Engine Repair,1,-1.466662,29.628328,7.53,4.5,0,0,Musanze,1
-1.9654,30.084225,Tire & Wheel,3,-1.957704,30.07532,1.31,4.2,1,1,Kicukiro,0
-1.905862,30.60441,Engine Repair,1,-1.918673,30.633437,3.53,4.4,0,0,Kayonza,0
-2.549572,29.748547,Diagnostic Scanning,1,-2.643286,29.769512,10.68,2.5,0,1,Huye,0
-1.695735,29.297892,Bodywork,3,-1.636586,29.345814,8.46,4.7,1,0,Rubavu,1
-1.911932,30.01941,Electrical Systems,3,-1.913079,30.100578,9.02,4.6,0,0,Nyarugenge,1
-1.987257,30.060489,Bodywork,1,-1.9474285,30.0514429,4.54,4.8,0,0,Nyarugenge,1
-1.663311,29.305028,Suspension & Steering,1,-1.654092,29.171323,14.9,3.7,0,1,Rubavu,1
-2.21514,30.479309,Brake System,1,-2.1474077,30.5346407,9.72,5.0,0,1,Ngoma,1
-1.676582,30.069415,Engine Repair,1,-1.724402,29.909036,18.6,4.2,0,0,Rulindo,1
-2.202892,30.505444,Air Conditioning,1,-2.076849,30.598788,17.44,4.4,0,0,Ngoma,0
-1.91193,30.437781,Air Conditioning,1,-1.964991,30.423498,6.11,4.3,1,1,Rwamagana,1
-2.189704,30.535791,Suspension & Steering,3,-2.1532802,30.5545815,4.56,3.5,0,1,Ngoma,1
-1.975796,30.060046,Engine Repair,1,-1.916565,30.096137,7.71,4.4,0,1,Nyarugenge,0
-2.259302,30.696993,Brake System,3,-2.120133,30.785782,18.35,4.0,0,0,Kirehe,0
-1.920478,30.399565,Suspension & Steering,1,-1.9263326,30.4536475,6.05,3.8,1,0,Rwamagana,1
-1.67317,29.264255,Electrical Systems,1,-1.6924496,29.3295188,7.56,3.0,0,1,Rubavu,1
-1.995212,30.144218,Electrical Systems,1,-1.956166,30.057115,10.61,4.1,0,0,Kicukiro,1
-1.769904,30.118164,Engine Repair,1,-1.735127,29.96181,17.8,4.6,0,0,Rulindo,1
-1.945432,30.379252,Suspension & Steering,3,-1.970416,30.469216,10.38,4.1,0,0,Rwamagana,0
-1.777269,30.018636,Transmission Repair,3,-1.692082,29.92703,13.91,4.7,0,0,Rulindo,1
-1.794791,30.717903,Bodywork,3,-1.88878,30.663826,12.06,4.6,0,1,Kayonza,1
-2.235455,30.449271,Transmission Repair,1,-2.1484395,30.5057124,11.53,4.6,0,0,Ngoma,1
-1.911946,30.033849,Suspension & Steering,1,-1.937303,30.035987,2.83,4.5,0,1,Nyarugenge,0
-1.77779,30.08934,Bodywork,1,-1.7104,29.958299,16.38,4.7,0,0,Rulindo,1
-2.638381,29.763851,Engine Repair,1,-2.679544,29.762957,4.58,4.0,0,1,Huye,0
-1.958359,30.027324,Suspension & Steering,1,-1.881374,30.109243,12.5,4.0,0,0,Gasabo,1
-1.701621,29.336003,Bodywork,3,-1.636006,29.346933,7.4,5.0,0,0,Rubavu,1
-1.90433,30.115567,Brake System,1,-1.939412,30.02377,10.92,4.1,0,0,Gasabo,0
-1.883679,30.140942,Tire & Wheel,1,-1.9133565,30.1200219,4.04,4.5,0,1,Gasabo,0
-1.961379,30.094925,Tire & Wheel,1,-1.900685,30.030012,9.88,3.5,0,1,Nyarugenge,0
-1.915197,30.395303,Suspension & Steering,1,-1.927372,30.503835,12.14,4.7,1,0,Rwamagana,1
-2.141382,30.162201,Oil Change,1,-2.230969,30.218957,11.79,4.2,0,1,Bugesera,1
-2.077158,30.471401,Engine Repair,1,-2.130221,30.534462,9.16,4.2,0,1,Ngoma,1
-2.259563,30.729266,Oil Change,3,-2.162337,30.806202,13.78,4.6,1,1,Kirehe,1
-2.225219,30.428942,Tire & Wheel,1,-2.109159,30.545188,18.26,3.3,0,1,Ngoma,0
-1.98385,30.023639,Air Conditioning,1,-1.937785,30.102958,10.19,4.6,0,1,Nyarugenge,1
-1.776053,30.100537,Oil Change,1,-1.702022,29.950495,18.6,4.1,0,1,Rulindo,0
-1.966347,30.113114,Suspension & Steering,1,-2.016308,30.053532,8.64,4.6,0,1,Kicukiro,0
-2.347305,29.760086,Air Conditioning,1,-2.3613903,29.7751816,2.29,3.5,0,1,Nyanza,1
-1.901551,30.047339,Bodywork,1,-1.841523,30.097678,8.71,4.3,0,1,Gasabo,0
-2.009746,30.442768,Oil Change,1,-1.967429,30.495145,7.48,4.1,0,1,Rwamagana,1
-2.608924,29.70504,Brake System,1,-2.6044301,29.7392742,3.84,2.5,1,0,Huye,0
-1.551857,29.699277,Suspension & Steering,3,-1.460013,29.6882,10.29,4.6,0,0,Musanze,0
-2.270778,30.634906,Transmission Repair,1,-2.097517,30.743608,22.74,4.5,0,0,Kirehe,0
-2.650752,29.798286,Air Conditioning,3,-2.5994362,29.7614694,7.02,4.7,0,1,Huye,1
-2.339595,29.665085,Diagnostic Scanning,1,-2.333635,29.79254,14.18,4.9,0,0,Nyanza,1
-2.224556,30.503275,Exhaust System,3,-2.101238,30.579155,16.1,4.6,0,0,Ngoma,1
-1.498566,29.563255,Air Conditioning,1,-1.505581,29.599966,4.15,4.2,0,1,Musanze,1
-2.398029,29.746637,Welding,3,-2.293352,29.786364,12.45,4.6,0,1,Nyanza,0
-2.580535,29.804723,Diagnostic Scanning,1,-2.5977211,29.732812,8.21,4.4,0,1,Huye,0
-2.541576,29.71968,Diagnostic Scanning,1,-2.581078,29.738178,4.85,4.5,0,1,Huye,0
-2.275661,30.612449,Tire & Wheel,1,-2.1206132,30.7189396,20.91,4.0,1,1,Kirehe,0
-2.425822,29.817768,Oil Change,1,-2.306407,29.79076,13.61,4.5,0,1,Nyanza,1
-1.855528,30.078066,Suspension & Steering,3,-1.916405,30.045077,7.7,4.6,0,1,Gasabo,0
-1.664356,29.224006,Tire & Wheel,3,-1.63987,29.315641,10.54,4.1,0,0,Rubavu,0
-1.925574,30.457799,Welding,3,-1.965902,30.456713,4.49,4.7,0,0,Rwamagana,1
-2.403407,30.735453,Air Conditioning,1,-2.148653,30.822773,29.94,4.9,0,1,Kirehe,0
-1.646991,30.075834,Tire & Wheel,1,-1.631804,30.01725,6.73,4.4,0,0,Gicumbi,1
-2.416624,29.663286,Diagnostic Scanning,1,-2.360534,29.66212,6.24,4.0,0,0,Nyanza,1
-2.364594,30.685125,Electrical Systems,1,-2.0602844,30.7000675,33.88,3.8,0,1,Kirehe,0
-2.118583,30.521503,Bodywork,1,-2.153384,30.612463,10.82,4.5,0,0,Ngoma,1
-1.953179,30.03188,Exhaust System,1,-1.930419,30.048724,3.15,4.4,0,1,Gasabo,1
-1.891613,30.091804,Transmission Repair,3,-1.911204,30.149221,6.74,3.7,1,1,Gasabo,1
-2.005424,30.131077,Suspension & Steering,1,-1.972884,30.083138,6.44,3.5,0,0,Kicukiro,0
-1.543538,29.974082,Electrical Systems,1,-1.581167,30.159416,21.02,3.5,0,1,Gicumbi,0
-2.578377,29.728482,Exhaust System,1,-2.6167581,29.7743066,6.64,4.8,0,1,Huye,0
-1.801649,30.078813,Engine Repair,1,-1.678607,29.92827,21.61,4.4,0,0,Rulindo,0
-1.641024,30.086476,Oil Change,3,-1.567115,30.12574,9.31,4.5,0,1,Gicumbi,1
-2.428227,29.7741,Welding,3,-2.359908,29.685041,12.47,3.1,0,0,Nyanza,1
-1.799835,30.025925,Tire & Wheel,3,-1.719245,29.969576,10.93,3.8,0,1,Rulindo,1
-1.45045,29.68666,Suspension & Steering,1,-1.414488,29.701608,4.33,4.6,1,0,Musanze,0
-2.20478,30.16561,Transmission Repair,1,-2.028209,30.307839,25.2,4.6,0,0,Bugesera,0
-1.642603,30.094878,Engine Repair,1,-1.560298,30.112027,9.35,3.3,0,1,Gicumbi,1
-1.952452,30.724385,Diagnostic Scanning,3,-1.8926945,30.4857239,27.34,3.4,0,0,Kayonza,0
-1.571339,30.046946,Exhaust System,3,-1.555584,30.074801,3.56,4.9,0,0,Gicumbi,0
-1.994609,30.408428,Welding,1,-1.976494,30.470307,7.17,4.4,0,1,Rwamagana,1
-1.946725,30.057344,Exhaust System,1,-1.918523,30.073677,3.62,3.7,0,1,Nyarugenge,1
-2.230951,30.198072,Brake System,3,-1.968438,30.345807,33.49,4.7,1,0,Bugesera,0
-2.207104,30.569881,Oil Change,1,-2.1320201,30.5753448,8.37,5.0,0,1,Ngoma,1
-1.949048,30.433925,Air Conditioning,1,-1.96439,30.472607,4.62,5.0,1,1,Rwamagana,1
-1.596719,30.138604,Electrical Systems,3,-1.515896,30.12556,9.1,4.0,0,0,Gicumbi,0
-1.531015,30.076619,Bodywork,1,-1.474268,30.149341,10.25,4.3,0,0,Gicumbi,1
-1.801719,30.060045,Suspension & Steering,1,-1.7227354,30.0318659,9.32,4.2,0,0,Rulindo,1
-2.428169,30.58278,Transmission Repair,1,-2.0650157,30.6485751,41.04,3.2,1,0,Kirehe,0
-2.109595,30.430231,Electrical Systems,3,-2.124045,30.558367,14.33,3.3,0,1,Ngoma,1
-1.95675,30.144973,Tire & Wheel,1,-1.920933,30.041179,12.2,4.7,0,1,Kicukiro,1
-1.513057,30.090143,Air Conditioning,1,-1.475865,30.087853,4.14,4.4,0,1,Gicumbi,1
-1.929547,30.62496,Exhaust System,1,-1.9267787,30.5382392,9.64,4.9,0,0,Kayonza,1
-2.054206,29.796244,Transmission Repair,1,-2.067516,29.765222,3.75,3.8,0,0,Muhanga,1
-1.853757,30.052772,Diagnostic Scanning,3,-1.898494,30.038889,5.21,4.0,0,1,Gasabo,0
-1.706832,29.993897,Tire & Wheel,1,-1.7325187,29.949115,5.74,4.7,0,1,Rulindo,0
-1.940029,30.473216,Brake System,1,-1.967439,30.446906,4.22,4.2,1,0,Rwamagana,1
-1.978645,30.461375,Air Conditioning,1,-1.91298,30.464147,7.31,4.6,0,1,Rwamagana,0
-1.786635,30.133164,Exhaust System,1,-1.672229,29.954401,23.59,4.0,0,1,Rulindo,0
-1.441841,29.62965,Transmission Repair,1,-1.467018,29.556444,8.61,3.0,0,0,Musanze,1
-1.584271,30.050132,Oil Change,3,-1.5953404,30.0430319,1.46,4.6,0,1,Gicumbi,1
-2.347617,30.72295,Suspension & Steering,1,-2.1473727,30.6347511,24.33,4.2,0,0,Kirehe,0
-1.509809,29.98261,Air Conditioning,1,-1.550848,30.100432,13.87,4.3,0,1,Gicumbi,1
-1.86718,30.123372,Diagnostic Scanning,1,-1.975999,30.033441,15.69,4.5,0,0,Gasabo,1
-2.163386,30.408657,Suspension & Steering,3,-2.148087,30.594599,20.73,4.8,1,1,Ngoma,0
-1.516658,29.607756,Tire & Wheel,1,-1.419764,29.6898,14.12,3.5,0,1,Musanze,0
-2.103287,30.447515,Air Conditioning,1,-2.1827878,30.5906203,18.19,4.5,0,1,Ngoma,1
-1.567832,29.668514,Suspension & Steering,3,-1.511325,29.570984,12.53,4.9,1,0,Musanze,1
-2.285474,29.819323,Engine Repair,1,-2.362675,29.7734718,9.98,4.6,0,0,Nyanza,1
-1.942924,30.077888,Exhaust System,1,-2.029089,30.150663,12.54,4.2,0,0,Kicukiro,1
-1.854002,30.136348,Suspension & Steering,1,-1.902239,30.064157,9.65,4.3,0,0,Gasabo,0
-1.695668,29.197483,Electrical Systems,3,-1.625924,29.327648,16.42,3.8,0,0,Rubavu,0
-1.863686,30.686098,Brake System,3,-1.883962,30.616666,8.04,4.5,0,1,Kayonza,0
-2.166915,30.503196,Bodywork,1,-2.2208061,30.5347652,6.94,4.0,0,0,Ngoma,1
-1.964999,30.732416,Welding,3,-1.88031,30.605774,16.93,4.2,0,1,Kayonza,1
-2.650275,29.670768,Oil Change,3,-2.5999879,29.7166189,7.56,3.6,0,0,Huye,1
-2.08576,30.555377,Exhaust System,1,-2.14613,30.554254,6.71,4.9,0,1,Ngoma,0
-2.212597,30.480622,Electrical Systems,1,-2.079671,30.424806,16.03,4.2,1,0,Ngoma,1
-1.632859,30.097164,Engine Repair,1,-1.529969,30.137899,12.3,4.6,1,1,Gicumbi,0
-2.160058,30.136558,Welding,1,-2.07584,30.146684,9.43,3.5,0,1,Bugesera,1
-2.365609,29.727961,Brake System,1,-2.331634,29.815177,10.4,4.8,0,1,Nyanza,1
-1.774755,30.000369,Transmission Repair,1,-1.7715599,29.9279208,8.06,4.5,0,1,Rulindo,1
-2.246943,30.255579,Diagnostic Scanning,1,-2.113948,30.139383,19.63,3.3,0,0,Bugesera,0
-2.208595,30.085421,Suspension & Steering,1,-2.27997,30.1142174,8.56,4.9,1,0,Bugesera,1
-1.954484,30.142414,Oil Change,1,-1.983486,30.083209,7.33,5.0,1,0,Kicukiro,1
-1.940991,30.080059,Welding,1,-1.981186,30.028353,7.28,4.4,0,0,Nyarugenge,1
-1.989577,30.13595,Air Conditioning,3,-1.932769,30.082981,8.63,4.4,0,1,Kicukiro,1
-2.23969,30.487803,Suspension & Steering,1,-2.07324,30.612343,23.11,4.8,0,1,Ngoma,0
-2.003538,30.058623,Air Conditioning,3,-2.033629,30.138399,9.48,4.4,1,1,Kicukiro,1
-2.018887,30.462223,Bodywork,1,-1.955521,30.488478,7.63,4.9,1,0,Rwamagana,0
-1.851417,30.082842,Oil Change,3,-1.883142,30.105502,4.33,4.5,0,0,Gasabo,0
-1.713067,30.118752,Electrical Systems,1,-1.7417125,29.9976944,13.83,4.6,0,0,Rulindo,1
-1.97078,30.035056,Engine Repair,1,-1.9403558,30.0402961,3.43,4.6,0,0,Nyarugenge,0
-2.082024,30.119688,Exhaust System,3,-1.988029,30.360123,28.69,4.5,0,0,Bugesera,0
-1.992325,30.149333,Bodywork,1,-1.9711366,30.1150677,4.48,4.6,0,0,Kicukiro,0
-2.226146,30.506156,Diagnostic Scanning,1,-2.2290239,30.5068113,0.33,4.7,1,1,Ngoma,1
-2.027573,30.068043,Engine Repair,1,-2.0396574,30.1015643,3.96,3.8,0,1,Kicukiro,1
-1.851288,30.651877,Tire & Wheel,3,-1.871695,30.649363,2.29,4.9,0,0,Kayonza,1
-1.7486,30.082192,Suspension & Steering,3,-1.739082,29.923696,17.65,3.8,0,0,Rulindo,0
-1.925721,30.07842,Suspension & Steering,1,-1.933594,30.092091,1.75,3.3,0,1,Nyarugenge,1
-1.926928,30.485193,Exhaust System,1,-1.936323,30.467058,2.27,4.0,0,0,Rwamagana,1
-1.946016,30.732202,Engine Repair,1,-1.872261,30.604078,16.43,4.2,0,0,Kayonza,0
-2.017321,29.721348,Electrical Systems,1,-2.051502,29.753573,5.22,4.6,0,0,Muhanga,1
-2.343364,29.730147,Welding,1,-2.407182,29.755995,7.66,4.8,0,1,Nyanza,0
-1.460069,29.633936,Bodywork,1,-1.491826,29.686466,6.82,4.5,0,0,Musanze,0
-1.621063,30.126505,Bodywork,1,-1.571645,29.967759,18.48,3.8,0,0,Gicumbi,0
-1.80397,30.107867,Engine Repair,1,-1.738871,29.900314,24.18,4.3,0,0,Rulindo,0
-2.367578,29.744961,Suspension & Steering,1,-2.3329099,29.7456807,3.86,4.2,0,1,Nyanza,1
-1.969993,30.067157,Electrical Systems,1,-1.9358987,30.0407576,4.79,4.1,0,1,Nyarugenge,1
-1.56639,29.609828,Electrical Systems,1,-1.467841,29.614911,10.97,4.7,1,0,Musanze,0
-2.106012,30.529895,Brake System,1,-2.1913191,30.5656437,10.28,4.5,1,0,Ngoma,1
-2.561126,29.68507,Welding,3,-2.536608,29.766185,9.41,4.7,0,0,Huye,1
-1.741086,29.285198,Electrical Systems,1,-1.695089,29.330802,7.2,4.6,0,1,Rubavu,1
-1.507095,29.986207,Tire & Wheel,1,-1.535314,30.149256,18.39,4.5,0,0,Gicumbi,1
-2.077317,29.775733,Brake System,3,-2.052853,29.705449,8.27,4.8,0,0,Muhanga,1
-2.357292,29.762151,Air Conditioning,3,-2.3212618,29.7362774,4.93,4.6,0,0,Nyanza,1
-2.22711,30.135113,Tire & Wheel,1,-2.2786965,30.2535257,14.35,4.6,0,1,Bugesera,1
-2.015529,29.707888,Bodywork,1,-2.033808,29.663468,5.34,3.5,1,1,Muhanga,1
-2.420666,29.665625,Tire & Wheel,1,-2.366064,29.801512,16.27,4.1,0,0,Nyanza,1
-2.643178,29.755149,Suspension & Steering,1,-2.59079,29.688595,9.41,4.6,0,1,Huye,0
-1.807176,30.035879,Transmission Repair,1,-1.729718,29.971998,11.16,4.7,0,0,Rulindo,1
-1.921561,30.030829,Welding,1,-1.975229,30.075399,7.76,3.8,0,0,Gasabo,1
-2.062793,29.780148,Electrical Systems,1,-2.005765,29.66891,13.89,3.6,0,0,Muhanga,1
-2.124105,29.80896,Welding,3,-2.046214,29.72152,13.02,4.6,1,0,Muhanga,0
-1.469554,29.559064,Brake System,1,-1.493964,29.552088,2.82,4.5,0,0,Musanze,1
-2.317159,29.709743,Welding,3,-2.357959,29.761279,7.31,4.5,0,1,Nyanza,1
-1.748951,30.090737,Suspension & Steering,3,-1.693356,29.937343,18.14,4.3,0,0,Rulindo,1
-2.534629,29.694427,Transmission Repair,1,-2.576357,29.741828,7.02,3.6,1,0,Huye,1
-1.965199,30.560958,Brake System,1,-1.910482,30.647682,11.4,4.9,0,1,Kayonza,0
-1.438519,29.681162,Exhaust System,1,-1.494792,29.698269,6.54,4.7,0,0,Musanze,1
-1.938795,30.103378,Bodywork,1,-2.026186,30.043452,11.78,4.1,0,1,Kicukiro,1
-2.378262,29.667427,Transmission Repair,3,-2.313418,29.731911,10.16,4.6,1,0,Nyanza,1
-1.614477,29.259388,Oil Change,1,-1.729087,29.284053,13.04,3.5,0,0,Rubavu,0
-1.566967,30.108831,Engine Repair,1,-1.576485,30.134964,3.09,4.5,0,1,Gicumbi,0
-1.943063,30.110188,Brake System,1,-1.982256,30.156167,6.72,3.7,0,1,Gasabo,1
-1.901063,30.361216,Engine Repair,3,-1.969241,30.492501,16.44,4.4,0,1,Rwamagana,1
-1.976368,30.052684,Bodywork,3,-1.927795,30.016984,6.7,3.3,0,0,Nyarugenge,1
-2.256279,30.677076,Electrical Systems,1,-2.135932,30.737026,14.95,4.6,0,0,Kirehe,1
-1.546059,29.579534,Oil Change,3,-1.418626,29.622804,14.96,4.5,0,0,Musanze,1
-1.944792,30.09137,Engine Repair,1,-1.945434,30.097423,0.68,4.4,0,1,Gasabo,1
-2.553126,29.724575,Diagnostic Scanning,3,-2.5948877,29.7528225,5.6,4.4,0,1,Huye,0
-1.987109,30.035327,Bodywork,3,-1.9472469,30.0660465,5.59,4.5,0,0,Nyarugenge,0
-1.698289,30.047663,Oil Change,1,-1.68188,29.981653,7.56,4.3,0,1,Rulindo,0
-1.563077,29.565209,Exhaust System,3,-1.4825658,29.6900726,16.52,3.4,0,1,Musanze,0
-1.851356,30.670272,Transmission Repair,1,-1.881045,30.5277798,16.18,4.2,0,1,Kayonza,0
-1.499948,29.574502,Diagnostic Scanning,3,-1.505715,29.719514,16.13,4.1,0,0,Musanze,0
-2.149891,30.410789,Transmission Repair,1,-2.153883,30.545103,14.93,4.8,0,1,Ngoma,1
-2.258394,30.144706,Oil Change,3,-2.027392,30.32287,32.43,4.5,0,0,Bugesera,0
-1.969931,30.119338,Bodywork,1,-1.9262855,30.1085823,5.0,4.9,1,0,Gasabo,1
-1.612013,29.187036,Bodywork,1,-1.686774,29.25582,11.29,3.2,0,0,Rubavu,1
-1.871506,30.103797,Oil Change,1,-1.968289,30.081496,11.04,4.9,0,1,Gasabo,1
-2.229516,30.131536,Oil Change,3,-2.2482014,30.1560827,3.43,3.2,0,1,Bugesera,0
-1.94716,30.136196,Engine Repair,1,-1.96302,30.170089,4.16,5.0,0,0,Kicukiro,1
-1.59931,29.997498,Diagnostic Scanning,1,-1.6421197,30.0632445,8.72,5.0,0,0,Gicumbi,1
-1.560377,29.653432,Exhaust System,1,-1.488348,29.631626,8.37,3.0,0,0,Musanze,1
-1.971969,30.08428,Suspension & Steering,1,-1.9428246,30.0540953,4.66,4.2,1,0,Nyarugenge,1
-2.105303,30.539277,Brake System,1,-2.158189,30.58648,7.88,4.3,0,0,Ngoma,1
-1.805277,30.663453,Bodywork,1,-1.974998,30.605006,19.96,3.3,0,1,Kayonza,0
-1.729392,29.991694,Diagnostic Scanning,1,-1.727405,29.966671,2.79,4.3,0,0,Rulindo,1
-1.946489,30.081012,Diagnostic Scanning,3,-1.986811,30.083488,4.49,3.3,0,0,Nyarugenge,1
-1.928228,30.471537,Bodywork,1,-1.92839,30.454887,1.85,4.6,0,0,Rwamagana,0
-1.891065,30.391568,Oil Change,1,-1.92941,30.506109,13.42,4.2,0,0,Rwamagana,0
-2.00979,30.121254,Brake System,1,-1.997814,30.118618,1.36,4.0,0,0,Kicukiro,1
-1.970084,30.120854,Exhaust System,1,-1.945722,30.17029,6.13,3.0,1,1,Kicukiro,0
-1.560514,30.107539,Suspension & Steering,1,-1.5768,30.072673,4.28,4.4,0,0,Gicumbi,0
-2.275382,30.589382,Engine Repair,1,-2.135399,30.79798,27.92,3.7,0,0,Kirehe,0
-1.708559,30.132421,Brake System,3,-1.6801117,30.0220481,12.67,3.4,0,1,Rulindo,1
-2.18117,30.45498,Brake System,1,-2.1624767,30.5013159,5.55,4.5,0,1,Ngoma,1
-2.138433,30.474317,Brake System,3,-2.1597848,30.5783745,11.8,4.5,0,0,Ngoma,1
-1.863046,30.049561,Brake System,3,-1.859006,30.100998,5.73,3.7,1,0,Gasabo,1
-2.333866,30.677065,Brake System,1,-2.100916,30.738693,26.79,4.6,1,1,Kirehe,0
-1.650858,30.144338,Suspension & Steering,1,-1.62558,29.956513,21.07,3.8,0,0,Gicumbi,0
-2.576968,29.674699,Air Conditioning,1,-2.635673,29.75702,11.24,3.7,0,1,Huye,1
-1.948804,30.370528,Engine Repair,1,-1.975238,30.496045,14.26,4.5,0,0,Rwamagana,1
-2.307465,30.659883,Air Conditioning,1,-2.259683,30.623598,6.67,3.7,0,0,Kirehe,1
-1.864676,30.059966,Engine Repair,1,-1.875718,30.043282,2.22,3.6,1,0,Gasabo,0
-2.18878,30.449099,Engine Repair,1,-2.154884,30.596034,16.76,4.2,0,0,Ngoma,1
-1.921143,30.48644,Tire & Wheel,1,-1.918689,30.449011,4.17,4.4,0,0,Rwamagana,1
-1.723306,29.305818,Suspension & Steering,1,-1.7057215,29.2929597,2.42,4.1,1,1,Rubavu,1
-1.932958,30.029254,Engine Repair,3,-1.902937,30.065973,5.27,4.5,1,1,Gasabo,0
-2.10621,30.108214,Exhaust System,1,-2.175758,30.166688,10.1,4.3,0,0,Bugesera,1
-1.492181,29.550712,Oil Change,3,-1.512741,29.632176,9.34,3.0,0,0,Musanze,1
-2.530792,29.784006,Suspension & Steering,3,-2.659603,29.790417,14.34,4.2,0,0,Huye,0
-2.117539,30.485787,Diagnostic Scanning,1,-2.108761,30.610667,13.91,4.9,0,0,Ngoma,1
-2.565758,29.688806,Bodywork,1,-2.637027,29.79993,14.67,3.8,1,1,Huye,0
-1.526314,29.623545,Tire & Wheel,1,-1.492962,29.57411,6.63,4.0,0,0,Musanze,1
-2.179905,30.088619,Brake System,3,-2.117103,30.215214,15.7,4.3,0,0,Bugesera,0
-1.666902,29.952015,Tire & Wheel,1,-1.556026,30.079545,18.79,4.8,0,0,Gicumbi,0
-2.100249,29.76926,Oil Change,1,-2.035464,29.735086,8.14,4.5,0,0,Muhanga,1
-1.674689,29.295644,Oil Change,1,-1.71686,29.319887,5.41,3.3,0,1,Rubavu,1
-2.020594,30.148442,Transmission Repair,1,-2.026824,30.124522,2.75,4.7,0,0,Kicukiro,0
-1.657214,29.197715,Tire & Wheel,1,-1.6908246,29.2643907,8.3,3.0,0,1,Rubavu,0
-1.884862,30.125855,Suspension & Steering,1,-1.901839,30.030727,10.74,4.6,0,0,Gasabo,0
-2.419862,29.704968,Exhaust System,1,-2.428023,29.707844,0.96,3.2,0,0,Nyanza,1
-1.667613,30.14721,Suspension & Steering,1,-1.478087,30.088755,22.05,4.7,0,1,Gicumbi,0
-2.130634,30.572613,Transmission Repair,1,-2.119246,30.59503,2.79,3.0,0,0,Ngoma,1
-2.103594,30.222849,Electrical Systems,1,-2.001146,30.307566,14.78,3.8,0,0,Bugesera,0
-1.909725,30.612513,Tire & Wheel,3,-1.9392586,30.5266075,10.1,4.4,0,1,Kayonza,1
-1.704529,29.239121,Suspension & Steering,1,-1.596709,29.349067,17.12,4.0,0,1,Rubavu,1
-2.19881,30.149349,Suspension & Steering,1,-2.151097,30.164997,5.58,4.2,0,0,Bugesera,1
-1.914317,30.589762,Engine Repair,3,-1.841599,30.558902,8.78,3.3,0,0,Kayonza,1
-1.951527,30.072658,Air Conditioning,1,-1.9412806,30.0777624,1.27,4.0,0,1,Nyarugenge,1
-1.884651,30.049323,Tire & Wheel,1,-1.88039,30.092069,4.77,4.6,0,0,Gasabo,0
-2.185316,30.428285,Tire & Wheel,1,-2.073088,30.466976,13.2,3.4,0,1,Ngoma,0
-1.898758,30.736282,Welding,1,-1.9489515,30.5036467,26.45,4.8,0,0,Kayonza,0
-1.70898,29.296018,Welding,1,-1.602454,29.282497,11.94,3.9,0,0,Rubavu,1
-1.979082,30.054393,Suspension & Steering,1,-1.953439,30.134266,9.32,3.8,0,0,Kicukiro,0
-2.261655,30.58857,Brake System,3,-2.1517312,30.7104943,18.25,3.4,1,1,Kirehe,0
-1.893789,30.120079,Electrical Systems,1,-1.867223,30.054389,7.88,4.4,0,0,Gasabo,0
-2.124984,30.093979,Tire & Wheel,1,-2.1046991,30.2436683,16.79,4.8,0,0,Bugesera,0
-2.39444,29.709892,Air Conditioning,1,-2.296801,29.694229,11.0,3.5,0,1,Nyanza,1
-2.008543,30.062921,Suspension & Steering,3,-1.966278,30.145393,10.3,5.0,0,0,Kicukiro,0
-1.484862,29.982386,Diagnostic Scanning,1,-1.564099,30.083709,14.3,3.8,0,0,Gicumbi,0
-1.928936,30.440761,Bodywork,1,-1.97846,30.450587,5.61,4.6,0,1,Rwamagana,1
-1.929893,30.07308,Tire & Wheel,1,-1.930138,30.089554,1.83,4.1,0,0,Nyarugenge,0
-1.600085,29.330702,Engine Repair,3,-1.712824,29.240397,16.06,3.2,0,0,Rubavu,0
-1.666545,30.089566,Bodywork,3,-1.690982,29.916101,19.47,4.8,0,1,Rulindo,1
-2.14347,30.402689,Exhaust System,1,-2.114734,30.559798,17.75,3.3,0,1,Ngoma,0
-2.360085,29.759803,Engine Repair,3,-2.332221,29.7764878,3.61,4.9,0,0,Nyanza,0
-1.603572,30.044256,Tire & Wheel,1,-1.492843,30.130355,15.59,4.2,0,1,Gicumbi,0
-1.966369,30.092831,Suspension & Steering,1,-1.978574,30.089783,1.4,4.2,1,0,Kicukiro,0
-2.128912,30.060255,Exhaust System,1,-2.004971,30.299141,29.91,4.5,0,1,Bugesera,0
-2.666741,29.766642,Brake System,1,-2.662542,29.683826,9.21,4.0,0,1,Huye,0
-1.902474,30.384222,Transmission Repair,1,-1.910745,30.420529,4.14,3.8,0,0,Rwamagana,0
-2.237511,30.469855,Oil Change,1,-2.135464,30.608591,19.14,4.0,0,1,Ngoma,0
-1.932827,30.138365,Air Conditioning,3,-1.933145,30.156672,2.03,4.0,0,1,Kicukiro,0
-1.95223,30.473794,Bodywork,3,-1.947115,30.472398,0.59,4.3,0,0,Rwamagana,1
-2.326991,30.736374,Bodywork,1,-2.33618,30.57743,17.69,3.5,1,1,Kirehe,0
-1.922434,30.140212,Diagnostic Scanning,1,-1.915701,30.017464,13.66,4.2,0,1,Gasabo,1
-2.423099,29.743962,Bodywork,1,-2.3665111,29.725639,6.61,3.8,0,0,Nyanza,0
-1.434841,29.599805,Bodywork,1,-1.5366732,29.6589659,13.09,4.2,0,1,Musanze,0
-2.646312,29.77438,Air Conditioning,1,-2.578961,29.729915,8.97,4.3,0,0,Huye,1
-2.329735,30.601503,Electrical Systems,1,-2.261468,30.732088,16.37,4.2,0,0,Kirehe,0
-2.111524,30.492778,Exhaust System,1,-2.156148,30.576209,10.52,4.4,0,1,Ngoma,1
-1.543925,29.571167,Suspension & Steering,3,-1.542587,29.715739,16.07,4.0,0,1,Musanze,1
-2.311954,30.715663,Exhaust System,1,-2.161073,30.824828,20.7,4.1,0,0,Kirehe,0
-1.648485,29.312716,Suspension & Steering,3,-1.642326,29.264589,5.39,3.3,0,0,Rubavu,0
-1.880549,30.680082,Bodywork,3,-1.934166,30.579354,12.68,3.8,0,1,Kayonza,1
-1.649322,29.979991,Diagnostic Scanning,1,-1.531284,30.054977,15.55,3.7,0,0,Gicumbi,1
-1.920504,30.067833,Suspension & Steering,3,-1.980846,30.01421,8.97,4.6,0,0,Nyarugenge,1
-1.662759,30.144087,Diagnostic Scanning,1,-1.577606,30.080016,11.85,4.5,0,0,Gicumbi,1
-2.637441,29.806495,Exhaust System,3,-2.527315,29.726118,15.15,3.8,0,0,Huye,1
-2.036635,29.819852,Engine Repair,3,-2.034153,29.723249,10.74,4.6,0,0,Muhanga,0
-1.928757,30.399837,Engine Repair,3,-1.970024,30.484788,10.5,4.6,0,0,Rwamagana,1
-1.604624,30.139454,Exhaust System,1,-1.504819,30.118448,11.34,4.6,1,0,Gicumbi,0
-2.175292,30.467188,Exhaust System,1,-2.093128,30.606728,18.0,3.7,0,1,Ngoma,0
-1.934277,30.064136,Tire & Wheel,1,-1.953262,30.035047,3.86,4.7,0,0,Gasabo,0
-1.989159,30.049884,Welding,1,-1.964018,30.026216,3.84,4.2,0,0,Nyarugenge,1
-2.070289,30.497675,Exhaust System,1,-2.2080239,30.5206412,15.53,5.0,0,1,Ngoma,1
-2.183773,30.413304,Welding,1,-2.15467,30.571038,17.82,4.9,1,0,Ngoma,1
-2.007551,30.059046,Oil Change,1,-1.9692396,30.0982709,6.09,4.8,0,0,Kicukiro,1
-2.400567,30.624365,Air Conditioning,3,-2.169676,30.796657,32.02,4.3,1,1,Kirehe,0
-1.808237,30.142023,Exhaust System,3,-1.703085,29.925901,26.71,4.2,0,0,Rulindo,0
-1.924022,30.130543,Electrical Systems,1,-1.963925,30.0575,9.25,3.3,0,0,Gasabo,1
-2.00508,30.427705,Diagnostic Scanning,1,-1.921979,30.421325,9.27,4.3,0,1,Rwamagana,1
-2.592025,29.699448,Suspension & Steering,3,-2.542014,29.740698,7.21,4.6,1,0,Huye,1
-1.917029,30.455388,Diagnostic Scanning,3,-1.940176,30.43317,3.57,3.3,0,0,Rwamagana,1
-2.432593,29.661258,Diagnostic Scanning,3,-2.368687,29.7213173,9.75,4.9,0,1,Nyanza,1
-1.447937,29.601449,Diagnostic Scanning,3,-1.57373,29.69707,17.57,3.7,0,0,Musanze,0
-1.497032,29.697333,Welding,1,-1.5440415,29.5885076,13.18,4.2,0,0,Musanze,1
-1.808643,29.998983,Air Conditioning,1,-1.732134,29.978429,8.81,4.1,1,0,Rulindo,1
-2.575365,29.736654,Electrical Systems,1,-2.573186,29.745223,0.98,4.5,0,1,Huye,1
-2.016392,29.677054,Bodywork,1,-2.078586,29.669241,6.97,3.4,0,0,Muhanga,1
-1.703784,29.23442,Exhaust System,1,-1.6760453,29.2745508,5.42,4.3,1,1,Rubavu,0
-1.68197,29.306492,Brake System,3,-1.718531,29.314456,4.16,3.5,0,1,Rubavu,1
-1.930441,30.026717,Exhaust System,1,-1.912198,30.056908,3.92,3.7,0,0,Nyarugenge,1
-1.670284,29.240014,Bodywork,3,-1.647794,29.300171,7.14,5.0,0,1,Rubavu,1
-2.410605,30.741623,Transmission Repair,1,-2.152914,30.75884,28.72,3.8,1,0,Kirehe,0
-1.435006,29.682223,Tire & Wheel,1,-1.540736,29.623336,13.46,3.8,0,1,Musanze,1
-1.943596,30.65067,Air Conditioning,1,-1.898898,30.677487,5.8,4.4,0,1,Kayonza,1
-1.998209,30.138739,Tire & Wheel,3,-1.953681,30.133392,4.99,4.7,0,0,Kicukiro,1
-2.639208,29.76614,Air Conditioning,1,-2.623291,29.812718,5.47,4.4,0,1,Huye,1
-1.565776,29.667179,Electrical Systems,1,-1.459401,29.570658,15.97,4.6,0,0,Musanze,1
-1.537813,30.124608,Brake System,3,-1.6400699,30.0013504,17.8,4.5,0,1,Gicumbi,1
-1.482462,29.584029,Electrical Systems,3,-1.5233297,29.600232,4.89,3.7,0,0,Musanze,1
-1.964646,30.035657,Diagnostic Scanning,1,-1.944054,30.12043,9.7,5.0,1,0,Gasabo,1
-1.943615,30.042857,Welding,1,-1.972796,30.084866,5.69,4.1,0,0,Nyarugenge,1
-2.124911,29.821773,Brake System,1,-2.129046,29.745145,8.53,3.8,1,0,Muhanga,1
-2.003366,30.402674,Suspension & Steering,1,-2.003496,30.361514,4.57,4.0,0,0,Rwamagana,0
-2.669937,29.798933,Engine Repair,1,-2.588537,29.755454,10.26,3.0,0,0,Huye,1
-2.412162,30.692845,Exhaust System,1,-2.124618,30.772745,33.18,4.7,0,0,Kirehe,0
-2.556731,29.761194,Diagnostic Scanning,3,-2.527098,29.692753,8.29,4.6,0,0,Huye,1
-2.036898,29.7374,Electrical Systems,1,-2.0857684,29.7551403,5.78,3.7,0,1,Muhanga,0
-2.303701,30.672317,Exhaust System,3,-2.152376,30.819444,23.46,3.5,1,1,Kirehe,0
-1.567692,29.991112,Welding,3,-1.560833,30.05381,7.01,4.9,0,0,Gicumbi,1
-1.52264,29.551486,Bodywork,3,-1.478991,29.6541367,12.4,4.5,0,0,Musanze,1
-1.894875,30.560498,Exhaust System,1,-1.91,30.515,5.33,4.2,0,1,Kayonza,1
-2.327355,29.749944,Oil Change,1,-2.360474,29.778666,4.87,4.4,0,1,Nyanza,1
-1.649037,29.180002,Air Conditioning,3,-1.6876838,29.3320448,17.44,4.5,0,0,Rubavu,1
-2.304277,30.714522,Welding,1,-2.0777758,30.6368778,26.62,4.0,0,1,Kirehe,0
-1.919522,30.452822,Air Conditioning,3,-1.969794,30.461309,5.67,4.2,0,1,Rwamagana,0
-2.566457,29.771413,Brake System,1,-2.666857,29.732633,11.97,4.3,0,1,Huye,0
-2.041919,29.681843,Welding,1,-2.1072065,29.7792658,13.03,4.6,0,0,Muhanga,0
-2.174998,30.494967,Bodywork,1,-2.150617,30.566731,8.42,4.8,0,0,Ngoma,1
-2.292729,30.630247,Suspension & Steering,1,-2.101957,30.797041,28.17,4.2,1,0,Kirehe,0
-1.829339,30.604881,Bodywork,3,-1.9336165,30.4640996,19.47,5.0,1,1,Kayonza,1
-1.905082,30.384799,Bodywork,1,-1.9239,30.498438,12.8,3.5,0,1,Rwamagana,1
-1.921871,30.060941,Brake System,1,-1.9231028,30.1298657,7.66,3.2,0,0,Gasabo,1
-2.66953,29.702971,Oil Change,1,-2.539098,29.809497,18.72,2.5,0,0,Huye,0
-2.183548,30.5414,Suspension & Steering,1,-2.2020158,30.5602556,2.93,5.0,0,1,Ngoma,1
-2.260526,30.13779,Oil Change,3,-2.047945,30.292141,29.2,4.9,0,1,Bugesera,0
-1.915548,30.078217,Exhaust System,1,-1.933957,30.025706,6.18,4.0,0,0,Nyarugenge,1
-1.931784,30.141016,Bodywork,3,-1.958678,30.164404,3.96,4.5,0,0,Kicukiro,0
-1.649347,29.229049,Air Conditioning,1,-1.6565851,29.2254639,0.9,3.0,0,1,Rubavu,0
-1.667886,30.05572,Engine Repair,3,-1.726884,29.975343,11.08,5.0,0,1,Rulindo,1
-1.487186,30.117348,Electrical Systems,1,-1.6642541,30.0768634,20.2,4.2,0,0,Gicumbi,0
-1.884702,30.369308,Bodywork,1,-1.955655,30.46525,13.26,3.2,0,1,Rwamagana,1
-2.62788,29.729409,Air Conditioning,1,-2.6059479,29.7559827,3.83,4.2,1,1,Huye,1
-1.504299,29.596636,Suspension & Steering,1,-1.449392,29.544759,8.4,4.3,0,0,Musanze,1
-2.389816,30.695373,Electrical Systems,1,-2.090509,30.728874,33.49,3.7,0,0,Kirehe,0
-1.921859,30.063296,Electrical Systems,1,-1.997479,30.014398,10.01,3.5,0,0,Nyarugenge,1
-1.549937,29.571495,Electrical Systems,1,-1.56326,29.709981,15.46,4.4,0,0,Musanze,0
-2.106049,30.484444,Exhaust System,1,-2.091933,30.610098,14.05,4.9,0,1,Ngoma,1
-2.532262,29.763982,Electrical Systems,1,-2.628211,29.734943,11.15,3.7,0,0,Huye,0
-2.278047,30.648874,Engine Repair,1,-2.120646,30.792384,23.68,4.8,0,1,Kirehe,0
-2.394085,30.603325,Bodywork,1,-2.150546,30.737813,30.93,4.7,1,1,Kirehe,0
-1.667546,30.132675,Brake System,1,-1.7248698,30.0141288,14.64,4.9,0,1,Rulindo,1
-2.419874,29.708835,Transmission Repair,1,-2.333962,29.781719,12.52,4.8,0,0,Nyanza,0
-1.51917,30.119198,Exhaust System,1,-1.480357,30.114061,4.35,4.1,0,0,Gicumbi,1
-1.985101,30.068258,Electrical Systems,1,-1.9619875,30.0576417,2.83,3.2,1,1,Nyarugenge,1
-2.56647,29.729362,Welding,1,-2.570356,29.7612153,3.56,4.0,0,1,Huye,0
-1.422021,29.5892,Exhaust System,1,-1.439381,29.617311,3.67,4.0,0,0,Musanze,1
-1.944162,30.063877,Engine Repair,1,-1.943011,30.045506,2.05,4.0,0,1,Nyarugenge,1
-1.620939,29.276801,Suspension & Steering,1,-1.71136,29.193075,13.7,2.5,1,0,Rubavu,0
-2.358738,29.679682,Tire & Wheel,3,-2.3951934,29.7628427,10.09,4.2,0,0,Nyanza,0
-1.979431,30.017126,Bodywork,1,-1.989346,30.013013,1.19,3.8,0,0,Nyarugenge,0
-2.172294,30.174489,Transmission Repair,1,-2.04228,30.350431,24.32,4.5,0,0,Bugesera,0
-2.301781,30.722746,Brake System,1,-2.115059,30.755748,21.08,3.3,0,0,Kirehe,0
-1.962289,30.055713,Electrical Systems,1,-1.9602057,30.067534,1.33,4.8,1,1,Nyarugenge,0
-1.513218,29.679166,Oil Change,3,-1.539633,29.617739,7.43,4.4,0,1,Musanze,1
-1.675842,29.215834,Air Conditioning,3,-1.717195,29.312282,11.66,4.6,1,1,Rubavu,1
-1.626388,29.950605,Suspension & Steering,1,-1.510728,30.087438,19.92,4.5,0,1,Gicumbi,1
-1.622821,29.988629,Brake System,1,-1.519711,30.104893,17.28,4.0,0,0,Gicumbi,1
-2.017824,29.732056,Air Conditioning,1,-2.0551544,29.7826432,6.99,4.1,1,0,Muhanga,0
-2.30477,29.748898,Transmission Repair,3,-2.321825,29.731659,2.7,4.8,0,0,Nyanza,0
-2.409802,29.809004,Bodywork,1,-2.37,29.76,7.02,4.8,0,1,Nyanza,1
-1.897499,30.136546,Oil Change,1,-1.961247,30.031501,13.66,4.2,0,1,Gasabo,1
-1.932675,30.076762,Electrical Systems,1,-1.9304,30.011716,7.23,4.8,0,0,Nyarugenge,1
-1.423888,29.552908,Exhaust System,1,-1.513909,29.682136,17.51,4.5,0,0,Musanze,1
-1.697346,29.314079,Suspension & Steering,1,-1.721167,29.170112,16.22,4.5,0,0,Rubavu,1
-2.331952,30.671637,Air Conditioning,3,-2.136073,30.815458,27.01,4.6,1,0,Kirehe,0
-1.904014,30.396962,Oil Change,1,-1.9630214,30.4525504,9.01,3.0,0,1,Rwamagana,1
-1.951086,30.438424,Air Conditioning,1,-1.969067,30.497438,6.86,4.9,0,1,Rwamagana,1
-1.913404,30.106634,Bodywork,3,-1.920493,30.154075,5.33,4.6,1,0,Gasabo,0
-1.682353,29.285491,Brake System,3,-1.607961,29.282654,8.28,3.8,0,0,Rubavu,1
-1.842301,30.708194,Exhaust System,1,-1.91043,30.65248,9.78,4.1,0,1,Kayonza,0
-1.723484,30.020925,Welding,1,-1.696019,29.93566,9.96,4.3,0,0,Rulindo,1
-1.956119,30.599412,Engine Repair,1,-1.879855,30.65866,10.74,4.1,1,1,Kayonza,0
-1.827412,30.638313,Suspension & Steering,1,-1.875591,30.624075,5.59,3.9,0,1,Kayonza,1
-2.002016,29.707628,Oil Change,3,-2.056689,29.743032,7.24,4.3,1,0,Muhanga,0
-1.988436,30.02391,Exhaust System,1,-1.91872,30.027793,7.76,4.2,0,1,Nyarugenge,1
-1.88289,30.118099,Transmission Repair,3,-1.924084,30.08182,6.1,4.2,0,0,Gasabo,1
-1.669522,29.220807,Transmission Repair,1,-1.732271,29.221662,6.98,4.2,1,0,Rubavu,0
-2.267008,30.19636,Tire & Wheel,1,-2.039129,30.296279,27.66,5.0,1,0,Bugesera,0
-2.341712,29.663487,Electrical Systems,1,-2.343929,29.763621,11.13,4.2,0,0,Nyanza,1
-1.517315,30.011645,Exhaust System,1,-1.529101,30.099568,9.86,4.9,1,0,Gicumbi,0
-2.125632,30.508269,Diagnostic Scanning,1,-2.15753,30.61241,12.1,3.0,0,1,Ngoma,1
-2.395213,30.692977,Bodywork,3,-2.118552,30.778045,32.18,5.0,0,1,Kirehe,0
-1.801961,30.663731,Tire & Wheel,3,-1.908134,30.626595,12.51,4.8,0,0,Kayonza,1
-1.892398,30.077869,Oil Change,1,-1.899876,30.117654,4.5,4.4,0,0,Gasabo,0
-1.985666,30.04672,Bodywork,3,-1.900469,30.079838,10.16,4.8,1,0,Nyarugenge,1
-1.949505,30.142742,Electrical Systems,3,-1.949928,30.049136,10.4,4.5,0,0,Kicukiro,1
-2.239434,30.161192,Transmission Repair,1,-2.035222,30.284231,26.51,4.7,0,1,Bugesera,0
-1.944809,30.049116,Suspension & Steering,1,-1.911705,30.094182,6.22,4.4,0,1,Gasabo,1
-1.454875,29.657496,Tire & Wheel,1,-1.575579,29.687447,13.83,4.6,0,0,Musanze,1
-1.921942,30.651218,Electrical Systems,1,-1.883525,30.646676,4.3,4.6,0,1,Kayonza,1
-2.425847,30.59339,Brake System,3,-2.102859,30.742544,39.55,4.4,0,1,Kirehe,0
-1.965226,30.092254,Welding,3,-1.952682,30.07235,2.61,4.7,0,0,Nyarugenge,1
-1.734562,30.00337,Air Conditioning,1,-1.713687,29.955831,5.77,4.2,0,1,Rulindo,0
-1.957474,30.067151,Tire & Wheel,1,-1.9565369,30.073886,0.76,4.4,0,0,Kicukiro,1
-1.72995,29.247809,Engine Repair,3,-1.640605,29.290015,10.99,4.9,0,0,Rubavu,1
-2.583679,29.737997,Transmission Repair,1,-2.5686489,29.7355315,1.69,4.6,0,0,Huye,1
-1.792168,30.115559,Transmission Repair,1,-1.692414,29.956882,20.83,4.1,0,0,Rulindo,0
-1.8967,30.025473,Tire & Wheel,1,-1.842874,30.044946,6.36,4.6,1,0,Gasabo,0
-2.059776,29.715256,Transmission Repair,3,-2.030045,29.668298,6.18,4.4,0,0,Muhanga,1
-1.610456,30.149252,Welding,1,-1.56064,30.137945,5.68,4.8,0,1,Gicumbi,0
-1.987682,30.4878,Oil Change,1,-1.951756,30.426389,7.91,4.2,0,0,Rwamagana,0
-1.95632,30.03932,Electrical Systems,1,-1.919355,30.024436,4.43,4.5,0,0,Nyarugenge,1
-1.901414,30.738081,Diagnostic Scanning,1,-1.9019457,30.5361427,22.44,4.9,0,1,Kayonza,0
-1.975522,30.053592,Brake System,1,-1.958565,30.122181,7.85,4.4,0,1,Kicukiro,1
-2.100431,30.076761,Brake System,1,-2.2672902,30.2051944,23.41,4.4,0,0,Bugesera,0
-1.98152,30.42661,Transmission Repair,1,-1.998735,30.38206,5.31,5.0,0,0,Rwamagana,1
-2.268848,30.712214,Welding,1,-2.127317,30.76961,16.98,4.3,0,1,Kirehe,1
-1.903026,30.700443,Bodywork,1,-1.9180585,30.5144938,20.73,3.6,0,0,Kayonza,0
-1.906749,30.045939,Diagnostic Scanning,1,-1.896998,30.103685,6.51,5.0,1,1,Gasabo,1
-2.317332,30.745181,Oil Change,3,-2.168423,30.758863,16.63,4.6,0,1,Kirehe,1
-1.963819,30.05162,Transmission Repair,3,-1.9874977,30.0849086,4.54,4.2,0,0,Kicukiro,1
-2.327199,29.700138,Welding,1,-2.314368,29.806016,11.85,4.5,0,1,Nyanza,1
-1.698578,29.211938,Suspension & Steering,3,-1.708267,29.299717,9.82,4.2,0,0,Rubavu,0
-2.176411,30.11104,Welding,1,-1.983176,30.320376,31.67,3.5,0,0,Bugesera,0
-1.939743,30.467428,Diagnostic Scanning,1,-1.9399914,30.4695638,0.24,5.0,0,1,Rwamagana,0
-1.503009,30.029534,Bodywork,3,-1.575068,30.071813,9.29,4.5,0,1,Gicumbi,0
-1.951282,30.049703,Engine Repair,3,-1.96776,30.019325,3.84,4.9,0,0,Nyarugenge,1
-2.408483,29.803383,Exhaust System,1,-2.3881836,29.7389356,7.51,3.9,1,1,Nyanza,1
-2.024825,30.129575,Diagnostic Scanning,1,-1.995959,30.058195,8.56,4.5,0,1,Kicukiro,0
-1.706685,30.03183,Air Conditioning,1,-1.679281,29.951707,9.41,4.6,0,1,Rulindo,1
-2.216844,30.412493,Electrical Systems,3,-2.103088,30.560271,20.73,5.0,1,0,Ngoma,0
-2.281042,29.761819,Engine Repair,1,-2.33987,29.752384,6.62,4.1,0,0,Nyanza,0
-1.507995,29.702014,Electrical Systems,3,-1.5297565,29.6709478,4.22,4.4,0,1,Musanze,1
-1.509804,29.694071,Welding,1,-1.502169,29.61438,8.9,3.7,0,0,Musanze,1
-2.621818,29.767441,Exhaust System,1,-2.662163,29.80097,5.83,4.2,0,0,Huye,0
-1.85111,30.698818,Oil Change,3,-1.818,30.699503,3.68,3.6,1,1,Kayonza,0
-1.985821,30.028683,Suspension & Steering,1,-1.9428747,30.0572531,5.73,4.5,0,0,Nyarugenge,0
-2.146689,30.21502,Oil Change,1,-1.991077,30.365333,24.05,4.1,0,1,Bugesera,0
-2.066611,29.683561,Bodywork,1,-2.024358,29.732873,7.22,4.4,0,0,Muhanga,1
-2.028271,30.128214,Diagnostic Scanning,1,-1.9691066,30.0953471,7.52,3.8,0,0,Kicukiro,1
-2.314766,29.686046,Diagnostic Scanning,3,-2.325383,29.759494,8.25,4.6,0,1,Nyanza,1
-1.514812,29.697067,Transmission Repair,1,-1.540898,29.664527,4.64,4.4,0,1,Musanze,1
-1.750156,29.284555,Diagnostic Scanning,1,-1.617392,29.251081,15.22,3.6,0,1,Rubavu,1
-1.484874,29.702325,Diagnostic Scanning,1,-1.5384757,29.694179,6.03,4.3,0,1,Musanze,1
-2.040091,29.673065,Suspension & Steering,1,-2.077035,29.70092,5.14,4.2,0,0,Muhanga,0
-1.912354,30.132532,Suspension & Steering,1,-1.9216334,30.1553265,2.74,4.9,0,0,Gasabo,0
-2.077571,30.190498,Suspension & Steering,1,-2.010213,30.32734,16.95,4.6,0,0,Bugesera,1
-1.981243,30.055742,Oil Change,1,-1.957547,30.096965,5.28,4.9,0,0,Nyarugenge,1
-1.799541,30.045144,Diagnostic Scanning,1,-1.704534,29.968476,13.57,3.8,0,0,Rulindo,1
-2.300925,30.598273,Tire & Wheel,3,-2.081391,30.791962,32.54,4.7,1,0,Kirehe,0
-1.887211,30.118065,Brake System,1,-1.889883,30.0743248,4.87,4.5,1,0,Gasabo,1
-1.497038,29.703097,Electrical Systems,3,-1.475535,29.603988,11.27,5.0,1,0,Musanze,1
-1.575313,29.982055,Exhaust System,1,-1.507793,30.147722,19.89,4.8,0,0,Gicumbi,1
-2.115414,30.108628,Suspension & Steering,1,-1.985937,30.349619,30.4,4.7,0,0,Bugesera,0
-1.716057,30.053055,Engine Repair,1,-1.686161,29.971788,9.62,4.6,0,0,Rulindo,1
-1.869851,30.655906,Suspension & Steering,1,-1.915891,30.679367,5.75,4.4,1,0,Kayonza,1
-1.944276,30.136379,Brake System,1,-1.963933,30.141653,2.26,4.5,0,0,Gasabo,1
-1.754985,29.303073,Transmission Repair,3,-1.741718,29.270951,3.86,2.5,0,0,Rubavu,0
-1.964833,30.370229,Diagnostic Scanning,3,-1.972045,30.483831,12.65,4.5,0,0,Rwamagana,0
-1.451253,29.684858,Diagnostic Scanning,1,-1.450972,29.583846,11.23,4.8,0,1,Musanze,1
-2.336653,30.715704,Brake System,1,-2.1551684,30.6004016,23.9,4.0,0,1,Kirehe,0
-2.409273,29.760636,Diagnostic Scanning,3,-2.3351701,29.7354037,8.7,4.6,1,1,Nyanza,0
-1.732093,29.31303,Electrical Systems,1,-1.620153,29.2439,14.63,4.1,0,0,Rubavu,1
-1.605064,30.136885,Welding,1,-1.529969,30.127695,8.41,4.5,0,0,Gicumbi,1
-1.727678,30.057729,Electrical Systems,1,-1.706541,29.910013,16.59,4.7,1,1,Rulindo,0
-2.357879,30.717234,Air Conditioning,1,-2.158434,30.738599,22.3,4.4,0,0,Kirehe,0
-1.68621,30.057373,Exhaust System,1,-1.697351,29.905433,16.93,3.8,0,1,Rulindo,1
-1.71817,29.193898,Diagnostic Scanning,3,-1.7288225,29.3034472,12.23,4.6,0,0,Rubavu,1
-2.186945,30.161845,Oil Change,1,-2.01577,30.301562,24.56,4.5,1,0,Bugesera,0
-2.604292,29.730359,Diagnostic Scanning,3,-2.5620819,29.7784695,7.11,4.9,1,0,Huye,1
-1.548253,30.144411,Bodywork,1,-1.578682,30.083997,7.52,4.5,0,0,Gicumbi,1
-2.000553,30.440293,Air Conditioning,3,-1.967025,30.426365,4.04,4.6,0,1,Rwamagana,1
-2.108416,30.183262,Electrical Systems,1,-2.251094,30.141374,16.53,4.3,0,0,Bugesera,1
-1.918595,30.121268,Brake System,1,-1.951429,30.071512,6.63,4.8,0,0,Gasabo,1
-2.198999,30.48505,Welding,1,-2.154134,30.556278,9.36,5.0,0,0,Ngoma,1
-1.95725,30.721615,Bodywork,1,-1.9344055,30.4767599,27.33,4.4,0,0,Kayonza,0
-1.688349,30.129919,Electrical Systems,1,-1.734947,29.945518,21.14,4.4,0,1,Rulindo,0
-2.097517,30.477733,Brake System,1,-2.100347,30.532709,6.12,4.2,0,1,Ngoma,0
-2.195327,30.246817,Air Conditioning,1,-2.070307,30.172959,16.14,4.4,0,1,Bugesera,1
-2.288146,29.782859,Transmission Repair,3,-2.348259,29.735234,8.53,4.6,1,1,Nyanza,1
-1.548888,29.690763,Bodywork,3,-1.4991477,29.6811532,5.63,3.9,0,1,Musanze,1
-1.641617,30.066827,Tire & Wheel,1,-1.674466,30.076849,3.82,4.1,0,0,Gicumbi,0
-2.111678,29.778381,Brake System,1,-2.0823371,29.7697275,3.4,4.3,0,1,Muhanga,1
-1.913234,30.077211,Oil Change,1,-1.943271,30.098447,4.09,4.0,1,1,Nyarugenge,0
-1.689486,29.325226,Tire & Wheel,1,-1.768117,29.229484,13.77,4.7,0,0,Rubavu,0
-2.325941,30.659395,Oil Change,1,-2.0602844,30.7000675,29.88,3.8,0,0,Kirehe,0
-1.542055,29.560198,Oil Change,1,-1.477873,29.690779,16.17,5.0,0,1,Musanze,1
-2.023182,29.767162,Diagnostic Scanning,3,-2.064322,29.747118,5.09,4.8,0,0,Muhanga,0
-2.392312,29.818389,Diagnostic Scanning,1,-2.3757979,29.7342049,9.53,4.4,0,1,Nyanza,1
-1.658492,29.281778,Exhaust System,1,-1.728729,29.221159,10.31,3.8,0,0,Rubavu,1
-1.604961,29.322845,Transmission Repair,1,-1.627754,29.284274,4.98,4.5,0,0,Rubavu,0
-1.975222,30.080939,Tire & Wheel,3,-2.039472,30.093926,7.29,4.0,0,1,Kicukiro,1
-2.30666,29.785779,Electrical Systems,1,-2.337377,29.742302,5.92,4.4,0,0,Nyanza,0
-1.794131,30.674634,Engine Repair,1,-1.944491,30.5121214,24.61,4.0,0,1,Kayonza,0
-2.360332,29.790611,Brake System,1,-2.3862932,29.7258484,7.75,4.7,0,0,Nyanza,0
-1.982852,30.392397,Engine Repair,3,-1.960338,30.458619,7.77,4.3,0,0,Rwamagana,1
-1.916669,30.122988,Welding,3,-1.911604,30.072687,5.62,4.2,0,1,Gasabo,1
-1.557011,29.603711,Welding,1,-1.510028,29.693157,11.23,4.2,0,0,Musanze,1
-2.328341,29.781493,Electrical Systems,1,-2.3233737,29.7466916,3.91,3.0,0,1,Nyanza,0
-1.9844,30.097803,Air Conditioning,1,-1.948903,30.055887,6.11,4.7,0,0,Kicukiro,1
-2.129634,30.258464,Oil Change,1,-2.238445,30.094042,21.91,4.0,0,0,Bugesera,0
-2.315533,29.695698,Tire & Wheel,3,-2.355971,29.750604,7.58,4.5,0,0,Nyanza,1
-1.934605,30.028621,Suspension & Steering,1,-1.906318,30.068581,5.44,4.0,1,0,Gasabo,0
-1.937632,30.578467,Diagnostic Scanning,1,-1.879756,30.636727,9.13,4.5,0,0,Kayonza,1
-2.032703,29.716853,Transmission Repair,1,-2.061303,29.718628,3.19,4.7,0,0,Muhanga,1
-2.564014,29.802841,Suspension & Steering,1,-2.553675,29.768712,3.96,4.1,0,0,Huye,1
-2.602043,29.775018,Brake System,1,-2.569761,29.699265,9.15,4.4,0,0,Huye,1
-1.744466,29.248514,Electrical Systems,1,-1.711367,29.23033,4.2,4.6,0,0,Rubavu,0
-2.090411,30.546559,Tire & Wheel,1,-2.129344,30.564326,4.76,4.5,0,0,Ngoma,1
-1.868208,30.108745,Air Conditioning,1,-1.869924,30.089668,2.13,4.4,0,1,Gasabo,1
-2.280982,30.727191,Suspension & Steering,1,-2.162337,30.806202,15.85,4.6,1,1,Kirehe,1
-2.343513,30.747419,Air Conditioning,1,-2.163058,30.743958,20.07,4.9,1,1,Kirehe,0
-1.948534,30.3697,Oil Change,1,-1.911606,30.464906,11.35,4.4,0,1,Rwamagana,0
-2.404081,29.784224,Suspension & Steering,1,-2.313268,29.794488,10.16,4.4,0,0,Nyanza,1
-2.345436,30.678873,Bodywork,1,-2.29782,30.677654,5.3,3.0,1,0,Kirehe,1
-2.081898,30.55248,Brake System,1,-2.240835,30.43558,21.93,3.9,0,0,Ngoma,0
-1.921077,30.04207,Engine Repair,1,-1.867762,30.027396,6.15,4.6,0,1,Gasabo,1
-2.13607,30.096258,Exhaust System,1,-2.12133,30.201843,11.85,4.2,0,1,Bugesera,0
-1.473864,30.060062,Suspension & Steering,1,-1.5623,30.131662,12.65,4.9,1,0,Gicumbi,1
-1.8538,30.681964,Transmission Repair,3,-1.8970873,30.4928509,21.56,4.0,0,0,Kayonza,0
-2.183004,30.159502,Tire & Wheel,1,-2.008772,30.327184,26.88,4.4,0,1,Bugesera,0
-2.234806,30.182936,Bodywork,1,-2.001059,30.347662,31.79,4.2,0,0,Bugesera,0
-1.878628,30.69798,Engine Repair,3,-1.891707,30.668637,3.57,4.7,0,1,Kayonza,1
-1.577189,29.640226,Electrical Systems,1,-1.568284,29.659559,2.37,3.4,0,0,Musanze,1
-2.002062,30.053471,Tire & Wheel,1,-1.977211,30.095192,5.4,3.9,1,0,Kicukiro,1
-1.996275,30.498128,Tire & Wheel,3,-1.915339,30.518968,9.29,4.0,0,1,Rwamagana,1
-1.919221,30.44566,Exhaust System,1,-1.952651,30.488107,6.01,4.3,1,1,Rwamagana,1
-1.952299,30.139655,Air Conditioning,1,-1.960528,30.045888,10.46,4.6,0,1,Kicukiro,1
-1.662943,30.091879,Welding,1,-1.54339,30.122434,13.72,3.5,0,1,Gicumbi,1
-1.602464,29.221288,Engine Repair,3,-1.764579,29.235425,18.09,4.8,0,0,Rubavu,1
-1.702196,29.242475,Engine Repair,1,-1.662558,29.270937,5.43,4.4,0,0,Rubavu,0
-1.932288,30.045272,Air Conditioning,1,-1.900665,30.107404,7.75,4.2,0,1,Nyarugenge,1
-2.097861,30.404976,Exhaust System,1,-2.121563,30.58925,20.65,4.7,1,1,Ngoma,0
-1.679032,30.113657,Electrical Systems,3,-1.728207,29.963014,17.61,4.3,0,0,Rulindo,1
-2.150573,30.550395,Electrical Systems,1,-2.124771,30.60372,6.58,4.5,0,0,Ngoma,1
-2.092034,29.695514,Exhaust System,3,-2.0843002,29.7513861,6.27,5.0,1,0,Muhanga,1
-1.938176,30.106727,Brake System,1,-1.894051,30.024557,10.37,3.2,0,0,Gasabo,1
-1.948535,30.102373,Oil Change,1,-1.913248,30.073693,5.06,4.5,0,1,Gasabo,1
-1.675654,30.0676,Exhaust System,3,-1.675261,29.941989,13.96,3.8,0,0,Rulindo,1
-1.661231,30.134075,Air Conditioning,1,-1.748308,29.916096,26.09,3.8,1,1,Rulindo,0
-1.88766,30.050755,Exhaust System,1,-1.952772,30.141759,12.44,4.9,0,0,Gasabo,0
-2.091805,30.51443,Air Conditioning,3,-2.105371,30.585422,8.03,4.3,0,1,Ngoma,1
-2.195158,30.477324,Oil Change,1,-2.1767601,30.5917002,12.87,3.0,0,1,Ngoma,0
-1.873913,30.120539,Tire & Wheel,1,-1.959169,30.102311,9.69,3.2,0,0,Gasabo,1
-1.999771,30.092285,Transmission Repair,3,-1.9657339,30.0795821,4.04,5.0,1,1,Kicukiro,0
-1.89973,30.042943,Engine Repair,1,-1.891923,30.145783,11.46,3.5,0,0,Gasabo,1
-1.492881,30.04531,Suspension & Steering,1,-1.6535844,29.9849542,19.09,3.6,1,1,Gicumbi,0
-1.880703,30.083173,Brake System,1,-1.84504,30.164513,9.87,4.6,0,1,Gasabo,1
-1.93293,30.396311,Electrical Systems,1,-1.9632363,30.452405,7.09,4.9,0,1,Rwamagana,1
-1.62004,30.147871,Bodywork,1,-1.552218,30.084862,10.29,3.0,0,0,Gicumbi,1
-2.297204,30.594686,Bodywork,3,-2.144822,30.792288,27.73,4.3,0,0,Kirehe,0
-2.42456,30.601574,Electrical Systems,1,-2.08,30.68,39.29,4.5,0,1,Kirehe,0
-1.449394,29.633692,Welding,1,-1.414476,29.630694,3.9,4.4,0,1,Musanze,0
-1.853746,30.04259,Welding,1,-1.9046027,30.1540577,13.62,3.4,0,1,Gasabo,1
-1.780684,30.039029,Engine Repair,3,-1.718278,29.981139,9.46,4.2,0,0,Rulindo,1
-2.070776,30.55629,Brake System,1,-2.21486,30.582505,16.28,3.6,0,0,Ngoma,1
-1.540073,29.645121,Brake System,1,-1.417749,29.619873,13.89,4.4,0,0,Musanze,0
-1.570184,29.638014,Tire & Wheel,3,-1.479554,29.616957,10.35,4.4,0,0,Musanze,0
-1.533445,29.5969,Air Conditioning,3,-1.492702,29.57016,5.42,4.2,0,1,Musanze,1
-1.971674,30.089854,Engine Repair,1,-1.92726,30.013857,9.78,4.3,0,1,Nyarugenge,1
-1.864652,30.614283,Bodywork,1,-1.887082,30.636278,3.49,4.6,0,0,Kayonza,1
-1.647574,29.196231,Bodywork,1,-1.700913,29.17186,6.52,4.4,1,1,Rubavu,1
-1.9158,30.461734,Brake System,1,-1.917875,30.495865,3.8,4.1,0,0,Rwamagana,0
-2.3976,29.716807,Bodywork,1,-2.35222,29.761696,7.09,3.8,0,0,Nyanza,0
-2.411221,30.602966,Air Conditioning,1,-2.130415,30.720293,33.84,4.4,0,0,Kirehe,0
-1.892593,30.610778,Oil Change,3,-1.9250819,30.5216202,10.55,3.6,1,1,Kayonza,1
-2.573316,29.743694,Exhaust System,1,-2.542321,29.704799,5.53,4.4,1,0,Huye,0
-1.934432,30.420679,Suspension & Steering,1,-1.892456,30.400781,5.16,3.4,0,1,Rwamagana,1
-2.014106,30.403805,Welding,1,-1.913151,30.519359,17.06,4.2,0,1,Rwamagana,1
-2.133114,30.125929,Engine Repair,1,-2.126214,30.077057,5.48,4.5,0,0,Bugesera,1
-2.384798,29.773839,Transmission Repair,1,-2.4084,29.755474,3.32,3.4,0,0,Nyanza,1
-1.740482,29.295941,Tire & Wheel,1,-1.725246,29.2773131,2.68,4.2,0,1,Rubavu,1
-1.478352,29.589077,Engine Repair,1,-1.432046,29.567772,5.67,3.0,0,1,Musanze,1
-2.031153,29.704311,Transmission Repair,3,-2.032323,29.746843,4.73,4.2,0,1,Muhanga,1
-1.92107,30.367661,Welding,1,-1.96069,30.452262,10.38,4.2,0,1,Rwamagana,0
-1.682114,30.071029,Bodywork,1,-1.737056,29.9244778,17.4,4.2,0,0,Rulindo,0
-2.185898,30.181326,Bodywork,1,-2.01518,30.296452,22.89,4.5,0,1,Bugesera,0
-2.044067,29.813356,Air Conditioning,1,-2.040923,29.796011,1.96,3.6,0,1,Muhanga,1
-1.659076,29.289815,Tire & Wheel,1,-1.6932708,29.3470478,7.41,4.4,1,0,Rubavu,1
-2.052032,29.74888,Exhaust System,1,-2.072011,29.750209,2.23,4.5,0,0,Muhanga,1
-2.117524,30.120002,Brake System,1,-2.1573666,30.2483262,14.93,3.6,1,0,Bugesera,0
-1.973356,30.058666,Welding,1,-1.950618,30.095635,4.82,3.8,0,0,Nyarugenge,1
-2.234018,30.409284,Electrical Systems,1,-2.1475858,30.5012501,14.03,4.7,0,1,Ngoma,1
-2.114898,30.575166,Transmission Repair,3,-2.101619,30.544863,3.68,4.6,0,0,Ngoma,1
-2.649411,29.784532,Brake System,1,-2.569687,29.721841,11.27,4.7,1,0,Huye,0
-2.11817,29.8293,Suspension & Steering,1,-2.0760927,29.7672387,8.33,5.0,0,0,Muhanga,0
-1.772779,30.069361,Bodywork,1,-1.705486,29.963791,13.92,3.0,0,0,Rulindo,1
-1.756339,30.114716,Engine Repair,3,-1.722185,29.932193,20.64,4.7,0,1,Rulindo,0
-2.02288,29.792774,Air Conditioning,1,-1.996939,29.801135,3.03,3.6,0,1,Muhanga,1
-1.866636,30.132399,Air Conditioning,1,-1.97104,30.018217,17.2,4.5,0,1,Gasabo,1
-2.597059,29.788989,Diagnostic Scanning,1,-2.5837608,29.7481685,4.77,4.2,0,0,Huye,1
-1.967166,30.368457,Tire & Wheel,3,-1.924652,30.495796,14.92,4.3,0,0,Rwamagana,0
-2.005808,30.137006,Exhaust System,1,-1.979249,30.056966,9.37,4.3,0,1,Kicukiro,0
-2.346508,30.693038,Brake System,1,-2.135333,30.813729,27.04,4.3,0,1,Kirehe,0
-2.186146,30.537016,Bodywork,1,-2.12039,30.613689,11.23,3.5,0,1,Ngoma,0
-2.016813,30.374576,Exhaust System,1,-1.978609,30.465391,10.95,3.5,0,1,Rwamagana,0
-1.760013,30.054478,Oil Change,1,-1.6857531,29.9876841,11.1,4.4,0,1,Rulindo,0
-1.884137,30.60416,Tire & Wheel,3,-1.8882669,30.5114804,10.31,4.2,0,1,Kayonza,1
-1.651596,29.183786,Diagnostic Scanning,3,-1.739004,29.242535,11.71,3.3,0,1,Rubavu,1
-2.094295,30.567248,Welding,1,-2.186442,30.5187681,11.58,4.1,0,0,Ngoma,1
-1.936566,30.451983,Brake System,1,-1.916468,30.51603,7.46,4.5,0,1,Rwamagana,0
-1.8526,30.727707,Oil Change,1,-1.906287,30.728609,5.97,4.0,0,1,Kayonza,1
-1.96026,30.446391,Suspension & Steering,1,-1.931717,30.461854,3.61,4.1,0,0,Rwamagana,1
-1.631551,29.180166,Bodywork,3,-1.668702,29.3477088,19.07,4.9,0,1,Rubavu,0
-1.539425,30.093441,Oil Change,3,-1.488448,30.053909,7.17,4.4,1,1,Gicumbi,1
-1.520994,29.597303,Diagnostic Scanning,3,-1.42159,29.664458,13.34,3.8,0,1,Musanze,0
-2.07075,29.817089,Bodywork,1,-2.1002,29.762403,6.9,3.8,0,0,Muhanga,1
-1.666643,30.047595,Transmission Repair,3,-1.6763272,29.9479877,11.12,3.9,0,0,Rulindo,0
-1.633793,29.295997,Oil Change,1,-1.6717224,29.2530164,6.37,4.6,0,1,Rubavu,1
-1.979466,30.088903,Engine Repair,3,-2.018145,30.043465,6.63,4.7,0,0,Kicukiro,0
-1.512972,30.073493,Electrical Systems,1,-1.6738212,30.1036442,18.2,4.4,0,1,Gicumbi,1
-2.172161,30.565382,Exhaust System,1,-2.133686,30.41565,17.18,3.5,0,0,Ngoma,0
-2.539907,29.736418,Suspension & Steering,1,-2.625868,29.673059,11.87,4.6,0,0,Huye,0
-1.507261,29.699958,Air Conditioning,1,-1.4963667,29.7055573,1.36,5.0,0,0,Musanze,1
-2.535493,29.784646,Exhaust System,1,-2.603348,29.792914,7.6,4.4,0,0,Huye,1
-1.955263,30.389442,Brake System,1,-1.966024,30.440652,5.82,4.9,0,0,Rwamagana,1
-1.659872,30.048169,Tire & Wheel,1,-1.6952439,29.9293405,13.78,4.8,1,0,Rulindo,1
-2.293791,30.736141,Diagnostic Scanning,1,-2.092794,30.76193,22.53,4.3,0,1,Kirehe,0
-1.428372,29.638809,Exhaust System,1,-1.554487,29.660449,14.23,4.7,0,0,Musanze,1
-2.341462,30.747775,Welding,1,-2.096563,30.6780396,28.31,3.7,1,0,Kirehe,0
-1.779995,30.144109,Diagnostic Scanning,3,-1.7236031,30.0215712,14.99,4.4,0,0,Rulindo,1
-2.115945,30.496535,Welding,1,-2.074289,30.568741,9.26,3.3,0,0,Ngoma,0
-1.877617,30.72996,Welding,3,-1.849051,30.691945,5.29,3.6,0,1,Kayonza,1
-2.063537,29.734741,Oil Change,3,-1.994526,29.695001,8.85,3.5,0,1,Muhanga,1
-2.018217,29.816056,Welding,1,-2.075614,29.730534,11.45,4.0,0,1,Muhanga,1
-2.613988,29.755129,Transmission Repair,3,-2.628523,29.711873,5.07,4.6,0,0,Huye,1
-2.606848,29.700784,Electrical Systems,1,-2.5503007,29.7781534,10.65,4.6,0,0,Huye,0
-2.595594,29.750954,Diagnostic Scanning,1,-2.63703,29.712932,6.25,4.9,0,0,Huye,1
-1.981903,30.381144,Welding,1,-1.9665697,30.4018005,2.86,3.6,1,0,Rwamagana,0
-2.404882,30.698063,Oil Change,1,-2.141201,30.800003,31.43,4.8,0,0,Kirehe,0
-2.246405,30.259774,Engine Repair,1,-2.1340467,30.2460335,12.59,4.5,0,0,Bugesera,0
-1.538413,29.693368,Transmission Repair,1,-1.487575,29.627102,9.29,4.4,1,1,Musanze,1
-2.111287,30.500965,Engine Repair,3,-2.072697,30.613883,13.26,4.4,1,1,Ngoma,1
-1.975535,30.082764,Diagnostic Scanning,1,-1.948104,30.054223,4.4,3.9,0,0,Nyarugenge,1
-1.971044,30.466939,Electrical Systems,1,-1.947338,30.503583,4.85,3.5,0,0,Rwamagana,1
-2.353114,29.805448,Bodywork,1,-2.3378945,29.7266678,8.91,4.4,0,0,Nyanza,0
-1.965081,30.130513,Transmission Repair,3,-1.897443,30.147068,7.74,4.4,1,1,Gasabo,0
-2.255658,30.703588,Diagnostic Scanning,1,-2.0737362,30.6604436,20.79,3.7,0,1,Kirehe,0
-1.824672,30.676548,Bodywork,1,-1.810038,30.631178,5.3,3.3,0,0,Kayonza,1
-2.179011,30.559125,Electrical Systems,1,-2.139521,30.565109,4.44,4.0,0,0,Ngoma,0
-2.276473,30.69062,Air Conditioning,1,-2.127317,30.76961,18.76,4.3,0,1,Kirehe,0
-1.763837,30.146003,Tire & Wheel,1,-1.7052764,30.0270488,14.74,3.2,0,0,Rulindo,0
-1.677319,29.244562,Electrical Systems,1,-1.756588,29.279188,9.62,4.0,0,0,Rubavu,0
-1.979092,30.069897,Suspension & Steering,1,-1.900459,30.099639,9.35,4.4,0,0,Nyarugenge,0
-1.430462,29.704416,Electrical Systems,1,-1.475519,29.6540427,7.51,4.7,0,1,Musanze,1
-1.637177,29.218799,Air Conditioning,1,-1.696658,29.225703,6.66,4.5,0,1,Rubavu,1
-1.576733,29.682224,Electrical Systems,3,-1.555352,29.677274,2.44,4.1,0,0,Musanze,0
-2.151149,30.568613,Oil Change,1,-2.2286922,30.5970866,9.18,4.4,1,0,Ngoma,1
-1.983156,30.499308,Diagnostic Scanning,3,-1.9318497,30.4438948,8.39,3.0,0,1,Rwamagana,0
-1.725092,30.128109,Electrical Systems,1,-1.7186809,29.9294184,22.09,4.6,0,0,Rulindo,0
-1.497045,29.622914,Electrical Systems,3,-1.491728,29.627856,0.81,3.8,0,0,Musanze,0
-1.903654,30.126729,Exhaust System,1,-1.913897,30.078421,5.49,4.8,0,0,Gasabo,1
-1.930601,30.113636,Welding,3,-1.893627,30.037832,9.37,4.3,0,0,Gasabo,1
-1.96717,30.063876,Welding,3,-1.988209,30.046778,3.01,4.3,0,0,Nyarugenge,1
-1.438162,29.621795,Electrical Systems,1,-1.420666,29.600694,3.05,4.5,0,0,Musanze,0
-1.700839,29.220552,Brake System,1,-1.755923,29.279141,8.94,4.5,0,0,Rubavu,1
-2.174315,30.556956,Engine Repair,3,-2.134243,30.5323751,5.23,4.6,1,0,Ngoma,1
-2.186238,30.123459,Diagnostic Scanning,1,-1.985982,30.315793,30.86,3.8,0,1,Bugesera,0
-1.725506,29.221006,Engine Repair,1,-1.651085,29.279131,10.5,4.8,0,0,Rubavu,0
-1.660255,30.003054,Oil Change,1,-1.705376,30.08278,10.18,4.5,0,0,Rulindo,1
-1.94386,30.033421,Welding,1,-1.9511351,30.0641189,3.51,3.9,0,0,Nyarugenge,1
-1.919418,30.599932,Bodywork,3,-1.940715,30.573281,3.79,3.2,0,0,Kayonza,1
-1.91812,30.049527,Tire & Wheel,1,-1.97782,30.027023,7.09,4.8,0,0,Nyarugenge,1
-2.611504,29.724121,Air Conditioning,1,-2.542858,29.713827,7.72,4.5,0,1,Huye,0
-2.653578,29.792063,Suspension & Steering,1,-2.564684,29.759459,10.53,4.0,0,1,Huye,1
-1.930741,30.139781,Brake System,1,-1.842872,30.112617,10.23,3.0,1,0,Gasabo,0
-1.960055,30.087405,Suspension & Steering,1,-1.852698,30.058205,12.37,4.8,0,0,Gasabo,0
-2.007213,30.125299,Engine Repair,3,-1.932158,30.142412,8.56,4.6,0,0,Kicukiro,1
-1.846436,30.594828,Tire & Wheel,1,-1.902266,30.666869,10.13,4.9,1,0,Kayonza,0
-1.646619,29.229813,Tire & Wheel,3,-1.644836,29.340727,12.33,2.5,0,0,Rubavu,0
-2.123646,30.178082,Transmission Repair,3,-1.999329,30.35514,24.05,4.1,0,1,Bugesera,0
-1.920631,30.062145,Tire & Wheel,1,-1.985834,30.091722,7.96,4.3,0,1,Nyarugenge,0
-1.971015,30.069249,Engine Repair,3,-1.980251,30.058709,1.56,4.4,0,0,Nyarugenge,0
-1.700057,29.186893,Suspension & Steering,1,-1.644058,29.342467,18.38,4.8,0,1,Rubavu,0
-1.963775,30.105676,Transmission Repair,1,-1.848576,30.11559,12.86,4.5,0,0,Gasabo,1
-1.734925,29.249211,Exhaust System,1,-1.7315,29.202428,5.21,4.5,0,0,Rubavu,1
-1.953004,30.680087,Suspension & Steering,1,-1.906246,30.679503,5.2,3.5,0,0,Kayonza,1
-2.341981,29.798805,Engine Repair,1,-2.3318227,29.7752319,2.85,4.5,0,1,Nyanza,0
-2.286038,30.651022,Welding,3,-2.1592002,30.6493049,14.11,4.3,0,0,Kirehe,0
-2.184271,30.132357,Transmission Repair,3,-2.1622811,30.2125824,9.24,4.6,0,0,Bugesera,0
-1.907605,30.037816,Exhaust System,1,-1.8886502,30.1570823,13.42,2.5,0,1,Gasabo,0
-1.955995,30.067158,Electrical Systems,3,-1.92394,30.083244,3.99,3.9,0,0,Nyarugenge,1
-2.210151,30.465349,Bodywork,1,-2.102253,30.552284,15.4,4.6,0,0,Ngoma,1
-1.890267,30.680397,Oil Change,1,-1.875652,30.661815,2.63,4.5,0,1,Kayonza,0
-1.942947,30.454692,Brake System,1,-1.941799,30.438531,1.8,4.4,0,1,Rwamagana,1
-2.659193,29.803625,Electrical Systems,3,-2.580901,29.770314,9.46,4.2,0,0,Huye,0
-1.961657,30.032827,Suspension & Steering,1,-1.901799,30.083829,8.74,3.2,1,0,Nyarugenge,0
-1.653066,30.108009,Welding,3,-1.508338,30.050446,17.32,4.0,0,1,Gicumbi,0
-1.613462,29.986359,Welding,1,-1.5730156,30.0048926,4.95,4.8,0,1,Gicumbi,1
-2.284018,29.784966,Suspension & Steering,1,-2.3321944,29.76253,5.91,3.2,0,1,Nyanza,1
-1.899359,30.486882,Electrical Systems,1,-1.973368,30.49141,8.24,4.9,0,1,Rwamagana,1
-1.912516,30.045465,Brake System,3,-1.862948,30.164606,14.34,4.0,0,0,Gasabo,1
-1.763208,30.104741,Engine Repair,3,-1.6849386,29.9766436,16.69,5.0,0,1,Rulindo,0
-2.016406,30.379886,Air Conditioning,1,-1.9238892,30.4234893,11.37,4.2,0,1,Rwamagana,1
-1.740249,29.187727,Suspension & Steering,3,-1.648088,29.301622,16.29,4.7,0,0,Rubavu,1
-1.792526,30.100508,Bodywork,1,-1.6972,29.984264,16.71,4.4,0,1,Rulindo,1
-2.649517,29.702242,Tire & Wheel,1,-2.560277,29.768554,12.36,3.7,0,0,Huye,0
-1.639854,29.212056,Air Conditioning,1,-1.6969845,29.2632197,8.53,4.5,0,1,Rubavu,0
-1.615062,29.320211,Brake System,1,-1.71208,29.203957,16.83,4.5,0,0,Rubavu,1
-2.410429,29.702455,Exhaust System,1,-2.331279,29.790275,13.14,4.7,0,0,Nyanza,1
-2.126093,30.110002,Tire & Wheel,1,-2.2496342,30.1564742,14.68,4.4,0,1,Bugesera,1
-1.430968,29.682423,Welding,1,-1.470679,29.708396,5.28,4.3,0,0,Musanze,1
-2.428391,30.72906,Electrical Systems,1,-2.121697,30.726067,34.1,4.1,0,0,Kirehe,0
-2.043558,29.796065,Engine Repair,3,-2.056264,29.737782,6.63,4.3,1,0,Muhanga,1
-1.884973,30.121551,Transmission Repair,1,-1.89229,30.044134,8.64,3.8,0,1,Gasabo,1
-2.006938,29.762875,Engine Repair,1,-2.061224,29.7982569,7.2,4.7,0,0,Muhanga,0
-1.741937,30.102206,Brake System,1,-1.700724,29.925441,20.17,4.7,0,1,Rulindo,0
-1.859501,30.096971,Suspension & Steering,1,-1.954455,30.115401,10.76,3.3,0,0,Gasabo,0
-2.66754,29.756676,Transmission Repair,1,-2.647621,29.7214482,4.5,3.7,0,1,Huye,0
-2.09708,30.073195,Suspension & Steering,1,-2.043591,30.333436,29.52,4.2,0,0,Bugesera,0
-1.888393,30.430235,Engine Repair,1,-1.944435,30.470076,7.64,4.1,0,1,Rwamagana,0
-1.989108,30.409512,Exhaust System,1,-1.950471,30.388023,4.92,4.6,1,0,Rwamagana,0
-1.791234,30.095727,Diagnostic Scanning,1,-1.702632,29.974751,16.67,4.7,0,0,Rulindo,1
-2.065254,29.773636,Diagnostic Scanning,1,-2.0862551,29.7617297,2.68,4.2,0,1,Muhanga,1
-2.157332,29.697914,Welding,1,-2.061583,29.766642,13.1,4.0,0,0,Muhanga,1
-1.733508,29.195672,Brake System,1,-1.760468,29.346894,17.07,4.6,0,1,Rubavu,1
-1.560778,29.656911,Engine Repair,3,-1.459607,29.595532,13.16,4.2,0,0,Musanze,0
-1.634322,29.973662,Transmission Repair,1,-1.6271781,29.9981082,2.83,3.6,1,0,Gicumbi,1
-2.358655,29.763277,Oil Change,1,-2.44593,29.707285,11.53,3.8,0,1,Nyanza,1
-2.093854,30.423141,Exhaust System,1,-2.1870148,30.5335806,16.06,4.5,0,0,Ngoma,1
-2.290709,30.626233,Transmission Repair,1,-2.097639,30.755668,25.84,5.0,1,0,Kirehe,0
-1.955651,30.58807,Transmission Repair,1,-1.870687,30.623178,10.22,4.0,0,0,Kayonza,1
-1.919023,30.045136,Exhaust System,1,-1.992505,30.084265,9.26,4.1,0,1,Nyarugenge,1
-1.56533,30.103738,Brake System,1,-1.54637,30.068183,4.48,4.6,0,1,Gicumbi,1
-2.123162,30.413802,Brake System,1,-2.1840945,30.4930055,11.11,4.0,0,1,Ngoma,1
-2.173819,30.079304,Oil Change,1,-1.961377,30.296131,33.74,4.5,0,0,Bugesera,0
-1.966533,30.072407,Exhaust System,1,-1.979463,30.078286,1.58,4.3,1,0,Nyarugenge,0
-2.575625,29.774591,Suspension & Steering,1,-2.5632944,29.7354767,4.56,3.3,0,1,Huye,1
-1.910487,30.019354,Tire & Wheel,3,-1.979906,30.084992,10.62,4.8,0,0,Nyarugenge,0
-1.904395,30.463638,Transmission Repair,1,-1.914982,30.389788,8.29,3.4,0,1,Rwamagana,0
-2.089783,29.791141,Tire & Wheel,1,-2.037674,29.741274,8.02,4.4,0,1,Muhanga,1
-1.91642,30.379205,Oil Change,3,-1.967906,30.369354,5.83,4.1,0,0,Rwamagana,1
-1.747431,29.260087,Bodywork,1,-1.634668,29.271869,12.61,3.5,0,0,Rubavu,0
-1.540984,30.114338,Air Conditioning,1,-1.609234,30.0100994,13.85,4.7,0,1,Gicumbi,1
-1.772103,30.068506,Bodywork,1,-1.680633,29.913101,20.04,4.5,0,1,Rulindo,0
-1.969983,30.057298,Exhaust System,1,-1.99248,30.096027,4.98,4.5,0,1,Nyarugenge,1
-2.315119,29.698414,Transmission Repair,1,-2.316312,29.769697,7.92,4.2,0,1,Nyanza,1
-2.230003,30.154837,Air Conditioning,1,-2.027052,30.321601,29.2,4.3,0,1,Bugesera,0
-2.403305,29.716593,Engine Repair,1,-2.271052,29.787393,16.68,3.3,1,0,Nyanza,0
-1.572474,30.003887,Brake System,1,-1.51833,30.068238,9.35,4.4,0,0,Gicumbi,1
-1.669454,30.076996,Engine Repair,1,-1.734412,29.936693,17.19,4.3,0,1,Rulindo,0
-1.534106,29.559917,Air Conditioning,1,-1.4946442,29.6981086,15.98,4.3,0,1,Musanze,1
-2.328981,30.693068,Tire & Wheel,1,-2.325542,30.724396,3.5,3.2,0,0,Kirehe,1
-1.986027,30.029844,Welding,1,-1.904289,30.094229,11.57,4.3,0,0,Nyarugenge,1
-2.388836,29.813345,Air Conditioning,1,-2.3880955,29.7689533,4.93,3.9,0,0,Nyanza,1
-2.127397,29.680003,Transmission Repair,3,-2.067307,29.718426,7.93,4.3,0,1,Muhanga,1
-1.788489,30.010253,Brake System,1,-1.6912413,30.0371062,11.22,3.8,0,1,Rulindo,0
-2.356659,30.62515,Oil Change,1,-2.118925,30.753397,30.03,4.5,0,1,Kirehe,0
-1.483311,29.630272,Oil Change,1,-1.47565,29.561296,7.71,4.3,0,0,Musanze,1
-2.427664,29.798039,Exhaust System,1,-2.323079,29.746532,12.96,4.2,0,0,Nyanza,0
-1.426179,29.699046,Exhaust System,1,-1.4953771,29.6306295,10.82,4.0,0,0,Musanze,0
-1.891863,30.601142,Engine Repair,1,-1.9,30.617244,2.01,3.7,0,0,Kayonza,0
-2.382194,29.686168,Engine Repair,3,-2.340451,29.791401,12.58,4.8,0,0,Nyanza,0
-2.330711,30.658092,Welding,1,-2.162149,30.793658,24.05,4.6,0,1,Kirehe,0
-1.917901,30.48266,Electrical Systems,1,-1.932585,30.509095,3.36,4.6,0,0,Rwamagana,1
-1.95653,30.114217,Bodywork,1,-2.004532,30.142199,6.18,4.6,0,0,Kicukiro,1
-2.281991,29.813466,Suspension & Steering,1,-2.311619,29.768194,6.01,4.4,0,0,Nyanza,0
-1.674184,30.114051,Air Conditioning,1,-1.6713788,30.0103143,11.53,5.0,0,1,Rulindo,1
-2.193244,30.557579,Exhaust System,1,-2.086102,30.599442,12.79,4.2,0,0,Ngoma,1
-2.438269,29.69639,Oil Change,3,-2.300806,29.75411,16.58,4.3,0,1,Nyanza,0
-2.324492,30.670958,Brake System,1,-2.1354296,30.6638944,21.04,4.2,0,0,Kirehe,0
-1.975935,30.023384,Tire & Wheel,1,-1.971968,30.086423,7.02,4.2,0,0,Nyarugenge,1
-1.995129,30.051405,Exhaust System,1,-2.021303,30.051053,2.91,3.2,0,0,Kicukiro,1
-1.469207,29.589636,Engine Repair,3,-1.441268,29.657097,8.12,4.7,1,0,Musanze,1
-1.526416,29.631893,Exhaust System,1,-1.512567,29.6961195,7.3,4.4,0,1,Musanze,1
-1.442432,29.573902,Transmission Repair,3,-1.500724,29.630241,9.01,4.8,0,0,Musanze,1
-1.469275,29.557077,Oil Change,1,-1.5123792,29.6555023,11.94,4.3,0,0,Musanze,0
-2.280604,30.743129,Diagnostic Scanning,1,-2.10384,30.828133,21.81,4.0,1,1,Kirehe,0
-2.078698,30.142612,Engine Repair,1,-1.960963,30.349239,26.43,4.6,0,1,Bugesera,0
-1.693595,29.197,Suspension & Steering,1,-1.737373,29.181699,5.16,4.3,0,0,Rubavu,0
-1.97044,30.05325,Welding,1,-1.954,30.082,3.68,4.5,0,0,Nyarugenge,1
-2.598924,29.700461,Suspension & Steering,1,-2.660852,29.661805,8.12,4.9,0,0,Huye,1
-2.644631,29.71567,Suspension & Steering,1,-2.584428,29.81624,13.02,4.4,0,0,Huye,1
-1.934772,30.685399,Welding,1,-1.890318,30.621597,8.64,4.8,0,0,Kayonza,1
-1.931112,30.01958,Suspension & Steering,1,-1.948338,30.011861,2.1,4.0,0,0,Nyarugenge,1
-2.091942,29.824713,Oil Change,1,-2.001042,29.713343,15.98,3.4,0,0,Muhanga,0
-1.693059,29.186464,Air Conditioning,1,-1.693658,29.317613,14.58,3.6,0,0,Rubavu,0
-2.649469,29.734754,Engine Repair,1,-2.638662,29.747853,1.89,3.7,0,0,Huye,1
-1.676999,29.327637,Welding,1,-1.602745,29.34044,8.38,4.4,0,0,Rubavu,1
-1.933927,30.579294,Engine Repair,1,-1.899542,30.673349,11.13,3.5,0,1,Kayonza,1
-1.953178,30.085609,Engine Repair,3,-1.972873,30.030958,6.46,4.6,0,0,Nyarugenge,0
-1.96551,30.065203,Engine Repair,1,-1.963185,30.012369,5.88,4.6,0,0,Nyarugenge,1
-1.552529,29.678117,Brake System,1,-1.496503,29.564953,14.04,4.8,0,0,Musanze,1
-1.708957,30.120071,Diagnostic Scanning,1,-1.7575231,29.9505723,19.6,4.3,0,0,Rulindo,0
-2.609228,29.688037,Welding,1,-2.643655,29.71573,4.91,4.6,0,1,Huye,1
-1.797185,30.571285,Tire & Wheel,3,-1.912894,30.607798,13.49,4.0,1,0,Kayonza,1
-1.490369,30.010152,Brake System,1,-1.535502,30.004505,5.06,3.7,0,0,Gicumbi,1
-1.936417,30.400247,Suspension & Steering,3,-1.968122,30.4431668,5.93,3.4,1,1,Rwamagana,1
-1.729205,29.253419,Tire & Wheel,1,-1.620608,29.322391,14.3,4.3,0,1,Rubavu,1
-1.494641,29.603383,Air Conditioning,1,-1.529073,29.622067,4.36,3.8,0,1,Musanze,1
-2.214763,30.527106,Diagnostic Scanning,1,-2.1756676,30.5336291,4.41,3.6,0,0,Ngoma,1
-2.013172,30.079213,Suspension & Steering,3,-1.970195,30.069803,4.89,4.7,0,0,Kicukiro,1
-2.367301,29.772411,Suspension & Steering,1,-2.355066,29.733031,4.58,4.8,0,1,Nyanza,0
-1.584411,30.124219,Diagnostic Scanning,1,-1.567752,30.110783,2.38,4.0,0,1,Gicumbi,1
-1.625842,29.294617,Tire & Wheel,1,-1.766531,29.200163,18.84,4.4,0,1,Rubavu,1
-1.556219,29.706468,Oil Change,1,-1.503766,29.569855,16.27,4.0,0,1,Musanze,1
-1.939819,30.383132,Tire & Wheel,3,-1.947553,30.471102,9.81,4.8,0,1,Rwamagana,1
-1.995825,30.446006,Transmission Repair,1,-1.937212,30.43184,6.7,4.3,0,0,Rwamagana,1
-2.134828,30.134486,Brake System,3,-2.1189923,30.2120827,8.8,4.5,0,0,Bugesera,1
-2.147688,30.433832,Welding,1,-2.161838,30.39787,4.29,4.9,0,1,Ngoma,1
-1.567897,29.681142,Exhaust System,3,-1.564415,29.693165,1.39,3.8,1,1,Musanze,0
-2.351138,29.811543,Engine Repair,1,-2.3259619,29.7211509,10.43,4.7,0,0,Nyanza,1
-2.291623,30.661631,Welding,1,-2.159451,30.786551,20.22,4.5,0,0,Kirehe,0
-1.679527,30.14073,Bodywork,3,-1.707996,29.953459,21.05,4.6,0,0,Rulindo,0
-1.743106,29.284163,Air Conditioning,1,-1.703125,29.326979,6.51,4.4,0,0,Rubavu,0
-2.420731,29.672356,Air Conditioning,1,-2.3832323,29.7252707,7.21,4.5,0,1,Nyanza,1
-1.446434,29.575415,Exhaust System,1,-1.507049,29.627069,8.85,4.0,0,0,Musanze,1
-2.226653,30.559574,Diagnostic Scanning,3,-2.096135,30.543273,14.63,4.6,0,0,Ngoma,1
-2.262983,30.204211,Brake System,3,-2.219213,30.22624,5.45,3.1,1,0,Bugesera,0
-1.674366,30.072316,Diagnostic Scanning,3,-1.72697,29.984115,11.42,3.5,0,1,Rulindo,0
-2.179365,30.442923,Brake System,1,-2.144572,30.542641,11.74,4.6,0,0,Ngoma,1
-2.294058,30.722871,Exhaust System,1,-2.1089834,30.7439828,20.71,4.4,0,1,Kirehe,0
-1.920713,30.608203,Engine Repair,1,-1.89594,30.639563,4.44,4.9,0,0,Kayonza,0
-1.751905,29.224972,Exhaust System,1,-1.633851,29.273027,14.17,3.8,1,0,Rubavu,0
-1.926927,30.035474,Oil Change,1,-1.9679812,30.0546574,5.04,4.3,0,1,Nyarugenge,0
-1.469575,29.63691,Electrical Systems,1,-1.5468179,29.6037283,9.35,4.5,0,1,Musanze,0
-1.606339,29.238767,Tire & Wheel,1,-1.722504,29.258509,13.1,3.3,0,0,Rubavu,1
-2.145865,29.789943,Suspension & Steering,1,-2.034779,29.705764,15.49,4.6,1,1,Muhanga,1
-1.625407,29.96065,Exhaust System,1,-1.679321,30.131519,19.92,3.7,0,1,Gicumbi,0
-1.940185,30.05053,Brake System,1,-1.961627,30.15691,12.06,4.3,0,0,Kicukiro,0
-1.51216,29.654439,Brake System,1,-1.468842,29.673255,5.25,4.8,0,0,Musanze,1
-2.187846,30.557265,Electrical Systems,1,-2.12462,30.536732,7.39,4.2,0,0,Ngoma,1
-2.090833,29.727284,Exhaust System,3,-2.031536,29.744883,6.88,4.2,0,1,Muhanga,1
-2.09314,30.536271,Exhaust System,1,-2.1623719,30.5327059,7.71,4.9,0,0,Ngoma,1
-1.972208,30.365444,Welding,1,-1.9558085,30.4729161,12.08,4.0,0,1,Rwamagana,0
-2.021829,30.055392,Diagnostic Scanning,1,-1.9886612,30.1668059,12.92,3.4,1,0,Kicukiro,0
-2.41554,29.797143,Welding,3,-2.433975,29.796919,2.05,3.9,0,1,Nyanza,1
-1.926147,30.082646,Oil Change,1,-1.968756,30.10134,5.17,4.5,1,0,Nyarugenge,0
-1.48015,29.569829,Suspension & Steering,1,-1.570368,29.668085,14.83,4.6,0,0,Musanze,1
-1.960103,30.078003,Diagnostic Scanning,1,-1.973892,30.082081,1.6,4.2,0,1,Kicukiro,1
-1.657244,30.129298,Brake System,1,-1.675137,29.97611,17.14,4.2,0,1,Rulindo,1
-2.223361,30.20733,Tire & Wheel,1,-2.031532,30.35949,27.22,3.3,0,1,Bugesera,0
-2.264652,30.065635,Brake System,1,-2.2702341,30.1140298,5.41,4.9,0,1,Bugesera,1
-1.97638,30.070596,Exhaust System,1,-1.972179,30.094958,2.75,4.1,0,0,Nyarugenge,0
-2.437449,29.818084,Tire & Wheel,1,-2.350506,29.73151,13.64,4.8,0,0,Nyanza,1
-2.143992,30.470898,Exhaust System,1,-2.091886,30.57504,12.94,4.3,0,0,Ngoma,0
-1.947204,30.425833,Engine Repair,3,-1.980784,30.430613,3.77,4.3,0,0,Rwamagana,1
-2.584187,29.793988,Diagnostic Scanning,1,-2.583661,29.7025258,10.16,4.7,0,1,Huye,1
-2.362085,29.660583,Bodywork,1,-2.3772376,29.729508,7.84,4.6,0,1,Nyanza,1
-2.098037,30.121181,Diagnostic Scanning,3,-2.000833,30.28627,21.29,4.7,0,0,Bugesera,0
-1.420394,29.643503,Welding,1,-1.496818,29.54382,13.96,3.8,0,0,Musanze,1
-1.560313,29.592484,Air Conditioning,1,-1.569239,29.543192,5.57,4.3,0,1,Musanze,0
-2.062509,30.477512,Air Conditioning,1,-2.1916455,30.5069354,14.73,5.0,0,1,Ngoma,1
-2.637781,29.749762,Exhaust System,1,-2.617138,29.77587,3.7,4.7,1,0,Huye,1
-2.662306,29.790529,Diagnostic Scanning,3,-2.657533,29.701654,9.89,4.6,1,0,Huye,1
-2.43749,29.803757,Brake System,1,-2.328829,29.808898,12.1,3.4,0,0,Nyanza,0
-2.022418,30.122361,Brake System,1,-2.008121,30.111177,2.02,3.7,0,0,Kicukiro,0
-1.83123,30.668415,Bodywork,1,-1.879087,30.640994,6.13,3.7,1,1,Kayonza,0
-1.964038,30.03214,Engine Repair,1,-1.853265,30.056092,12.6,4.3,0,1,Gasabo,1
-1.882725,30.037668,Welding,1,-1.955355,30.131014,13.15,4.6,0,0,Gasabo,1
-2.150209,30.429549,Engine Repair,1,-2.1704753,30.5709458,15.87,4.7,1,1,Ngoma,1
-2.097829,30.545328,Engine Repair,1,-2.0752,30.56831,3.59,3.8,0,0,Ngoma,1
-2.231078,30.477017,Bodywork,1,-2.159629,30.537639,10.42,4.5,0,0,Ngoma,0
-2.277555,30.635379,Oil Change,1,-2.165606,30.825028,24.47,4.3,0,0,Kirehe,0
-2.152151,30.129442,Diagnostic Scanning,3,-2.0151,30.296838,24.05,4.3,0,1,Bugesera,0
-2.214719,30.190549,Exhaust System,1,-2.021461,30.329332,26.45,4.8,1,1,Bugesera,0
-2.016638,30.136012,Tire & Wheel,1,-1.959434,30.123508,6.51,4.9,0,0,Kicukiro,1
-1.647699,30.090706,Suspension & Steering,1,-1.529339,30.139797,14.25,4.2,0,1,Gicumbi,1
-2.091022,29.702653,Bodywork,1,-2.1172516,29.7934675,10.5,4.3,1,0,Muhanga,1
-2.300463,30.676739,Brake System,1,-2.111054,30.721332,21.64,3.8,0,0,Kirehe,0
-1.444181,29.637019,Diagnostic Scanning,1,-1.529453,29.621207,9.64,3.7,0,0,Musanze,1
-1.549689,29.574542,Exhaust System,1,-1.423833,29.6409,15.82,4.6,0,0,Musanze,1
-1.986803,30.095597,Oil Change,1,-2.023315,30.11711,4.71,4.9,0,0,Kicukiro,1
-2.160425,30.506769,Brake System,1,-2.136013,30.543691,4.92,3.8,0,0,Ngoma,1
-1.946748,30.149333,Exhaust System,1,-2.005713,30.125019,7.09,5.0,0,0,Kicukiro,1
-2.077648,30.545089,Electrical Systems,1,-2.2034963,30.504705,14.7,4.1,0,1,Ngoma,1
-2.256399,30.126832,Welding,1,-1.985982,30.315793,36.67,3.8,0,1,Bugesera,0
-2.120411,30.499954,Brake System,1,-2.1437349,30.5917443,10.52,4.0,0,1,Ngoma,1
-1.57103,30.102713,Electrical Systems,1,-1.544937,30.064462,5.15,4.5,1,0,Gicumbi,0
-1.51876,29.688501,Air Conditioning,1,-1.5266744,29.6200144,7.66,3.4,0,1,Musanze,1
-1.424447,29.674217,Electrical Systems,1,-1.518359,29.664195,10.5,4.9,1,1,Musanze,1
-2.008293,30.061265,Exhaust System,1,-1.971539,30.103849,6.25,4.9,0,1,Kicukiro,1
-2.092358,29.707872,Welding,1,-2.05515,29.737686,5.3,4.2,0,1,Muhanga,0
-2.267813,30.69073,Suspension & Steering,1,-2.152794,30.773026,15.72,4.2,0,1,Kirehe,1
-1.968095,30.045453,Electrical Systems,3,-1.971625,30.106953,6.85,4.9,1,0,Nyarugenge,0
-1.912874,30.110659,Welding,3,-1.84502,30.063402,9.19,4.6,0,0,Gasabo,1
-1.922093,30.025205,Engine Repair,1,-1.925093,30.063089,4.22,3.3,0,1,Nyarugenge,0
-1.768008,30.148974,Welding,3,-1.742966,29.969003,20.2,4.5,0,1,Rulindo,0
-1.981909,30.066072,Tire & Wheel,3,-1.925559,30.084442,6.59,4.8,0,0,Nyarugenge,1
-1.922825,30.03602,Brake System,3,-1.8974768,30.1479887,12.76,3.5,0,0,Gasabo,1
-1.654168,30.054547,Transmission Repair,3,-1.464151,29.941937,24.56,4.9,0,1,Gicumbi,0
-1.928439,30.699959,Bodywork,1,-1.795308,30.593326,18.96,4.7,0,0,Kayonza,1
-2.015517,30.083702,Electrical Systems,1,-1.952607,30.061222,7.43,4.0,0,0,Kicukiro,1
-1.943617,30.611605,Welding,1,-1.910702,30.650115,5.63,4.1,0,0,Kayonza,0
-2.314102,29.715277,Tire & Wheel,3,-2.3824432,29.7427562,8.19,4.9,0,1,Nyanza,1
-1.980444,30.11739,Bodywork,3,-1.9766966,30.0972788,2.27,5.0,0,1,Kicukiro,1
-1.609758,29.991844,Suspension & Steering,3,-1.523396,30.098344,15.24,3.8,0,0,Gicumbi,0
-1.852586,30.063418,Exhaust System,3,-1.8813899,30.072779,3.37,3.2,0,1,Gasabo,1
-1.925102,30.431964,Electrical Systems,1,-1.92406,30.454412,2.5,4.6,0,0,Rwamagana,0
-2.403448,29.682633,Transmission Repair,3,-2.360227,29.701894,5.26,4.8,0,0,Nyanza,1
-2.078251,29.793739,Exhaust System,3,-2.035108,29.762229,5.94,4.2,1,1,Muhanga,1
-1.646427,29.325927,Tire & Wheel,3,-1.70952,29.197465,15.91,4.9,0,0,Rubavu,1
-1.932914,30.122785,Exhaust System,1,-2.00853,30.17774,10.39,3.5,1,0,Kicukiro,1
-2.095181,29.767408,Engine Repair,3,-2.016596,29.669857,13.92,4.6,0,1,Muhanga,0
-2.151961,30.096289,Transmission Repair,1,-2.2380992,30.2325356,17.91,3.7,0,1,Bugesera,0
-1.995032,30.083893,Electrical Systems,1,-1.920838,30.174385,13.01,4.2,0,0,Kicukiro,1
-1.946599,30.092193,Transmission Repair,3,-2.023691,30.07579,8.76,4.1,0,0,Kicukiro,0
-1.94497,30.06004,Diagnostic Scanning,1,-1.927942,30.016337,5.21,4.2,0,0,Nyarugenge,1
-1.931638,30.667902,Suspension & Steering,1,-1.876174,30.670269,6.17,4.8,1,1,Kayonza,1
-1.891398,30.042484,Diagnostic Scanning,1,-1.9179069,30.0778896,4.92,4.0,0,1,Gasabo,1
-2.251059,30.708968,Tire & Wheel,3,-2.422762,30.656578,19.96,3.6,0,0,Kirehe,0
-2.391784,29.722048,Brake System,3,-2.354261,29.79198,8.82,4.2,0,0,Nyanza,1
-2.110183,30.517973,Electrical Systems,1,-2.157784,30.613952,11.91,4.8,0,0,Ngoma,1
-1.9411,30.09563,Engine Repair,1,-1.928186,30.042612,6.06,4.9,1,1,Kicukiro,1
-2.309486,30.649471,Suspension & Steering,1,-2.1582225,30.7300057,19.05,4.8,0,1,Kirehe,0
-1.952014,30.077133,Engine Repair,1,-1.908703,30.061555,5.12,4.5,1,0,Nyarugenge,1
-1.809158,30.024514,Engine Repair,1,-1.7235989,29.9223267,14.82,4.9,0,0,Rulindo,1
-2.069829,30.491268,Exhaust System,3,-2.1601063,30.5705367,13.35,4.2,0,0,Ngoma,0
-1.59713,30.030862,Bodywork,3,-1.556994,30.057943,5.38,4.4,1,0,Gicumbi,1
-2.301147,29.813974,Welding,1,-2.314168,29.769175,5.18,3.0,0,0,Nyanza,1
-2.304934,29.794665,Electrical Systems,1,-2.299334,29.732215,6.97,4.6,1,1,Nyanza,1
-2.003132,30.109605,Diagnostic Scanning,3,-1.967161,30.14163,5.35,4.6,0,0,Kicukiro,0
-1.937509,30.031216,Suspension & Steering,3,-1.961428,30.095067,7.58,3.4,0,0,Nyarugenge,1
-1.992005,30.396821,Electrical Systems,3,-1.954561,30.463253,8.48,4.5,0,0,Rwamagana,0
-1.933185,30.126519,Diagnostic Scanning,1,-1.984304,30.167042,7.25,4.4,0,0,Gasabo,1
-1.945704,30.474765,Electrical Systems,3,-1.91145,30.426639,6.57,4.2,0,0,Rwamagana,1
-2.309931,29.722373,Welding,1,-2.318603,29.773588,5.77,4.4,0,1,Nyanza,1
-2.009376,30.100323,Oil Change,1,-1.983101,30.107397,3.03,4.2,0,0,Kicukiro,0
-2.408716,30.646823,Tire & Wheel,1,-2.409746,30.565597,9.02,4.5,0,0,Kirehe,1
-2.225615,30.48327,Tire & Wheel,1,-2.140356,30.553195,12.26,3.7,1,0,Ngoma,1
-1.937866,30.064127,Transmission Repair,1,-1.94254,30.010656,5.96,4.7,0,1,Nyarugenge,0
-1.650932,30.020271,Tire & Wheel,1,-1.595846,30.062473,7.72,4.5,0,0,Gicumbi,0
-1.902024,30.481766,Brake System,1,-1.946584,30.519717,6.51,4.8,0,1,Rwamagana,1
-1.840599,30.66393,Air Conditioning,3,-1.891215,30.665178,5.63,4.5,1,1,Kayonza,1
-1.882321,30.37325,Electrical Systems,1,-1.992553,30.446561,14.72,4.1,0,0,Rwamagana,0
-1.937045,30.403074,Tire & Wheel,1,-1.9296955,30.4041639,0.83,3.6,0,0,Rwamagana,0
-2.432487,29.668337,Oil Change,3,-2.362143,29.779179,14.59,4.4,1,0,Nyanza,1
-2.329204,29.772028,Diagnostic Scanning,1,-2.293246,29.739975,5.35,4.5,0,0,Nyanza,1
-2.011903,30.135797,Brake System,1,-1.947784,30.1063,7.85,4.5,1,0,Kicukiro,0
-1.605701,29.198906,Diagnostic Scanning,1,-1.6709233,29.2493457,9.17,3.0,0,0,Rubavu,0
-1.902896,30.487167,Diagnostic Scanning,3,-1.98899,30.351502,17.86,4.7,0,1,Rwamagana,1
-1.906762,30.410583,Diagnostic Scanning,1,-1.912313,30.437613,3.07,4.6,0,1,Rwamagana,1
-2.325865,29.752695,Suspension & Steering,1,-2.3486218,29.7538079,2.53,4.4,0,1,Nyanza,1
-2.06124,30.452282,Transmission Repair,1,-2.150758,30.589518,18.21,4.5,0,0,Ngoma,1
-1.96216,30.486401,Diagnostic Scanning,1,-1.9498844,30.4350723,5.87,4.8,1,1,Rwamagana,0
-1.942517,30.6158,Diagnostic Scanning,1,-1.882733,30.675266,9.37,4.4,0,0,Kayonza,0
-2.03851,29.807577,Diagnostic Scanning,1,-2.157243,29.827438,13.39,4.9,0,1,Muhanga,0
-2.318092,30.672112,Transmission Repair,1,-2.25292,30.75713,11.91,4.6,0,0,Kirehe,0
-1.702992,30.097369,Oil Change,1,-1.753586,29.9250952,19.96,4.7,1,1,Rulindo,0
-1.928416,30.060972,Brake System,1,-1.89463,30.133651,8.91,4.7,1,0,Gasabo,1
-1.943502,30.049353,Exhaust System,1,-1.940159,30.091237,4.67,4.7,1,0,Nyarugenge,0
-1.984458,30.026859,Transmission Repair,3,-1.946299,30.037048,4.39,4.2,0,1,Nyarugenge,0
-1.66034,30.000927,Exhaust System,1,-1.706261,29.964542,6.51,4.8,0,1,Rulindo,1
-1.879451,30.026424,Exhaust System,1,-1.969912,30.147527,16.8,4.5,0,0,Gasabo,1
-1.94327,30.070249,Exhaust System,3,-1.878542,30.037767,8.05,4.1,0,0,Gasabo,1
-1.962672,30.06692,Electrical Systems,1,-1.969563,30.090407,2.72,4.1,0,1,Nyarugenge,1
-1.723776,29.184077,Welding,1,-1.76163,29.269102,10.35,4.9,0,1,Rubavu,1
-1.754718,30.047866,Transmission Repair,1,-1.72,29.99,7.5,4.5,0,1,Rulindo,0
-1.887195,30.366269,Exhaust System,1,-1.999668,30.434078,14.6,3.4,0,1,Rwamagana,1
-2.334588,30.674006,Exhaust System,1,-2.298716,30.572846,11.93,4.3,1,0,Kirehe,0
-1.542253,29.951628,Suspension & Steering,1,-1.548172,30.098127,16.3,3.0,1,0,Gicumbi,0
-1.966814,30.082239,Brake System,3,-1.953072,30.113919,3.84,3.3,0,0,Kicukiro,1
-1.549862,29.664593,Tire & Wheel,1,-1.529539,29.601043,7.42,4.7,0,0,Musanze,1
-1.96745,30.115229,Transmission Repair,1,-2.023075,30.13339,6.51,4.8,1,1,Kicukiro,1
-2.309549,30.702656,Electrical Systems,3,-2.1574604,30.7521485,17.78,4.6,0,1,Kirehe,0
-1.981059,30.084037,Engine Repair,3,-1.991927,30.094066,1.64,4.9,0,1,Kicukiro,1
-1.612008,30.102766,Bodywork,3,-1.5943588,29.9928826,12.37,4.9,1,1,Gicumbi,1
-1.962684,30.45838,Welding,1,-1.980841,30.440574,2.83,3.8,0,0,Rwamagana,0
-1.8891,30.105825,Bodywork,1,-1.923439,30.091338,4.14,4.4,0,0,Gasabo,1
-2.342271,29.742948,Transmission Repair,1,-2.333573,29.745706,1.01,4.4,0,0,Nyanza,1
-1.625151,29.334282,Brake System,1,-1.740737,29.331623,12.86,4.5,1,0,Rubavu,1
-2.176703,30.246648,Transmission Repair,3,-2.134969,30.089865,18.03,3.2,0,0,Bugesera,0
-1.572761,30.094871,Engine Repair,1,-1.555455,30.14696,6.1,3.7,0,0,Gicumbi,0
-2.336994,29.697962,Welding,1,-2.331577,29.729127,3.51,4.3,0,0,Nyanza,0
-1.953732,30.077976,Exhaust System,1,-1.916048,30.024552,7.27,3.5,0,0,Nyarugenge,1
-1.963989,30.077755,Bodywork,1,-1.9782313,30.0675377,1.95,4.7,0,0,Nyarugenge,0
-2.304803,30.621433,Transmission Repair,1,-2.160808,30.753177,21.69,4.5,0,1,Kirehe,0
-1.952396,30.029536,Suspension & Steering,3,-1.957947,30.055857,2.99,4.6,0,0,Nyarugenge,0
-2.413827,30.592819,Diagnostic Scanning,1,-2.0990385,30.6445614,35.47,3.9,0,0,Kirehe,0
-1.990528,30.441233,Tire & Wheel,1,-1.87015,30.503717,15.08,3.7,1,0,Rwamagana,1
-1.921951,30.715,Engine Repair,3,-1.898545,30.666937,5.94,4.5,0,1,Kayonza,1
-2.335473,30.73616,Air Conditioning,1,-2.334733,30.569824,18.48,4.5,0,0,Kirehe,0
-1.988737,30.088078,Oil Change,1,-1.951963,30.033768,7.29,4.9,0,0,Nyarugenge,1
-2.549955,29.758938,Brake System,1,-2.641149,29.685777,13.0,3.0,0,1,Huye,1
-1.915649,30.082861,Engine Repair,3,-1.975677,30.111012,7.37,4.6,0,1,Gasabo,1
-1.928462,30.056051,Electrical Systems,1,-1.983498,30.013902,7.71,3.3,0,0,Nyarugenge,1
-1.570692,29.57019,Tire & Wheel,1,-1.487536,29.627332,11.22,4.7,0,0,Musanze,1
-1.984798,30.411483,Transmission Repair,1,-1.923311,30.467346,9.24,4.7,0,1,Rwamagana,1
-2.006091,30.08196,Engine Repair,1,-1.951698,30.082661,6.05,3.5,0,0,Kicukiro,1
-2.404318,29.747319,Oil Change,1,-2.341063,29.738295,7.1,4.8,1,0,Nyanza,1
-2.595502,29.80326,Air Conditioning,1,-2.549829,29.762919,6.77,4.5,0,1,Huye,1
-1.470924,30.117479,Suspension & Steering,1,-1.559159,30.106885,9.88,4.9,0,0,Gicumbi,1
-1.968753,30.44117,Engine Repair,3,-1.912313,30.437613,6.29,4.6,0,1,Rwamagana,1
-1.523764,29.675497,Brake System,3,-1.437444,29.543725,17.51,4.3,0,0,Musanze,0
-2.125333,29.676191,Transmission Repair,1,-2.076107,29.802092,15.02,3.6,0,0,Muhanga,0
-1.934748,30.456395,Air Conditioning,1,-1.934538,30.472034,1.74,3.7,0,1,Rwamagana,1
-2.167843,30.135375,Air Conditioning,1,-1.992232,30.2125769,21.33,5.0,0,1,Bugesera,0
-1.909067,30.365445,Transmission Repair,3,-1.939819,30.366363,3.42,3.5,1,0,Rwamagana,1
-1.545958,30.068328,Tire & Wheel,1,-1.507795,30.096514,5.27,4.3,1,0,Gicumbi,1
-2.280404,30.676608,Oil Change,3,-2.116932,30.760572,20.43,3.5,0,1,Kirehe,0
-1.998562,30.089792,Diagnostic Scanning,1,-2.012472,30.127864,4.5,4.6,0,0,Kicukiro,1
-1.883126,30.375053,Engine Repair,1,-1.999668,30.434078,14.52,3.4,0,1,Rwamagana,1
-2.438149,29.737842,Bodywork,1,-2.346905,29.744281,10.17,4.1,0,1,Nyanza,1
-1.63932,30.069772,Engine Repair,3,-1.524009,30.081982,12.89,4.4,0,0,Gicumbi,1
-2.234052,30.429479,Welding,1,-2.129007,30.544728,17.33,4.2,0,1,Ngoma,1
-2.622035,29.705812,Exhaust System,1,-2.561432,29.699126,6.78,4.3,0,0,Huye,1
-2.287701,29.676193,Brake System,3,-2.327315,29.733831,7.77,4.9,0,1,Nyanza,0
-1.585344,30.041418,Transmission Repair,1,-1.6288012,30.0078964,6.1,4.7,1,0,Gicumbi,1
-2.631009,29.770065,Tire & Wheel,1,-2.6366933,29.7501223,2.3,4.6,0,1,Huye,0
-1.895859,30.12254,Exhaust System,1,-1.934618,30.017727,12.42,4.9,0,0,Gasabo,1
-1.548658,30.128718,Transmission Repair,1,-1.6549692,30.0252929,16.49,3.7,1,1,Gicumbi,1
-1.673787,30.137204,Suspension & Steering,1,-1.6722283,29.9757221,17.95,3.6,0,0,Rulindo,0
-1.882041,30.474295,Tire & Wheel,1,-1.9555509,30.4304452,9.52,4.8,0,1,Rwamagana,0
-2.096935,30.520164,Oil Change,1,-2.101509,30.629374,12.15,4.7,0,0,Ngoma,1
-2.181687,30.208308,Suspension & Steering,3,-1.968438,30.345807,28.21,4.7,1,0,Bugesera,0
-2.130238,30.206418,Electrical Systems,1,-1.9739,30.354454,23.93,4.7,1,1,Bugesera,0
-2.395664,30.632829,Transmission Repair,1,-2.165421,30.7561,29.04,3.8,0,0,Kirehe,0
-1.517239,29.66968,Brake System,1,-1.495896,29.602831,7.8,4.4,0,0,Musanze,1
-2.026661,29.796163,Electrical Systems,1,-2.088208,29.734074,9.72,4.5,0,0,Muhanga,1
-1.898476,30.041794,Bodywork,3,-1.896278,30.023868,2.01,4.5,0,0,Gasabo,1
-2.298071,29.762908,Exhaust System,1,-2.314463,29.808015,5.33,4.5,0,0,Nyanza,0
-1.808787,30.73983,Tire & Wheel,1,-1.872843,30.650698,12.2,5.0,1,0,Kayonza,1
-2.299808,30.667193,Oil Change,1,-2.1401582,30.7183005,18.64,5.0,0,1,Kirehe,1
-1.507205,29.588379,Exhaust System,1,-1.445143,29.581809,6.94,4.3,0,0,Musanze,1
-1.975202,30.065519,Engine Repair,1,-1.972195,30.085829,2.28,3.0,1,0,Nyarugenge,0
-1.952954,30.076766,Oil Change,1,-1.886174,30.10054,7.88,4.1,0,0,Gasabo,1
-1.739882,30.126789,Oil Change,3,-1.671268,29.951805,20.89,4.2,0,0,Rulindo,0
-2.607956,29.681596,Tire & Wheel,1,-2.575204,29.742983,7.73,4.5,1,0,Huye,1
-2.087903,30.518808,Welding,3,-2.10666,30.603289,9.62,4.3,0,1,Ngoma,1
-2.118735,30.085638,Exhaust System,3,-2.2337593,30.2226282,19.88,4.0,0,1,Bugesera,0
-1.990915,30.428457,Welding,1,-1.953147,30.509842,9.97,4.2,1,1,Rwamagana,1
-2.397963,30.705681,Diagnostic Scanning,1,-2.099854,30.726637,33.23,4.5,1,1,Kirehe,0
-1.719487,29.197476,Welding,1,-1.6866237,29.3194943,14.05,4.2,0,1,Rubavu,1
-1.932351,30.038668,Oil Change,1,-1.979067,30.095926,8.21,4.3,0,0,Nyarugenge,0
-1.910196,30.699446,Suspension & Steering,3,-1.883682,30.611731,10.18,4.7,0,1,Kayonza,1
-1.723763,29.330534,Brake System,3,-1.618848,29.334579,11.67,4.2,0,0,Rubavu,1
-2.019615,30.074031,Tire & Wheel,1,-2.024123,30.107636,3.77,3.9,0,1,Kicukiro,1
-2.428169,29.734998,Tire & Wheel,1,-2.359884,29.796949,10.25,4.2,1,0,Nyanza,0
-1.919116,30.05637,Diagnostic Scanning,1,-1.968917,30.029066,6.31,3.9,0,1,Nyarugenge,0
-2.387994,30.651229,Suspension & Steering,3,-2.391673,30.655796,0.65,3.7,0,0,Kirehe,0
-2.012127,30.080066,Brake System,1,-1.980296,30.087192,3.63,3.5,0,0,Kicukiro,0
-1.562672,29.580184,Transmission Repair,3,-1.464388,29.592193,11.01,4.3,0,1,Musanze,1
-1.473312,29.697376,Air Conditioning,1,-1.430285,29.691642,4.83,4.2,0,1,Musanze,1
-1.618631,30.121403,Brake System,3,-1.513443,30.116399,11.71,3.5,0,1,Gicumbi,0
-2.214045,30.544847,Suspension & Steering,1,-2.1523022,30.5899581,8.5,4.3,1,1,Ngoma,0
-2.229263,30.472874,Diagnostic Scanning,1,-2.2145784,30.5151348,4.97,4.5,0,1,Ngoma,0
-1.546563,30.053613,Electrical Systems,3,-1.52912,30.087843,4.27,4.6,0,1,Gicumbi,1
-2.383419,29.672009,Brake System,1,-2.3893529,29.7289983,6.37,4.5,0,0,Nyanza,1
-1.938541,30.605956,Transmission Repair,1,-1.881999,30.673472,9.79,3.8,0,1,Kayonza,1
-1.542253,29.695271,Tire & Wheel,1,-1.468593,29.708486,8.32,4.2,0,0,Musanze,1
-1.91512,30.139651,Engine Repair,1,-1.943722,30.109216,4.64,4.2,1,0,Gasabo,0
-2.431555,29.802987,Brake System,1,-2.355583,29.783689,8.72,4.2,0,1,Nyanza,0
-1.747419,29.998641,Welding,1,-1.774111,30.068876,8.35,4.6,0,1,Rulindo,1
-1.850124,30.134727,Tire & Wheel,3,-1.97218,30.115486,13.74,4.4,1,0,Gasabo,1
-1.943859,30.058213,Exhaust System,1,-1.895236,30.079877,5.92,4.7,0,1,Gasabo,1
-1.957064,30.405189,Air Conditioning,1,-1.937093,30.45568,6.03,4.4,0,1,Rwamagana,1
-1.9375,30.064074,Electrical Systems,3,-1.9355443,30.0603379,0.47,4.2,0,1,Nyarugenge,1
-2.267224,30.655834,Welding,1,-2.135399,30.79798,21.55,3.7,0,0,Kirehe,0
-1.678157,29.211151,Bodywork,1,-1.7157305,29.2370211,5.07,4.0,0,1,Rubavu,0
-1.932424,30.467805,Suspension & Steering,1,-2.017946,30.352714,15.94,3.4,0,0,Rwamagana,0
-2.389059,29.798848,Oil Change,1,-2.326318,29.703242,12.71,3.9,0,0,Nyanza,1
-2.359115,29.745094,Brake System,1,-2.307121,29.7348,5.89,4.6,0,0,Nyanza,1
-1.487537,29.561133,Diagnostic Scanning,1,-1.488984,29.668084,11.89,4.6,0,0,Musanze,0
-1.925683,30.088827,Exhaust System,1,-1.952093,30.028911,7.28,4.7,0,0,Nyarugenge,1
-2.003025,30.458277,Transmission Repair,3,-1.938714,30.488199,7.89,3.2,0,0,Rwamagana,1
-2.149105,30.136503,Welding,1,-1.974142,30.35489,31.1,4.8,0,0,Bugesera,0
-1.959666,30.100448,Exhaust System,1,-1.989969,30.161471,7.57,4.7,0,0,Kicukiro,0
-1.641962,29.967887,Air Conditioning,3,-1.6493907,29.9914539,2.75,4.3,0,0,Gicumbi,0
-1.916169,30.059622,Air Conditioning,1,-1.918601,30.021172,4.28,4.3,0,0,Nyarugenge,0
-1.927014,30.134045,Exhaust System,3,-1.984742,30.085522,8.38,3.8,0,1,Gasabo,1
-1.498537,29.56864,Transmission Repair,1,-1.4885635,29.5988522,3.54,4.5,0,0,Musanze,1
-1.52252,30.090061,Welding,1,-1.6527807,30.0751519,14.58,4.8,0,1,Gicumbi,1
-2.387969,29.729769,Suspension & Steering,1,-2.342269,29.790579,8.45,4.7,0,1,Nyanza,0
-2.209698,30.573611,Electrical Systems,3,-2.128976,30.486594,13.19,4.3,0,0,Ngoma,1
-2.579138,29.768736,Transmission Repair,1,-2.679986,29.703349,13.36,4.9,1,0,Huye,1
-1.734762,29.238452,Welding,1,-1.713347,29.274192,4.63,4.6,0,1,Rubavu,0
-2.329811,30.749089,Oil Change,3,-2.313126,30.580767,18.79,4.0,0,0,Kirehe,0
-1.741218,30.148401,Electrical Systems,1,-1.7124454,30.0099851,15.71,4.9,0,0,Rulindo,0
-2.169358,30.562354,Diagnostic Scanning,1,-2.2137579,30.5760158,5.17,5.0,0,0,Ngoma,1
-1.494661,30.014718,Engine Repair,1,-1.672206,30.041873,19.97,3.8,1,1,Gicumbi,0
-1.941384,30.126688,Tire & Wheel,3,-1.957821,30.077644,5.75,4.7,1,0,Kicukiro,0
-2.339444,29.684412,Engine Repair,1,-2.41254,29.799238,15.13,3.3,0,0,Nyanza,1
-2.319368,30.66005,Suspension & Steering,1,-2.333212,30.730204,7.94,3.9,0,1,Kirehe,0
-2.387153,30.622699,Exhaust System,1,-2.091493,30.6875339,33.66,4.5,0,0,Kirehe,0
-1.880806,30.630247,Welding,1,-1.874667,30.638502,1.14,4.8,0,0,Kayonza,0
-1.959017,30.024259,Transmission Repair,3,-1.921943,30.051991,5.15,4.9,0,1,Nyarugenge,1
-1.934718,30.380454,Brake System,1,-1.977077,30.508974,15.04,4.4,0,1,Rwamagana,1
-2.610658,29.72834,Suspension & Steering,1,-2.633399,29.788819,7.18,3.0,0,1,Huye,1
-2.342581,29.763236,Brake System,3,-2.367202,29.745459,3.38,4.3,0,0,Nyanza,1
-2.130419,30.080671,Welding,3,-2.1954491,30.1179218,8.33,4.9,0,0,Bugesera,1
-1.988612,30.051371,Bodywork,1,-1.993235,30.01073,4.55,3.7,0,1,Nyarugenge,0
-2.371291,29.777492,Welding,1,-2.386182,29.7653216,2.14,4.4,0,0,Nyanza,1
-1.931591,30.402937,Electrical Systems,1,-1.991871,30.508899,13.55,3.2,0,0,Rwamagana,0
-2.361255,30.699472,Bodywork,1,-2.133087,30.748194,25.94,3.8,0,0,Kirehe,0
-1.755155,30.052612,Brake System,1,-1.659032,30.159836,16.01,3.3,0,1,Rulindo,0
-2.04548,29.701876,Tire & Wheel,1,-2.049984,29.703444,0.53,3.0,0,1,Muhanga,1
-2.530313,29.784647,Transmission Repair,3,-2.645432,29.806667,13.03,4.2,0,1,Huye,1
-2.376052,30.689496,Exhaust System,1,-2.143155,30.80912,29.11,4.4,1,1,Kirehe,0
-2.08317,30.492879,Electrical Systems,3,-2.113162,30.542908,6.48,4.7,0,0,Ngoma,1
-2.41177,29.712387,Exhaust System,3,-2.392847,29.706801,2.19,4.0,0,0,Nyanza,0
-1.865573,30.087366,Transmission Repair,3,-1.902552,30.071919,4.46,4.8,0,1,Gasabo,1
-1.68315,29.300118,Suspension & Steering,1,-1.692516,29.25766,4.83,5.0,0,0,Rubavu,0
-1.832328,30.629197,Bodywork,1,-1.901233,30.651337,8.05,4.0,0,0,Kayonza,0
-1.965807,30.135736,Welding,1,-1.972,30.135,0.69,4.5,1,1,Kicukiro,1
-1.900135,30.570191,Suspension & Steering,1,-1.932891,30.661847,10.82,3.8,0,0,Kayonza,1
-1.962757,30.468119,Diagnostic Scanning,3,-1.930272,30.448003,4.25,4.0,1,1,Rwamagana,1
-2.353298,29.665854,Oil Change,1,-2.3896139,29.7350439,8.68,4.4,0,1,Nyanza,1
-1.808423,30.707601,Oil Change,1,-1.871683,30.628485,11.26,4.1,0,0,Kayonza,1
-2.57119,29.684548,Diagnostic Scanning,1,-2.560032,29.701708,2.27,4.5,0,1,Huye,1
-2.304766,29.774442,Transmission Repair,1,-2.368035,29.734528,8.32,4.0,0,1,Nyanza,1
-1.882704,30.363154,Electrical Systems,1,-1.917124,30.428836,8.24,4.8,0,1,Rwamagana,0
-1.544298,29.984351,Engine Repair,3,-1.579851,30.145656,18.36,4.7,1,0,Gicumbi,1
-1.957327,30.574598,Brake System,1,-1.894972,30.658322,11.6,4.2,0,0,Kayonza,1
-2.156067,30.578922,Diagnostic Scanning,1,-2.102122,30.593258,6.21,3.3,0,0,Ngoma,1
-1.711995,30.072976,Diagnostic Scanning,1,-1.7341293,29.9987655,8.61,3.8,1,0,Rulindo,1
-1.902103,30.400403,Tire & Wheel,3,-1.9238892,30.4234893,3.53,4.2,0,1,Rwamagana,1
-1.6079,29.233214,Suspension & Steering,1,-1.654744,29.32493,11.45,4.7,0,1,Rubavu,1
-2.350907,30.729986,Welding,1,-2.081486,30.814769,31.4,4.3,0,0,Kirehe,0
-1.749092,30.038659,Electrical Systems,1,-1.7480262,30.0229013,1.76,4.0,0,0,Rulindo,1
-2.310475,29.808862,Brake System,1,-2.35,29.74,8.82,4.1,0,1,Nyanza,1
-2.582692,29.724601,Engine Repair,3,-2.641995,29.769541,8.27,4.3,1,0,Huye,1
-2.267503,30.094788,Bodywork,1,-2.230969,30.218957,14.38,4.2,0,1,Bugesera,1
-1.646824,30.080809,Welding,3,-1.5592675,30.0708436,9.8,4.9,0,1,Gicumbi,1
-1.945457,30.575414,Suspension & Steering,1,-1.886468,30.623273,8.44,4.6,0,0,Kayonza,1
-1.720156,29.203338,Brake System,1,-1.7147684,29.2462261,4.8,4.5,0,0,Rubavu,1
-2.649542,29.705869,Engine Repair,1,-2.657175,29.78891,9.26,4.3,0,1,Huye,1
-1.518381,30.120555,Transmission Repair,1,-1.565484,30.068927,7.77,4.6,1,1,Gicumbi,1
-2.564802,29.75795,Bodywork,3,-2.529384,29.759042,3.94,4.5,0,1,Huye,0
-1.978026,30.113336,Brake System,1,-2.019599,30.153371,6.42,4.0,0,0,Kicukiro,1
-1.744141,30.042381,Welding,1,-1.687568,29.934216,13.57,4.5,0,0,Rulindo,1
-1.640337,30.10932,Transmission Repair,1,-1.5960972,30.0993963,5.04,4.9,0,0,Gicumbi,1
-1.985571,30.068975,Transmission Repair,1,-1.942209,30.049533,5.28,4.3,0,0,Nyarugenge,0
-2.170514,30.07404,Oil Change,1,-2.041033,30.368233,35.72,4.3,0,0,Bugesera,0
-1.691453,29.234916,Tire & Wheel,1,-1.7079945,29.311777,8.74,3.9,0,1,Rubavu,1
-1.923223,30.46099,Exhaust System,1,-1.965427,30.482903,5.29,4.8,0,1,Rwamagana,0
-1.948734,30.071753,Engine Repair,3,-1.989933,30.089544,4.99,4.3,0,1,Nyarugenge,0
-1.799383,30.025617,Electrical Systems,1,-1.736079,29.900891,15.55,3.5,0,1,Rulindo,1
-1.988963,30.055785,Exhaust System,1,-1.9538719,30.0498282,3.96,4.6,0,1,Nyarugenge,1
-1.934662,30.430029,Transmission Repair,1,-1.973368,30.49141,8.07,4.9,0,1,Rwamagana,1
-1.915923,30.028777,Brake System,1,-1.956224,30.065241,6.04,4.6,0,0,Nyarugenge,1
-2.086539,30.240556,Suspension & Steering,1,-2.07119,30.164006,8.68,4.9,0,0,Bugesera,0
-2.330724,29.699357,Brake System,1,-2.294241,29.726555,5.06,4.3,0,0,Nyanza,1
-1.878158,30.105867,Tire & Wheel,3,-1.921184,30.14611,6.55,4.5,1,0,Gasabo,1
-2.404334,29.742094,Transmission Repair,1,-2.35672,29.795308,7.94,4.4,0,1,Nyanza,1
-2.022358,29.759829,Transmission Repair,1,-2.033184,29.707915,5.89,4.1,1,0,Muhanga,1
-1.946809,30.457676,Transmission Repair,1,-1.917411,30.470826,3.58,3.7,1,0,Rwamagana,0
-1.513171,29.563667,Welding,1,-1.496798,29.70797,16.14,4.7,1,0,Musanze,1
-2.652353,29.776439,Welding,1,-2.583321,29.746583,8.36,4.6,0,1,Huye,0
-2.230585,30.562836,Exhaust System,1,-2.055171,30.40607,26.15,3.7,0,0,Ngoma,0
-2.303281,30.570758,Diagnostic Scanning,3,-2.087363,30.725263,29.52,4.4,0,1,Kirehe,0
-1.687869,30.056816,Bodywork,1,-1.7641134,29.9499987,14.59,4.8,0,1,Rulindo,0
-1.98312,30.09588,Welding,3,-1.9698509,30.1235631,3.41,5.0,0,1,Kicukiro,0
-2.125722,30.080601,Welding,1,-2.1010866,30.1033907,3.73,4.4,0,0,Bugesera,1
-2.598985,29.693794,Tire & Wheel,1,-2.6307866,29.7413357,6.36,4.9,1,0,Huye,1
-2.214216,30.55648,Electrical Systems,1,-2.211635,30.511342,5.02,4.8,0,0,Ngoma,0
-2.411816,29.704539,Tire & Wheel,1,-2.3839199,29.7746252,8.38,4.7,0,1,Nyanza,1
-1.917024,30.422363,Brake System,1,-1.891144,30.451228,4.31,3.0,0,0,Rwamagana,1
-2.260146,30.689578,Tire & Wheel,1,-2.097517,30.743608,19.05,4.5,0,0,Kirehe,1
-1.964337,30.054043,Air Conditioning,1,-1.996838,30.045361,3.74,4.8,0,0,Kicukiro,1
-1.934934,30.145643,Oil Change,1,-1.925658,30.135826,1.5,4.6,0,1,Kicukiro,1
-1.659473,29.212306,Engine Repair,1,-1.6734598,29.3225628,12.35,3.6,0,0,Rubavu,1
-1.946202,30.076663,Transmission Repair,1,-1.938713,30.049777,3.1,4.4,0,1,Nyarugenge,1
-1.705725,29.290961,Electrical Systems,1,-1.609346,29.301498,10.78,4.7,1,1,Rubavu,1
-1.884029,30.051538,Brake System,1,-1.9443,30.073341,7.13,4.8,0,0,Gasabo,0
-1.937566,30.076126,Electrical Systems,1,-1.961777,30.099454,3.74,4.7,0,0,Nyarugenge,1
-1.880007,30.365633,Suspension & Steering,1,-1.980784,30.430613,13.33,4.3,0,0,Rwamagana,0
-1.999689,30.381621,Suspension & Steering,3,-1.884964,30.445493,14.6,3.6,0,0,Rwamagana,1
-1.73732,30.130566,Welding,1,-1.717602,29.908721,24.75,4.4,0,0,Rulindo,0
-1.889782,30.07018,Engine Repair,3,-1.948715,30.063782,6.59,4.9,1,0,Gasabo,1
-1.606067,30.116847,Brake System,1,-1.488165,30.080681,13.71,4.0,1,1,Gicumbi,1
-2.383857,29.806266,Diagnostic Scanning,1,-2.322803,29.779959,7.39,4.6,0,0,Nyanza,1
-1.880268,30.593889,Tire & Wheel,3,-1.8958125,30.5075281,9.75,3.0,0,0,Kayonza,1
-2.332048,29.718738,Exhaust System,3,-2.329002,29.746734,3.13,4.5,0,0,Nyanza,1
-1.90187,30.43464,Brake System,3,-1.892456,30.400781,3.91,3.4,0,1,Rwamagana,1
-1.672606,30.064067,Bodywork,1,-1.708246,29.925915,15.86,4.2,0,0,Rulindo,1
-1.743694,30.006595,Bodywork,1,-1.695228,29.916899,11.33,3.8,0,0,Rulindo,1
-1.898531,30.592512,Engine Repair,1,-1.917791,30.65512,7.28,4.1,0,1,Kayonza,1
-2.065948,29.693015,Transmission Repair,1,-2.041987,29.731736,5.06,2.5,0,1,Muhanga,0
-1.941447,30.397658,Suspension & Steering,1,-1.9399914,30.4695638,7.99,5.0,0,1,Rwamagana,1
-1.542066,30.088103,Suspension & Steering,3,-1.6274651,30.0666645,9.79,4.0,0,0,Gicumbi,0
-2.146018,29.748312,Suspension & Steering,1,-2.0565404,29.7278545,10.21,3.9,1,0,Muhanga,1
-1.795136,30.072438,Engine Repair,1,-1.738929,29.932425,16.77,4.5,0,1,Rulindo,0
-1.858341,30.640688,Brake System,1,-1.915673,30.626952,6.56,4.5,0,0,Kayonza,0
-2.288663,29.67628,Brake System,1,-2.327003,29.754596,9.69,4.2,0,1,Nyanza,1
-2.031979,29.737158,Transmission Repair,1,-2.030298,29.734648,0.34,4.5,0,0,Muhanga,0
-1.951656,30.043704,Welding,3,-1.978531,30.043062,2.99,4.1,0,0,Gasabo,1
-2.402607,29.799859,Engine Repair,1,-2.343381,29.730148,10.17,4.0,1,1,Nyanza,1
-2.079473,29.743878,Electrical Systems,1,-2.070847,29.751978,1.32,2.5,0,0,Muhanga,0
-2.391293,30.647107,Diagnostic Scanning,1,-2.136073,30.815458,33.99,4.6,1,0,Kirehe,0
-1.482303,29.997651,Transmission Repair,1,-1.57629,30.077795,13.73,4.6,0,1,Gicumbi,1
-1.420926,29.558305,Electrical Systems,1,-1.489975,29.614626,9.91,4.5,0,1,Musanze,1
-2.163724,30.094364,Exhaust System,1,-2.00901,30.336697,31.95,4.4,0,0,Bugesera,0
-2.251882,30.731439,Transmission Repair,1,-2.120336,30.773961,15.37,5.0,1,0,Kirehe,1
-1.890521,30.389869,Exhaust System,1,-1.9432024,30.404,6.06,4.4,0,0,Rwamagana,1
-2.19773,30.561896,Diagnostic Scanning,1,-2.14349,30.562245,6.03,4.4,0,1,Ngoma,1
-2.010885,30.065396,Transmission Repair,1,-2.028799,30.139661,8.49,4.8,0,1,Kicukiro,0
-1.780888,30.020362,Bodywork,1,-1.79447,30.14419,13.84,3.9,0,0,Rulindo,1
-1.956052,30.716193,Electrical Systems,3,-1.8921234,30.5334858,21.51,3.5,0,0,Kayonza,0
-2.219104,30.216652,Exhaust System,1,-1.996243,30.313199,27.0,4.5,0,0,Bugesera,0
-1.512454,29.674083,Brake System,3,-1.574075,29.67107,6.86,4.7,0,1,Musanze,1
-1.669655,29.241058,Diagnostic Scanning,1,-1.6526847,29.334338,10.54,4.9,0,1,Rubavu,0
-1.729972,29.273701,Engine Repair,1,-1.759083,29.233758,5.49,4.0,0,0,Rubavu,1
-2.294441,30.634132,Air Conditioning,3,-2.159928,30.811935,24.78,4.1,0,0,Kirehe,0
-2.077006,29.792205,Bodywork,1,-2.088525,29.740866,5.85,3.2,1,0,Muhanga,0
-2.41706,30.63772,Air Conditioning,3,-2.352613,30.699802,9.95,4.9,0,0,Kirehe,1
-2.638714,29.72245,Bodywork,1,-2.656488,29.797148,8.53,4.6,0,0,Huye,1
-1.863439,30.680913,Brake System,1,-1.914234,30.683396,5.65,4.1,0,0,Kayonza,0
-2.287469,30.687094,Air Conditioning,1,-2.1628029,30.7134779,14.17,4.6,1,0,Kirehe,1
-2.071713,30.53074,Tire & Wheel,1,-2.110424,30.585225,7.43,4.5,0,1,Ngoma,1
-1.946125,30.388959,Bodywork,1,-1.978609,30.465391,9.23,3.5,0,1,Rwamagana,0
-1.937159,30.455666,Brake System,1,-1.953327,30.515821,6.92,4.7,0,0,Rwamagana,1
-2.03502,29.816408,Transmission Repair,3,-2.029917,29.716809,11.08,4.3,0,0,Muhanga,1
-1.543963,30.143191,Engine Repair,1,-1.506632,30.138821,4.18,4.7,0,1,Gicumbi,1
-1.487716,29.950523,Diagnostic Scanning,1,-1.536188,30.118829,19.47,4.7,0,1,Gicumbi,0
-1.634306,30.009039,Exhaust System,1,-1.499821,30.135017,20.49,5.0,0,0,Gicumbi,0
-2.18645,30.486963,Bodywork,1,-2.1995198,30.5664194,8.95,5.0,0,0,Ngoma,0
-1.542273,29.554659,Exhaust System,1,-1.505,29.628,9.15,4.1,0,1,Musanze,1
-1.852899,30.720072,Diagnostic Scanning,1,-1.879463,30.633388,10.08,4.0,0,1,Kayonza,1
-1.88926,30.606825,Transmission Repair,3,-1.871659,30.657694,5.98,4.9,0,0,Kayonza,1
-2.086441,30.420369,Diagnostic Scanning,1,-2.1599281,30.5261381,14.31,3.2,0,0,Ngoma,1
-1.527033,30.050787,Engine Repair,1,-1.575626,30.068308,5.74,4.5,0,0,Gicumbi,0
-2.006469,30.362547,Exhaust System,1,-1.934162,30.45846,13.35,3.3,0,0,Rwamagana,1
-1.693784,29.314826,Welding,1,-1.752298,29.298934,6.74,4.6,0,1,Rubavu,0
-1.938616,30.049552,Air Conditioning,1,-1.912681,30.027355,3.79,4.3,0,0,Nyarugenge,0
-2.363132,29.686079,Engine Repair,1,-2.3792404,29.7554241,7.91,4.2,0,1,Nyanza,0
-1.889958,30.097687,Bodywork,3,-1.891385,30.086893,1.21,4.8,0,1,Gasabo,0
-2.088075,29.714584,Suspension & Steering,3,-2.024687,29.741626,7.66,4.3,0,0,Muhanga,0
-2.552905,29.76674,Engine Repair,3,-2.652241,29.785547,11.24,4.6,1,1,Huye,0
-1.90663,30.130117,Bodywork,1,-1.975948,30.144428,7.87,4.3,0,1,Gasabo,1
-1.942666,30.073203,Electrical Systems,1,-1.943564,30.109054,3.99,3.1,1,1,Gasabo,0
-2.243408,30.221622,Engine Repair,3,-1.983176,30.320376,30.95,3.5,0,0,Bugesera,0
-1.927689,30.04006,Tire & Wheel,1,-1.933062,30.120133,8.92,3.3,0,1,Gasabo,1
-1.868837,30.118434,Transmission Repair,1,-1.843243,30.11574,2.86,3.7,0,1,Gasabo,1
-1.966957,30.024309,Air Conditioning,1,-1.901143,30.02001,7.33,4.3,0,1,Nyarugenge,0
-2.640182,29.772628,Welding,1,-2.5925279,29.7320074,6.96,3.6,0,0,Huye,1
-1.989821,30.390254,Brake System,3,-1.924055,30.517431,15.91,4.3,0,0,Rwamagana,1
-1.714502,30.100237,Oil Change,1,-1.780005,30.149309,9.1,4.4,0,1,Rulindo,1
-2.055442,29.760976,Exhaust System,3,-2.045719,29.733042,3.29,4.4,1,0,Muhanga,1
-1.734362,30.127622,Air Conditioning,1,-1.685952,29.9791,17.36,4.8,1,1,Rulindo,0
-2.579559,29.681783,Transmission Repair,1,-2.599688,29.682224,2.24,4.9,0,0,Huye,1
-2.32481,30.687635,Brake System,1,-2.150069,30.797342,22.94,4.5,0,1,Kirehe,0
-2.207559,30.478748,Tire & Wheel,1,-2.137906,30.580346,13.69,4.3,1,0,Ngoma,1
-1.626914,29.950025,Engine Repair,1,-1.504018,30.104869,21.98,3.8,0,0,Gicumbi,0
-1.939099,30.083505,Electrical Systems,1,-1.995131,30.032863,8.4,4.3,0,0,Gasabo,0
-1.929939,30.488669,Brake System,3,-1.918569,30.43821,5.75,4.9,1,0,Rwamagana,0
